{"type":"FeatureCollection","features":[{"type":"Feature","geometry":{"type":"Polygon","coordinates":[[[-122.59393700015578,38.440052000116566],[-122.59399700043022,38.44002500034748],[-122.59391299986632,38.43991500008918],[-122.59390199999567,38.43990299993574],[-122.59383099985055,38.43982599978315],[-122.59373999961394,38.43974100013152],[-122.59364000005486,38.439662999965854],[-122.59354799999332,38.43960900012654],[-122.59345900030489,38.43955699993035],[-122.59341400009902,38.43953499989016],[-122.59334999962662,38.439503999854175],[-122.59323400017398,38.43944900005268],[-122.59315700018108,38.43941799997978],[-122.59309199988377,38.43939299966163],[-122.59296899986012,38.43934599994066],[-122.59292600020241,38.43932700007471],[-122.59243699958253,38.43911699996423],[-122.59227400027423,38.43904700002619],[-122.59211000024271,38.43897799987005],[-122.59171100003455,38.43880899972911],[-122.59162399999592,38.43876499988983],[-122.5915820001631,38.43874400016497],[-122.5914619996142,38.43869399975676],[-122.59133899959056,38.43864899999301],[-122.59130799962843,38.43863800018723],[-122.59116399968836,38.43859699980893],[-122.59101700027361,38.43856500021825],[-122.59096100019708,38.43856399965912],[-122.59091000014347,38.43856399965912],[-122.59083200032565,38.438571999910046],[-122.59074000026415,38.4385909999747],[-122.59065999989822,38.438616999721795],[-122.59058399973024,38.438650999701636],[-122.59052900037697,38.43868299995784],[-122.59049300039197,38.43871600005321],[-122.59045099966083,38.438756999660285],[-122.5903209999645,38.43891000020231],[-122.59017000035176,38.439141999674376],[-122.59012299959778,38.439195000016284],[-122.59006700041962,38.4392440002314],[-122.59002399986359,38.43926800005177],[-122.58996799978709,38.43928799977873],[-122.5899130004338,38.43929900018909],[-122.58985499980919,38.43930000003441],[-122.58979899973268,38.43929299970962],[-122.58964200027216,38.439257000340305],[-122.58927800022408,38.4391760001106],[-122.58910499997174,38.43913599988545],[-122.58880500039608,38.43906699981438],[-122.58858600011295,38.43901900003196],[-122.58841299986058,38.438981999972704],[-122.58839699996707,38.43897799987005],[-122.5883519997612,38.43896600026447],[-122.58833699969263,38.438963000010965],[-122.58808800017059,38.43889899973266],[-122.58796000012407,38.43886800012721],[-122.58781500035911,38.438834000249564],[-122.58775599990959,38.43881799980489],[-122.58755900026607,38.43919099992547],[-122.5873209997164,38.43918900023175],[-122.5875180002582,38.43924599992354],[-122.58758100000739,38.43926099972388],[-122.58806999972893,38.439381999969164],[-122.58808200032281,38.439383999657544],[-122.58811800030782,38.43939299966163],[-122.5881300000034,38.43939599989727],[-122.58825999969973,38.43942600013606],[-122.58865300006009,38.439516000074015],[-122.58878399958137,38.43954600026288],[-122.58919399966018,38.43964300034279],[-122.59042399989667,38.43993399980036],[-122.59083399997549,38.440031000062476],[-122.59101600044869,38.4400739999992],[-122.59156299989655,38.44020500002473],[-122.59174600019463,38.440248999689935],[-122.59223900011415,38.44036599966067],[-122.59291500033174,38.440527000344765],[-122.59336600041847,38.44031800003843],[-122.5937000003293,38.440164999666145],[-122.59375899988052,38.44013600027184],[-122.59393700015578,38.440052000116566]]]},"properties":{"GEOID":"060971516012024"}},{"type":"Feature","geometry":{"type":"Polygon","coordinates":[[[-122.63025700010537,38.45703800030166],[-122.63028399986953,38.45702600018148],[-122.62982100008726,38.45679800033239],[-122.6288169998066,38.45630500025926],[-122.6285359995992,38.456215999764346],[-122.6286910003082,38.45635499972248],[-122.62929100035782,38.45668500009386],[-122.62993400006516,38.456996000223974],[-122.63008800005096,38.457070999742584],[-122.63025700010537,38.45703800030166]]]},"properties":{"GEOID":"060971516012029"}},{"type":"Feature","geometry":{"type":"Polygon","coordinates":[[[-122.60679599986732,38.44364800006299],[-122.6068019997151,38.44349799977848],[-122.60678599982158,38.44326700002522],[-122.60677599977582,38.44302499969184],[-122.60674999983658,38.44287600001912],[-122.60670499963071,38.4427809996564],[-122.60657999995725,38.44245500033465],[-122.6064629997814,38.442492000020934],[-122.60614499976406,38.442573000047666],[-122.60574800010403,38.44269299986804],[-122.60579699960951,38.44281499978578],[-122.60584500018841,38.442958000113165],[-122.6058860001963,38.44314900003963],[-122.60590299991475,38.443303999998875],[-122.60590600028777,38.44345499977079],[-122.60589100021917,38.443664999925446],[-122.60581800042422,38.44397100028328],[-122.60579999998258,38.4440160002472],[-122.6057380000583,38.44416900019601],[-122.60567100011113,38.4443059998887],[-122.60561599985954,38.44439500029956],[-122.60638800033662,38.44472400001967],[-122.60645000026089,38.44463899980365],[-122.6065060003374,38.44454800014847],[-122.60662299961493,38.444346000063206],[-122.6067110003768,38.444084999808986],[-122.60676599973007,38.443843999889864],[-122.60679599986732,38.44364800006299]]]},"properties":{"GEOID":"060971516011003"}},{"type":"Feature","geometry":{"type":"Polygon","coordinates":[[[-122.59196999960231,38.43162700025301],[-122.59192299974666,38.43158999992374],[-122.59153799978218,38.43120699966182],[-122.59140999973566,38.43109899995937],[-122.59127500001645,38.431006000203475],[-122.59125499992497,38.43099499993686],[-122.59111400035799,38.43091900009636],[-122.59099999965682,38.43087099982251],[-122.59087300033354,38.43082700007126],[-122.59074799976177,38.43077699980959],[-122.59070400027915,38.43076199965397],[-122.59019799994087,38.4305920000182],[-122.59001999966561,38.43052999999346],[-122.58979000041015,38.430448999824215],[-122.5897510000521,38.43043500027227],[-122.58901499956005,38.430187000018506],[-122.58894299959002,38.43015600019075],[-122.58891300035108,38.4301439998226],[-122.58878100010664,38.43007199968271],[-122.58869599971781,38.43001699973272],[-122.58848900002859,38.43017900024585],[-122.58835799960902,38.43028400000634],[-122.58800600015482,38.43054900006346],[-122.58790499987249,38.43061399996877],[-122.58785200016904,38.430640999739026],[-122.58775599990959,38.430692000059416],[-122.58761399961934,38.43075000009023],[-122.5874909995957,38.43078600018299],[-122.58745100031103,38.430798999703796],[-122.5872019998907,38.43091900009636],[-122.58714300033947,38.43095100026117],[-122.5870320000114,38.43101399988451],[-122.58698299960759,38.431044000087944],[-122.58692499988126,38.43109100028774],[-122.58679000016204,38.431215000024295],[-122.58676300039788,38.4312420002735],[-122.58666499959024,38.43134999976208],[-122.58657699972673,38.4314620003121],[-122.58646499957372,38.43158200030652],[-122.58637099986241,38.431697000348585],[-122.58628700019682,38.43181600000351],[-122.58621199985373,38.43193800000789],[-122.58620000015819,38.43195100002506],[-122.58599500011874,38.4321910003002],[-122.58617199967075,38.43229599994985],[-122.58634900012109,38.4324940002208],[-122.58651300015259,38.43271200009013],[-122.58685600028429,38.43319600013285],[-122.58717199975347,38.433623999805384],[-122.58718400034734,38.43363900007015],[-122.58736099989935,38.43385199969351],[-122.58749499979365,38.43399500018487],[-122.587335999785,38.43406699993143],[-122.58685999958394,38.43428699980674],[-122.5867020002985,38.43436099979324],[-122.58679000016204,38.4345069997153],[-122.58680500023067,38.43454800030546],[-122.58683899966755,38.43463299973847],[-122.58686299995699,38.43476399978632],[-122.5868649996068,38.43484200031962],[-122.58686200013207,38.4348950003001],[-122.58684700006347,38.43498199983858],[-122.58680799970541,38.43510400012281],[-122.58677500009344,38.435168000247195],[-122.58673499991048,38.435249999949754],[-122.58666799996332,38.435353000276606],[-122.58670399994833,38.43537299968089],[-122.58673599973538,38.43538499988369],[-122.5867590001999,38.43539399968266],[-122.58681899957607,38.435424000177285],[-122.58694400014784,38.43547499993398],[-122.58701399956973,38.435504999691226],[-122.58727700023375,38.435592999798594],[-122.587335999785,38.43560499996488],[-122.58739500023455,38.43563600026783],[-122.5874339996943,38.43567999990326],[-122.58745700015882,38.435712999964075],[-122.58746200018169,38.43575599965818],[-122.58745100031103,38.43578500010834],[-122.58736099989935,38.43590200027763],[-122.5872510002945,38.43603400002444],[-122.58712800027085,38.43619499981538],[-122.58701600011787,38.43634399990953],[-122.58697500010997,38.43642300002828],[-122.58690899998773,38.436576999770885],[-122.58690399996486,38.43659200012574],[-122.58687100035291,38.436698000293106],[-122.58680000020777,38.43704599968187],[-122.5867879996139,38.43712999981681],[-122.58676500004769,38.437312999998575],[-122.58675300035215,38.43753899975584],[-122.58669300007769,38.43799799970992],[-122.58666499959024,38.438102000199976],[-122.58663299980321,38.43816900006421],[-122.58661299971173,38.43819699968449],[-122.58648700021335,38.43838499996976],[-122.58667200016127,38.4384630001091],[-122.58684600023854,38.43853000034193],[-122.58692200040652,38.43856000023698],[-122.58717599995144,38.43864800013868],[-122.58754500002239,38.43876200033155],[-122.58775599990959,38.43881799980489],[-122.59013400036676,38.4342510000521],[-122.59196999960231,38.43162700025301]],[[-122.5891440003298,38.43168900003951],[-122.58913199973593,38.431760000024774],[-122.58911099981952,38.43180299996208],[-122.58907999985736,38.431842000079435],[-122.58901700010817,38.431889999707764],[-122.58887700036608,38.43196100019904],[-122.58867700034958,38.43206400029212],[-122.58857500024233,38.432096999894576],[-122.58843299995208,38.4321280002964],[-122.58840700001282,38.43212199992461],[-122.58833300039296,38.432093000114186],[-122.58829200038507,38.43206400029212],[-122.58825899987481,38.43202900007883],[-122.5882360003086,38.43198199978587],[-122.58820699999627,38.43192200014596],[-122.58815599994264,38.4317759999226],[-122.58811400010985,38.431708999755],[-122.58804899981253,38.43160399995547],[-122.58796799962165,38.43150099990993],[-122.58791499991823,38.43142200003509],[-122.58787499973525,38.43130800021472],[-122.5878620002148,38.43123000008582],[-122.58786999971238,38.43114500016512],[-122.58788700032915,38.431097000041554],[-122.5879140000933,38.43106699986015],[-122.58793500000972,38.43105199976477],[-122.58805300001048,38.43101299992444],[-122.58815099991978,38.43100099969865],[-122.58822000041506,38.431003000322825],[-122.58828499981406,38.43101399988451],[-122.5883769998756,38.431046000007214],[-122.58844999967053,38.43109100028774],[-122.58868400002225,38.43134300007378],[-122.58882100028961,38.431436000099396],[-122.58893900029038,38.43150099990993],[-122.58905700029115,38.43155400023182],[-122.58909699957582,38.43158500016311],[-122.58913000008607,38.43163100005927],[-122.5891440003298,38.43168900003951]]]},"properties":{"GEOID":"060971516013003"}},{"type":"Feature","geometry":{"type":"Polygon","coordinates":[[[-122.60909499978345,38.445292000226026],[-122.60909899998143,38.44523300015376],[-122.60909399995856,38.44515300006219],[-122.60907899988993,38.44509399987631],[-122.60905499960047,38.445026000341564],[-122.60901199994277,38.4449619998104],[-122.60887399985054,38.444804999652256],[-122.60873499993335,38.44465799967854],[-122.60851099962736,38.44446199995142],[-122.6084079996952,38.4443920002717],[-122.60832900005248,38.444340000003294],[-122.6082379998159,38.44427300023818],[-122.60820400037902,38.44425299978164],[-122.6081469995793,38.44423699983461],[-122.60806700011167,38.444232000246174],[-122.6080050001874,38.444243999679976],[-122.60794999993583,38.44427000020519],[-122.60788399981355,38.444333000167234],[-122.60785200002653,38.44438199970882],[-122.60782400043742,38.44444900007634],[-122.60779199975205,38.44455499996368],[-122.60776099978992,38.444677000251964],[-122.60772999982778,38.444803000114106],[-122.60771499975917,38.44489599968697],[-122.60772499980492,38.44498400030722],[-122.60773599967557,38.44503699987749],[-122.60779599995001,38.44514499983712],[-122.60786200007226,38.44521699972041],[-122.60793499986718,38.445257000093605],[-122.60801600005806,38.445310000166955],[-122.60813499988373,38.445369999937505],[-122.60827100032618,38.44540899976164],[-122.60834400012111,38.44541999994276],[-122.60846499959662,38.44543199988252],[-122.60860799971174,38.44543799985171],[-122.60876099987262,38.44544200029991],[-122.60884899973617,38.445449999788536],[-122.6089140000335,38.44544300006013],[-122.60895500004139,38.445429999658174],[-122.60900600009501,38.445401000268454],[-122.60903799988206,38.44537500015064],[-122.6090770002401,38.445331000092295],[-122.60909499978345,38.445292000226026]]]},"properties":{"GEOID":"060971516011002"}},{"type":"Feature","geometry":{"type":"Polygon","coordinates":[[[-122.58697500010997,38.43642300002828],[-122.58693300027718,38.43641299976863],[-122.58690599961469,38.43640900022733],[-122.58680400040575,38.43639499971995],[-122.5867159996439,38.4363939998344],[-122.58669800010054,38.43639499971995],[-122.58662899960527,38.43640200032581],[-122.5865419995666,38.43642900004269],[-122.58625500040976,38.43653000032746],[-122.58619099993734,38.43655000010936],[-122.58566500040588,38.436717000147326],[-122.58557900019215,38.436751000318424],[-122.5855270003136,38.436777999904784],[-122.58546799986408,38.436819999788575],[-122.58541699981043,38.436868000329476],[-122.58537699962748,38.436917999891435],[-122.58527600024345,38.437061999815654],[-122.5851089998389,38.437312999998575],[-122.58485500029398,38.43769899984122],[-122.5850610001583,38.43778499965268],[-122.58568200012432,38.43804299987948],[-122.58588899981355,38.43813099970775],[-122.58600799963925,38.43818099980227],[-122.58636699966443,38.43833400015786],[-122.58648700021335,38.43838499996976],[-122.58661299971173,38.43819699968449],[-122.58663299980321,38.43816900006421],[-122.58666499959024,38.438102000199976],[-122.58669300007769,38.43799799970992],[-122.58675300035215,38.43753899975584],[-122.58676500004769,38.437312999998575],[-122.5867879996139,38.43712999981681],[-122.58680000020777,38.43704599968187],[-122.58687100035291,38.436698000293106],[-122.58690399996486,38.43659200012574],[-122.58690899998773,38.436576999770885],[-122.58697500010997,38.43642300002828]]]},"properties":{"GEOID":"060971516013002"}},{"type":"Feature","geometry":{"type":"Polygon","coordinates":[[[-122.59547399964059,38.44033599981253],[-122.59556499987718,38.44018200034899],[-122.59543099998288,38.44012800019429],[-122.59524299966189,38.440052000116566],[-122.59514700030076,38.440004000285526],[-122.59505699988907,38.43994800032498],[-122.59504500019348,38.43993899968652],[-122.5949749998733,38.43988599989086],[-122.5949330000405,38.43984900027595],[-122.5947349996738,38.43963799973256],[-122.59457800021329,38.439471000119035],[-122.59434300003662,38.43919300032272],[-122.59428000028745,38.43913599988545],[-122.59417099960919,38.439061999867874],[-122.59411999955557,38.439037000130014],[-122.59409000031665,38.43902200028319],[-122.5938540003151,38.43892699977344],[-122.59376499972831,38.439047999874994],[-122.59350100013769,38.439413000057534],[-122.59341400009902,38.43953499989016],[-122.59345900030489,38.43955699993035],[-122.59354799999332,38.43960900012654],[-122.59364000005486,38.439662999965854],[-122.59373999961394,38.43974100013152],[-122.59383099985055,38.43982599978315],[-122.59390199999567,38.43990299993574],[-122.59391299986632,38.43991500008918],[-122.59399700043022,38.44002500034748],[-122.59403300041522,38.44007800004107],[-122.59412799995147,38.440188000050924],[-122.59420199957131,38.44025400025789],[-122.59426299967069,38.440297000061726],[-122.59432700014311,38.44034200020535],[-122.59440999998378,38.440373999711895],[-122.5945649997945,38.440425000193436],[-122.59480800036702,38.440486000335724],[-122.59489100020771,38.440507000257455],[-122.59502199972898,38.4405339998463],[-122.59515499979837,38.440552000270216],[-122.59521400024789,38.44055399992613],[-122.5952900004159,38.44053899969085],[-122.5953349997234,38.440517999778486],[-122.59535900001285,38.440500999878395],[-122.59538599977704,38.44048300014539],[-122.59541900028732,38.44044699996233],[-122.59547399964059,38.44033599981253]]]},"properties":{"GEOID":"060971516012025"}},{"type":"Feature","geometry":{"type":"Polygon","coordinates":[[[-122.61616099958631,38.44659000016645],[-122.61620499996727,38.446482000258534],[-122.61595600044522,38.446408000032875],[-122.61582000000278,38.44636099995474],[-122.61572000044367,38.446327000088715],[-122.61544000006121,38.44621899978717],[-122.61538999983249,38.446196999666874],[-122.61526299961088,38.44614299979081],[-122.6146869998507,38.445943999911805],[-122.61463999999502,38.445928000339656],[-122.61431000028213,38.445805000300204],[-122.61393399964021,38.44566400020296],[-122.61392199994465,38.445659999767074],[-122.61344200044391,38.44549099979215],[-122.61292600005989,38.44528799976951],[-122.61281300008199,38.4452309999239],[-122.6126580002713,38.445132999849584],[-122.61248500001894,38.44499900032229],[-122.61227099975869,38.44516400028233],[-122.61220600035968,38.44520000022351],[-122.61214799973501,38.44523399991689],[-122.61203399993222,38.44526500030626],[-122.61195600011443,38.44527899979687],[-122.6111950004063,38.4453739996859],[-122.61085399992446,38.44541799971807],[-122.6107729997336,38.44542800013734],[-122.6106670003267,38.44543799985171],[-122.61015000011774,38.44549200025527],[-122.61010599973682,38.445495000237415],[-122.60991900013907,38.4455089996834],[-122.60991499994113,38.4457540001022],[-122.60991699959094,38.44578399980916],[-122.60992599981178,38.44586499965923],[-122.60994599990326,38.445946999875204],[-122.6099769998654,38.44602699979017],[-122.61001799987329,38.446105000114386],[-122.61006100042928,38.44616599967783],[-122.6100839999955,38.44619800012021],[-122.61013500004917,38.446257000107146],[-122.61024700020215,38.446357000260996],[-122.61036699985273,38.44643699972153],[-122.61037600007354,38.44644300031067],[-122.61047099960979,38.44649199982687],[-122.6106189997478,38.446548000338716],[-122.61074099994654,38.44659000016645],[-122.61110900019257,38.44671900013784],[-122.61123200021625,38.44676200031153],[-122.6115119997004,38.446874999909696],[-122.61152599994408,38.44688099975886],[-122.61176199994566,38.446948999656506],[-122.61190500006079,38.446977999831326],[-122.61205099965065,38.44700100015574],[-122.61215899960568,38.44702399976932],[-122.61239499960722,38.447090000057386],[-122.61262300011116,38.44717399976107],[-122.61267800036276,38.447199000198445],[-122.61276799987611,38.44723999991195],[-122.61289199972471,38.44730699973693],[-122.61306199960401,38.44741499981729],[-122.613694000339,38.447717999864054],[-122.61389500018043,38.44777799974332],[-122.61397100034844,38.44779599976772],[-122.6141939999312,38.4478620000533],[-122.61439300012282,38.44793999980133],[-122.61459999981204,38.447650999717155],[-122.61465000004075,38.44759700022549],[-122.61471100014013,38.447545000155706],[-122.61481700044534,38.447485999814695],[-122.61487799964641,38.44745900001218],[-122.61495800001235,38.44742900029795],[-122.6152919999232,38.44732900022241],[-122.61542800036563,38.4472740000514],[-122.61561300031353,38.44718000028894],[-122.61572700011637,38.44710800025339],[-122.61586600003355,38.44698899977324],[-122.61601400017155,38.44683600017421],[-122.61610700005797,38.44669400023774],[-122.61616099958631,38.44659000016645]]]},"properties":{"GEOID":"060971516011001"}},{"type":"Feature","geometry":{"type":"Polygon","coordinates":[[[-122.61248500001894,38.44499900032229],[-122.61232600001027,38.44487000009081],[-122.61224999984226,38.44480799966295],[-122.61200600034311,38.44459500000018],[-122.61192199977921,38.4445269999953],[-122.61186099967985,38.444474000050526],[-122.61170699969406,38.44434099977878],[-122.6114770004386,38.444512999655245],[-122.61132699975246,38.4446100000961],[-122.61130699966098,38.44461900015218],[-122.61123300004114,38.44464600031361],[-122.6111669999189,38.44465900015321],[-122.61109900014684,38.44466399971202],[-122.61101399975801,38.44466200016997],[-122.61095900040475,38.44465000010212],[-122.6109350001153,38.44464499983876],[-122.61088700043472,38.44462299994219],[-122.61086300014527,38.44460700007718],[-122.61061100025023,38.4444159997876],[-122.61044399984563,38.444276000270975],[-122.61018399955464,38.44403399980273],[-122.60987399993323,38.443776999664315],[-122.60950999988515,38.443460999904275],[-122.60934699967855,38.443314000007526],[-122.60911099967701,38.44312299981414],[-122.6090410002551,38.44307199983167],[-122.60901199994277,38.443043999991566],[-122.60897500013287,38.44300900017613],[-122.60890399998776,38.44292000016698],[-122.60886600035292,38.44285100019502],[-122.60885299993413,38.44281099989557],[-122.60883600021567,38.442724999739546],[-122.60883399966754,38.44265300018463],[-122.6088439997133,38.442598999767675],[-122.60893599977481,38.44235600020594],[-122.60893800032295,38.44227400013163],[-122.6088150002993,38.442245000177394],[-122.6086539997425,38.442209000169505],[-122.60850800015263,38.442184999919746],[-122.60844500040344,38.44217899968018],[-122.60831999983166,38.4421679997087],[-122.60822799977015,38.44216500029183],[-122.60813700043187,38.44216299997694],[-122.6079549999587,38.44217000002345],[-122.60786399972207,38.442173999949176],[-122.60790599955487,38.44251300006266],[-122.60791800014874,38.44261899997894],[-122.60795099976072,38.44289200026786],[-122.60804899966999,38.44313299984781],[-122.60819299961005,38.44332799987656],[-122.60834300029619,38.44348199966408],[-122.60853200044207,38.443651000121775],[-122.60861000025987,38.44371300013636],[-122.60868399987974,38.44377200004406],[-122.60895300039155,38.44400400007194],[-122.6092449995713,38.44425500003861],[-122.60928800012731,38.44429299998552],[-122.60937099996798,38.44435699970276],[-122.60954000002238,38.44449900001605],[-122.60965899984811,38.44460799984897],[-122.60978199987174,38.44473399983158],[-122.60983700012332,38.44479300031176],[-122.60989700039778,38.44488399965803],[-122.60992400016194,38.44494900002538],[-122.60994000005549,38.44502499987198],[-122.60994500007834,38.4451280003232],[-122.60993699968242,38.445361999736434],[-122.60991900013907,38.4455089996834],[-122.61010599973682,38.445495000237415],[-122.61015000011774,38.44549200025527],[-122.6106670003267,38.44543799985171],[-122.6107729997336,38.44542800013734],[-122.61085399992446,38.44541799971807],[-122.6111950004063,38.4453739996859],[-122.61195600011443,38.44527899979687],[-122.61203399993222,38.44526500030626],[-122.61214799973501,38.44523399991689],[-122.61220600035968,38.44520000022351],[-122.61227099975869,38.44516400028233],[-122.61248500001894,38.44499900032229]]]},"properties":{"GEOID":"060971516011006"}},{"type":"Feature","geometry":{"type":"Polygon","coordinates":[[[-122.5844269997735,38.43682300013115],[-122.58446799978137,38.43675900006661],[-122.58431200014576,38.43669300018247],[-122.58391200011268,38.43652400032149],[-122.58384699981535,38.43649500016813],[-122.58369399965447,38.43642700027251],[-122.58335899991872,38.43628999969843],[-122.5831179998943,38.43619300003872],[-122.58235600036127,38.435877000149134],[-122.58230000028476,38.43585399979807],[-122.58201700042756,38.43575399986936],[-122.58175999961131,38.436204000217046],[-122.58172100015155,38.43629399994999],[-122.58171799977852,38.43631200002385],[-122.58171899960341,38.43632300018404],[-122.58172100015155,38.436345999682004],[-122.58174700009083,38.43639600030915],[-122.58177200020518,38.43641600012817],[-122.5827940000292,38.43683500009294],[-122.58346100002595,38.4371150002774],[-122.58405699987763,38.43736600027605],[-122.58412499964969,38.43724899966477],[-122.5841310003958,38.43723900022319],[-122.5843859997656,38.43688000028378],[-122.5844269997735,38.43682300013115]]]},"properties":{"GEOID":"060971516013000"}},{"type":"Feature","geometry":{"type":"Polygon","coordinates":[[[-122.59376499972831,38.439047999874994],[-122.5938540003151,38.43892699977344],[-122.59355800003908,38.43880200006035],[-122.59303199960931,38.438580000160094],[-122.59267500013223,38.43842400004996],[-122.59238200022929,38.43829699974746],[-122.59205099979319,38.43815700032411],[-122.59179200022541,38.43804700003389],[-122.59168599992019,38.4379959999832],[-122.59151100001802,38.437930999686984],[-122.59138899981927,38.43789799993637],[-122.59126400014581,38.43787299979545],[-122.5911369999242,38.437855999976115],[-122.59102899996917,38.4378500000803],[-122.59100800005277,38.437849000214904],[-122.59081100040927,38.43785199981111],[-122.59067199959377,38.43786600003589],[-122.59071299960166,38.438004000297035],[-122.59073199986823,38.43806799996151],[-122.59078000044714,38.438269000165974],[-122.59080700021131,38.438429000040706],[-122.59083200032565,38.438571999910046],[-122.59091000014347,38.43856399965912],[-122.59096100019708,38.43856399965912],[-122.59101700027361,38.43856500021825],[-122.59116399968836,38.43859699980893],[-122.59130799962843,38.43863800018723],[-122.59133899959056,38.43864899999301],[-122.5914619996142,38.43869399975676],[-122.5915820001631,38.43874400016497],[-122.59162399999592,38.43876499988983],[-122.59171100003455,38.43880899972911],[-122.59211000024271,38.43897799987005],[-122.59227400027423,38.43904700002619],[-122.59243699958253,38.43911699996423],[-122.59292600020241,38.43932700007471],[-122.59296899986012,38.43934599994066],[-122.59309199988377,38.43939299966163],[-122.59315700018108,38.43941799997978],[-122.59323400017398,38.43944900005268],[-122.59334999962662,38.439503999854175],[-122.59341400009902,38.43953499989016],[-122.59350100013769,38.439413000057534],[-122.59376499972831,38.439047999874994]]]},"properties":{"GEOID":"060971516012026"}},{"type":"Feature","geometry":{"type":"Polygon","coordinates":[[[-122.62236699994689,38.451557999906186],[-122.62219500041775,38.45120699968307],[-122.62207599969375,38.451035999966],[-122.6220589999753,38.451011999837526],[-122.6218880002711,38.45080400003119],[-122.62170199959994,38.45061099988085],[-122.62158799979713,38.45050699982641],[-122.62140100019938,38.45036200029856],[-122.62128700039655,38.4502870001373],[-122.62103600032638,38.45013000030719],[-122.6208349995866,38.449994000111076],[-122.62070300024044,38.4498980002735],[-122.62063999959292,38.44985200005687],[-122.62023200006227,38.4495290001266],[-122.62007700025157,38.449631999777864],[-122.61986299999133,38.44977599966541],[-122.61970099960959,38.44985799965859],[-122.61961000027132,38.44989100027299],[-122.61959100000477,38.449899999670485],[-122.61949200027053,38.44995000005477],[-122.61943000034626,38.449992000013175],[-122.61938900033836,38.45002499986276],[-122.61932900006394,38.45009499970705],[-122.61928700023114,38.45016199969536],[-122.61925600026899,38.45023200011026],[-122.61923500035259,38.450305000239396],[-122.61922600013177,38.450383000160876],[-122.61923600017751,38.4504830002255],[-122.61927100033762,38.45058100006996],[-122.61931599964515,38.45065300015799],[-122.61935900020116,38.4507009999423],[-122.61939400036125,38.45074100008986],[-122.61945700011047,38.45079299996721],[-122.61955699966956,38.45085399978908],[-122.61990499982412,38.45100799969809],[-122.62038799969788,38.45122899968307],[-122.62121100022857,38.45159400017523],[-122.62130900013787,38.451624999943114],[-122.62146300012365,38.4516579997494],[-122.62156900042883,38.451668999681516],[-122.62172900026243,38.451668999681516],[-122.62183399984441,38.45165700007527],[-122.62236699994689,38.451557999906186]]]},"properties":{"GEOID":"060971516011004"}},{"type":"Feature","geometry":{"type":"Polygon","coordinates":[[[-122.58755900026607,38.43919099992547],[-122.58775599990959,38.43881799980489],[-122.58754500002239,38.43876200033155],[-122.58717599995144,38.43864800013868],[-122.58692200040652,38.43856000023698],[-122.58684600023854,38.43853000034193],[-122.58667200016127,38.4384630001091],[-122.58648700021335,38.43838499996976],[-122.58636699966443,38.43833400015786],[-122.58600799963925,38.43818099980227],[-122.58588899981355,38.43813099970775],[-122.58568200012432,38.43804299987948],[-122.5850610001583,38.43778499965268],[-122.58485500029398,38.43769899984122],[-122.5846949995621,38.43763200024444],[-122.58421599988627,38.43743200024853],[-122.58405699987763,38.43736600027605],[-122.58346100002595,38.4371150002774],[-122.5827940000292,38.43683500009294],[-122.58177200020518,38.43641600012817],[-122.58174700009083,38.43639600030915],[-122.58172100015155,38.436345999682004],[-122.58171899960341,38.43632300018404],[-122.58171799977852,38.43631200002385],[-122.58172100015155,38.43629399994999],[-122.58175999961131,38.436204000217046],[-122.58201700042756,38.43575399986936],[-122.5824650001412,38.435045000166824],[-122.58251700001975,38.4349640001368],[-122.58330600021526,38.43373600034655],[-122.58349399963794,38.43340699980181],[-122.58366299969231,38.43307799986902],[-122.58374999973095,38.43288799996929],[-122.58378800026411,38.43280900020451],[-122.58381400020338,38.43276099977969],[-122.58383400029486,38.432699000209965],[-122.58384099996756,38.43260900021777],[-122.58382300042419,38.432520999991745],[-122.58380099978459,38.43247300007918],[-122.58376099960161,38.43241300014357],[-122.5837160002941,38.432365000159216],[-122.58359200044552,38.4322869997647],[-122.583492999813,38.432233000037655],[-122.58335100042113,38.432168000182365],[-122.58322199965136,38.432120000035084],[-122.58315700025236,38.43209899978474],[-122.58215100032189,38.431693999792984],[-122.58181599968778,38.43155899999464],[-122.58160599962551,38.431473999757564],[-122.58097600033699,38.43121899985338],[-122.58076600027468,38.43113499987813],[-122.58063599968001,38.43130500034667],[-122.58059499967214,38.43136900032003],[-122.58052199987722,38.43148399999762],[-122.58045900012803,38.43160699981115],[-122.58037899976208,38.431745000073356],[-122.58016200002712,38.43212299986933],[-122.580090999882,38.432248999830676],[-122.58001600043723,38.43237400033463],[-122.57994000026925,38.43249899991854],[-122.57971599996326,38.43287699998938],[-122.5796409996202,38.433003999974886],[-122.57934699989231,38.43349499965164],[-122.57867099967471,38.43462599966481],[-122.57847200038141,38.434972000083],[-122.57818699997604,38.43546899984028],[-122.57858399963608,38.43562799969154],[-122.5790060003088,38.43579900003034],[-122.57977100021488,38.43611799992954],[-122.58016600022508,38.43628399967247],[-122.58023900002001,38.436312999910534],[-122.58045900012803,38.43640200032581],[-122.58053299974787,38.43643199969791],[-122.58103300023838,38.436634999999974],[-122.58156799999065,38.436852000152705],[-122.58195700015311,38.43702000007264],[-122.5846600003003,38.43814599973972],[-122.58569200017004,38.438576000035205],[-122.58615599977726,38.43876900000424],[-122.58635499996885,38.438851999690115],[-122.58680199985761,38.43902599967972],[-122.58700000022435,38.43909600034176],[-122.58714400016439,38.43913800028422],[-122.5873209997164,38.43918900023175],[-122.58755900026607,38.43919099992547]],[[-122.5826330003707,38.43279800021261],[-122.58262900017273,38.43288400023266],[-122.58257100044642,38.43296700035128],[-122.58253200008836,38.433015999867806],[-122.58244599987465,38.43311799993235],[-122.5824070004149,38.43316999984078],[-122.5823730000797,38.43322199971181],[-122.58234499959232,38.433276000106595],[-122.58231600017832,38.43334799986645],[-122.5822800001933,38.433442999977274],[-122.58226199975164,38.43349800013239],[-122.58222999996458,38.433601000143966],[-122.58221300024616,38.43364999993391],[-122.58217600043623,38.433741999880574],[-122.5821539997966,38.43378699988824],[-122.58212899968223,38.43383099994686],[-122.58210199991807,38.43387699981953],[-122.5820759999788,38.43392299966283],[-122.58205099986444,38.43397100001884],[-122.582026999575,38.43401799972079],[-122.58197999971932,38.434115000191696],[-122.58195499960497,38.43416299971637],[-122.58192700001587,38.434211999828605],[-122.58189900042679,38.43425999999243],[-122.58187000011448,38.43430999995325],[-122.58183900015234,38.434358999965724],[-122.58180700036529,38.434407999944945],[-122.5817730000301,38.434457999803286],[-122.58173799986999,38.43451000015401],[-122.58170299970988,38.43456400028917],[-122.58166800044809,38.43461900029409],[-122.58163400011293,38.43467500016645],[-122.58154299987632,38.43483600017331],[-122.58146699970834,38.43498099993346],[-122.58136299995128,38.43518200028879],[-122.58133100016423,38.4351890003086],[-122.58134399968469,38.43525199975259],[-122.58129600000412,38.43537500018393],[-122.581196000445,38.435547000315594],[-122.58109699981249,38.43567399982665],[-122.58100800012402,38.43576799979732],[-122.58091699988742,38.43583499971673],[-122.58085199959011,38.43586699981385],[-122.58076600027468,38.43587299987442],[-122.58066099979439,38.43585100011889],[-122.58033299973131,38.435719000037494],[-122.57998700012492,38.4355719998547],[-122.57964800019123,38.435424000177285],[-122.57945400002245,38.43532999975867],[-122.57928999999092,38.435237999724514],[-122.57921200017311,38.435168000247195],[-122.57922300004378,38.43516200012798],[-122.57920200012738,38.43513300013125],[-122.57919399973143,38.43508000032543],[-122.57922899989154,38.43500499976376],[-122.57930500005952,38.434876999872955],[-122.57954100006108,38.43450200015666],[-122.5795710001983,38.43444299970872],[-122.57959299993962,38.43439199992666],[-122.57961999970378,38.4343269999039],[-122.57967400013047,38.43421399966014],[-122.57972400035918,38.43413300010514],[-122.57975299977319,38.434091999983],[-122.57978399973531,38.43404999991956],[-122.57985499988045,38.43396499980015],[-122.57989199969035,38.43391999990343],[-122.57996700003343,38.433823999795386],[-122.58000399984334,38.43377400020168],[-122.58007599981336,38.433670999733216],[-122.58014199993563,38.433564000122594],[-122.5802039998599,38.43345599972343],[-122.58028900024873,38.43329199966849],[-122.58037000043957,38.433127000013904],[-122.5804840002424,38.43290500025474],[-122.58057399975574,38.43275300029221],[-122.58062300015956,38.43266600017893],[-122.58064900009883,38.432624999927455],[-122.58068599990872,38.432567999933916],[-122.58072500026681,38.43251099989533],[-122.58076200007673,38.4324570003358],[-122.58080100043479,38.43240200009135],[-122.58083999989452,38.43234799974662],[-122.5808800000775,38.432292000180475],[-122.5809160000625,38.432244000115624],[-122.58095399969733,38.43219300018776],[-122.58099200023048,38.4321530003157],[-122.58106000000257,38.43212299986933],[-122.58108699976673,38.43211099982801],[-122.58119499972176,38.43212499975872],[-122.58125099979827,38.432146000001545],[-122.58131100007272,38.43217100001456],[-122.58137600037004,38.43219999979365],[-122.58144499996702,38.432229000264755],[-122.58151500028721,38.43225899996339],[-122.58158700025724,38.43228899964955],[-122.58165900022728,38.43231900002696],[-122.5817320000222,38.4323489996882],[-122.58180499981712,38.43237999998183],[-122.58187900033529,38.43241100026215],[-122.58195299995513,38.43244399970608],[-122.58202599975009,38.432475999898756],[-122.5820969998952,38.43250800007725],[-122.58215799999455,38.432535999781955],[-122.58223499998745,38.432570999749494],[-122.58230100010968,38.43260199994781],[-122.58243099980604,38.43266299966361],[-122.5824939995552,38.432692999885624],[-122.58255399982968,38.43272300009512],[-122.58260200040857,38.43275600010015],[-122.5826330003707,38.43279800021261]]]},"properties":{"GEOID":"060971516012019"}},{"type":"Feature","geometry":{"type":"Polygon","coordinates":[[[-122.6114770004386,38.444512999655245],[-122.61170699969406,38.44434099977878],[-122.61138899967675,38.44406800004544],[-122.61043600034803,38.44325000006903],[-122.6101190001556,38.44297800022495],[-122.61002500044428,38.44289499965453],[-122.60986399988748,38.442754000204474],[-122.60973599984095,38.44265899968119],[-122.60968999981023,38.442625000181934],[-122.6096339997337,38.44258899965997],[-122.60950099966433,38.44251099975742],[-122.60936299957206,38.442443999701624],[-122.60929399997511,38.442410000101084],[-122.609082000263,38.44232400017088],[-122.60893800032295,38.44227400013163],[-122.60893599977481,38.44235600020594],[-122.6088439997133,38.442598999767675],[-122.60883399966754,38.44265300018463],[-122.60883600021567,38.442724999739546],[-122.60885299993413,38.44281099989557],[-122.60886600035292,38.44285100019502],[-122.60890399998776,38.44292000016698],[-122.60897500013287,38.44300900017613],[-122.60901199994277,38.443043999991566],[-122.6090410002551,38.44307199983167],[-122.60911099967701,38.44312299981414],[-122.60934699967855,38.443314000007526],[-122.60950999988515,38.443460999904275],[-122.60987399993323,38.443776999664315],[-122.61018399955464,38.44403399980273],[-122.61044399984563,38.444276000270975],[-122.61061100025023,38.4444159997876],[-122.61086300014527,38.44460700007718],[-122.61088700043472,38.44462299994219],[-122.6109350001153,38.44464499983876],[-122.61095900040475,38.44465000010212],[-122.61101399975801,38.44466200016997],[-122.61109900014684,38.44466399971202],[-122.6111669999189,38.44465900015321],[-122.61123300004114,38.44464600031361],[-122.61130699966098,38.44461900015218],[-122.61132699975246,38.4446100000961],[-122.6114770004386,38.444512999655245]]]},"properties":{"GEOID":"060971516011007"}},{"type":"Feature","geometry":{"type":"Polygon","coordinates":[[[-122.59083200032565,38.438571999910046],[-122.59080700021131,38.438429000040706],[-122.59078000044714,38.438269000165974],[-122.59073199986823,38.43806799996151],[-122.59071299960166,38.438004000297035],[-122.59067199959377,38.43786600003589],[-122.5904840001711,38.437901000234184],[-122.59035899959933,38.43793499984761],[-122.59027400010885,38.437965999853766],[-122.59017799984936,38.438001999866835],[-122.59004200030525,38.43806499967067],[-122.58994299967274,38.438123000111595],[-122.58984200028871,38.43819499996323],[-122.58976600012073,38.43825900016202],[-122.58965499979261,38.438375999840005],[-122.58956799975401,38.43850100029079],[-122.58948499991331,38.43864599972632],[-122.58941700014125,38.43878999972183],[-122.58938000033133,38.438868999978496],[-122.5892999999654,38.43909800003801],[-122.58927800022408,38.4391760001106],[-122.58964200027216,38.439257000340305],[-122.58979899973268,38.43929299970962],[-122.58985499980919,38.43930000003441],[-122.5899130004338,38.43929900018909],[-122.58996799978709,38.43928799977873],[-122.59002399986359,38.43926800005177],[-122.59006700041962,38.4392440002314],[-122.59012299959778,38.439195000016284],[-122.59017000035176,38.439141999674376],[-122.5903209999645,38.43891000020231],[-122.59045099966083,38.438756999660285],[-122.59049300039197,38.43871600005321],[-122.59052900037697,38.43868299995784],[-122.59058399973024,38.438650999701636],[-122.59065999989822,38.438616999721795],[-122.59074000026415,38.4385909999747],[-122.59083200032565,38.438571999910046]]]},"properties":{"GEOID":"060971516012027"}},{"type":"Feature","geometry":{"type":"Polygon","coordinates":[[[-122.60590600028777,38.44345499977079],[-122.60590299991475,38.443303999998875],[-122.6058860001963,38.44314900003963],[-122.60584500018841,38.442958000113165],[-122.60579699960951,38.44281499978578],[-122.60574800010403,38.44269299986804],[-122.60539599975152,38.44278399975128],[-122.60523199972002,38.442833000344464],[-122.6051539999022,38.44285699967517],[-122.60505500016798,38.44289200026786],[-122.60499599971844,38.44292400005115],[-122.60490100018221,38.44298599998663],[-122.60475899989198,38.44313599992807],[-122.60457300011913,38.44336499981894],[-122.60437700030056,38.443641999944994],[-122.60424800042912,38.443863999756154],[-122.6043589998589,38.44391199983472],[-122.6045980002335,38.44403300002298],[-122.60477300013567,38.44410600009082],[-122.60491000040305,38.44412500010597],[-122.60499599971844,38.444135999779206],[-122.60512999961274,38.44416200034337],[-122.6052459999637,38.444213000259175],[-122.60542000004095,38.44429999982545],[-122.60561599985954,38.44439500029956],[-122.60567100011113,38.4443059998887],[-122.6057380000583,38.44416900019601],[-122.60579999998258,38.4440160002472],[-122.60581800042422,38.44397100028328],[-122.60589100021917,38.443664999925446],[-122.60590600028777,38.44345499977079]]]},"properties":{"GEOID":"060971516012011"}},{"type":"Feature","geometry":{"type":"Polygon","coordinates":[[[-122.6233260000217,38.45248899993772],[-122.62333199986949,38.452447999688935],[-122.62332099999884,38.45238800017517],[-122.62301999969995,38.451908000158184],[-122.62291400029304,38.451908999828845],[-122.62283399992711,38.45189999997845],[-122.62272000012429,38.45186999999991],[-122.62264800015429,38.45183900033734],[-122.62255199989481,38.45178099966202],[-122.62249199962035,38.45173200021953],[-122.62241700017562,38.451648000193444],[-122.62236699994689,38.451557999906186],[-122.62183399984441,38.45165700007527],[-122.62172900026243,38.451668999681516],[-122.62156900042883,38.451668999681516],[-122.62146300012365,38.4516579997494],[-122.62130900013787,38.451624999943114],[-122.62121100022857,38.45159400017523],[-122.62038799969788,38.45122899968307],[-122.61990499982412,38.45100799969809],[-122.61955699966956,38.45085399978908],[-122.61945700011047,38.45079299996721],[-122.61939400036125,38.45074100008986],[-122.61935900020116,38.4507009999423],[-122.61931599964515,38.45065300015799],[-122.61927100033762,38.45058100006996],[-122.61923600017751,38.4504830002255],[-122.61922600013177,38.450383000160876],[-122.61923500035259,38.450305000239396],[-122.61925600026899,38.45023200011026],[-122.61928700023114,38.45016199969536],[-122.61932900006394,38.45009499970705],[-122.61938900033836,38.45002499986276],[-122.61943000034626,38.449992000013175],[-122.61949200027053,38.44995000005477],[-122.61959100000477,38.449899999670485],[-122.61961000027132,38.44989100027299],[-122.61970099960959,38.44985799965859],[-122.61986299999133,38.44977599966541],[-122.62007700025157,38.449631999777864],[-122.62023200006227,38.4495290001266],[-122.61991200039512,38.44925999985231],[-122.61979199984621,38.449153999840156],[-122.61964200005838,38.449068000207035],[-122.61958099995901,38.449039999879],[-122.61944700006471,38.44897800021944],[-122.61924000037548,38.4489059998672],[-122.6190239995671,38.4488519999076],[-122.61887700015232,38.448827000042876],[-122.61847299992127,38.44877899971553],[-122.6183470004229,38.44875599995778],[-122.61822500022414,38.44872499966089],[-122.61804899959877,38.44866299973076],[-122.61799300042055,38.44863799980055],[-122.61764299971787,38.4484509999075],[-122.61754200033386,38.448407000317445],[-122.61737999995213,38.44835599984765],[-122.61726799979913,38.44833299995509],[-122.61725600010358,38.44833099981114],[-122.61715399999633,38.44831799992942],[-122.61703900036862,38.448312000199664],[-122.61698699959175,38.44831299992019],[-122.61644000014388,38.448317000209016],[-122.61630000040182,38.448310999775686],[-122.61618400005086,38.448297999890364],[-122.61606500022518,38.448285000002706],[-122.61591100023938,38.44825700007434],[-122.61559800024496,38.44818300026172],[-122.61543099984037,38.44815800016523],[-122.61539400003043,38.448153000144906],[-122.61517599957224,38.44814000023111],[-122.61501200043902,38.44813099991063],[-122.61491500035464,38.44812700031505],[-122.61482800031601,38.44811599984298],[-122.61470199991932,38.44808299982389],[-122.6146230002766,38.44805100021735],[-122.61454000043591,38.44801099998571],[-122.61439300012282,38.44793999980133],[-122.6141939999312,38.4478620000533],[-122.61397100034844,38.44779599976772],[-122.61389500018043,38.44777799974332],[-122.613694000339,38.447717999864054],[-122.61306199960401,38.44741499981729],[-122.61289199972471,38.44730699973693],[-122.61276799987611,38.44723999991195],[-122.61267800036276,38.447199000198445],[-122.61262300011116,38.44717399976107],[-122.61239499960722,38.447090000057386],[-122.61215899960568,38.44702399976932],[-122.61205099965065,38.44700100015574],[-122.61190500006079,38.446977999831326],[-122.61176199994566,38.446948999656506],[-122.61152599994408,38.44688099975886],[-122.6115119997004,38.446874999909696],[-122.61123200021625,38.44676200031153],[-122.61110900019257,38.44671900013784],[-122.61074099994654,38.44659000016645],[-122.6106189997478,38.446548000338716],[-122.61047099960979,38.44649199982687],[-122.61037600007354,38.44644300031067],[-122.61036699985273,38.44643699972153],[-122.61024700020215,38.446357000260996],[-122.61013500004917,38.446257000107146],[-122.6100839999955,38.44619800012021],[-122.61006100042928,38.44616599967783],[-122.61001799987329,38.446105000114386],[-122.6099769998654,38.44602699979017],[-122.60994599990326,38.445946999875204],[-122.60992599981178,38.44586499965923],[-122.60991699959094,38.44578399980916],[-122.60991499994113,38.4457540001022],[-122.60991900013907,38.4455089996834],[-122.60993699968242,38.445361999736434],[-122.60994500007834,38.4451280003232],[-122.60994000005549,38.44502499987198],[-122.60992400016194,38.44494900002538],[-122.60989700039778,38.44488399965803],[-122.60983700012332,38.44479300031176],[-122.60978199987174,38.44473399983158],[-122.60965899984811,38.44460799984897],[-122.60954000002238,38.44449900001605],[-122.60937099996798,38.44435699970276],[-122.60928800012731,38.44429299998552],[-122.6092449995713,38.44425500003861],[-122.60895300039155,38.44400400007194],[-122.60868399987974,38.44377200004406],[-122.60861000025987,38.44371300013636],[-122.60853200044207,38.443651000121775],[-122.60834300029619,38.44348199966408],[-122.60819299961005,38.44332799987656],[-122.60804899966999,38.44313299984781],[-122.60795099976072,38.44289200026786],[-122.60791800014874,38.44261899997894],[-122.60790599955487,38.44251300006266],[-122.60786399972207,38.442173999949176],[-122.60781000019374,38.44217799987469],[-122.60770100041377,38.44218800003934],[-122.607647999812,38.44219400027821],[-122.60759500010856,38.442202000126784],[-122.60716099974029,38.44229600004056],[-122.60687899970797,38.44236799995164],[-122.60657999995725,38.44245500033465],[-122.60670499963071,38.4427809996564],[-122.60674999983658,38.44287600001912],[-122.60677599977582,38.44302499969184],[-122.60678599982158,38.44326700002522],[-122.6068019997151,38.44349799977848],[-122.60679599986732,38.44364800006299],[-122.60676599973007,38.443843999889864],[-122.6067110003768,38.444084999808986],[-122.60662299961493,38.444346000063206],[-122.6065060003374,38.44454800014847],[-122.60645000026089,38.44463899980365],[-122.60638800033662,38.44472400001967],[-122.60561599985954,38.44439500029956],[-122.60515200025236,38.44501700033624],[-122.6050350000765,38.44515900005458],[-122.60498999987065,38.44522100018086],[-122.60534100039824,38.445401000268454],[-122.60542199969079,38.44543900031557],[-122.60564799964659,38.44554500015601],[-122.60617400007638,38.44580099987212],[-122.60653200027666,38.44596999982464],[-122.60673499976794,38.44606599996284],[-122.60717400015908,38.44627400005865],[-122.60744600014566,38.44640099969387],[-122.60826399975515,38.44678400025964],[-122.60853699956662,38.44691200014434],[-122.60917000012654,38.447207999931614],[-122.6110699998345,38.448099000325385],[-122.61170400021933,38.448395999888064],[-122.6122439999945,38.448647999773684],[-122.61386699969304,38.44940399977866],[-122.61440800019145,38.449657000067184],[-122.61471799981284,38.44980200030821],[-122.61564799957533,38.45023699998653],[-122.61595800009506,38.450383000160876],[-122.61631700012025,38.45054999985356],[-122.61739300037092,38.45105199981274],[-122.61775300022106,38.451219999747856],[-122.61784399955933,38.451261999670514],[-122.61811700026911,38.4513879999953],[-122.61820900033062,38.451431000200955],[-122.61838900025569,38.45151400010009],[-122.61892900003086,38.451764000304294],[-122.61910999978082,38.45184800019534],[-122.61940699988173,38.45198599975386],[-122.62010400001573,38.45231000031057],[-122.62030200038245,38.452399999659846],[-122.62060199995811,38.4525360002457],[-122.62092900019624,38.45268800005917],[-122.62102899975538,38.45273100019356],[-122.6213819999328,38.45288300029974],[-122.62186399998166,38.453092000098756],[-122.62231599989323,38.45331100002624],[-122.6227400002158,38.453517000343886],[-122.62270800042874,38.45345900031394],[-122.62268800033723,38.45336300016192],[-122.6226849999642,38.45326200021582],[-122.62269300036013,38.45316100012838],[-122.62271199972837,38.453096000122656],[-122.62276299978201,38.45297899968346],[-122.62289099982854,38.45277600032317],[-122.62295799977568,38.4527080002885],[-122.62301899987504,38.452682999649234],[-122.6230719995785,38.45267300023527],[-122.62310199971571,38.45265500002045],[-122.62314000024888,38.45262300033084],[-122.62319999962502,38.452613999865996],[-122.62325200040186,38.45258600021043],[-122.62329599988446,38.45254500001677],[-122.6233260000217,38.45248899993772]],[[-122.60909899998143,38.44523300015376],[-122.60909499978345,38.445292000226026],[-122.6090770002401,38.445331000092295],[-122.60903799988206,38.44537500015064],[-122.60900600009501,38.445401000268454],[-122.60895500004139,38.445429999658174],[-122.6089140000335,38.44544300006013],[-122.60884899973617,38.445449999788536],[-122.60876099987262,38.44544200029991],[-122.60860799971174,38.44543799985171],[-122.60846499959662,38.44543199988252],[-122.60834400012111,38.44541999994276],[-122.60827100032618,38.44540899976164],[-122.60813499988373,38.445369999937505],[-122.60801600005806,38.445310000166955],[-122.60793499986718,38.445257000093605],[-122.60786200007226,38.44521699972041],[-122.60779599995001,38.44514499983712],[-122.60773599967557,38.44503699987749],[-122.60772499980492,38.44498400030722],[-122.60771499975917,38.44489599968697],[-122.60772999982778,38.444803000114106],[-122.60776099978992,38.444677000251964],[-122.60779199975205,38.44455499996368],[-122.60782400043742,38.44444900007634],[-122.60785200002653,38.44438199970882],[-122.60788399981355,38.444333000167234],[-122.60794999993583,38.44427000020519],[-122.6080050001874,38.444243999679976],[-122.60806700011167,38.444232000246174],[-122.6081469995793,38.44423699983461],[-122.60820400037902,38.44425299978164],[-122.6082379998159,38.44427300023818],[-122.60832900005248,38.444340000003294],[-122.6084079996952,38.4443920002717],[-122.60851099962736,38.44446199995142],[-122.60873499993335,38.44465799967854],[-122.60887399985054,38.444804999652256],[-122.60901199994277,38.4449619998104],[-122.60905499960047,38.445026000341564],[-122.60907899988993,38.44509399987631],[-122.60909399995856,38.44515300006219],[-122.60909899998143,38.44523300015376]]]},"properties":{"GEOID":"060971516011000"}},{"type":"Feature","geometry":{"type":"Polygon","coordinates":[[[-122.62359899983318,38.451412999676286],[-122.62360200020622,38.45138700031742],[-122.6235939998103,38.45132499986043],[-122.62353899955872,38.45114400009364],[-122.62349300042627,38.45102499993745],[-122.62341899990813,38.45088499987482],[-122.62340600038766,38.4508649998437],[-122.62335399961081,38.450786999739776],[-122.62328699966365,38.45069699978558],[-122.62320299999806,38.450583999840546],[-122.62311599995942,38.45048600000017],[-122.62306699955563,38.45044000015842],[-122.62297100019447,38.45034999977149],[-122.62293799968418,38.45031400028879],[-122.62282700025443,38.45018199992132],[-122.62270500005569,38.45000399989624],[-122.62261899984196,38.44984700015393],[-122.62256899961325,38.44973400028482],[-122.62252299958249,38.449605000074726],[-122.62248499994767,38.44944800016784],[-122.62246800022922,38.44937900010517],[-122.62244200028995,38.44887199979311],[-122.62242800004627,38.44875500024346],[-122.62238500038856,38.448580000069924],[-122.6223180004414,38.44841099989752],[-122.62225999981676,38.44830099975586],[-122.62216500028052,38.44815800016523],[-122.62209099976235,38.44806400014718],[-122.62200700009677,38.447975000039676],[-122.62186599963147,38.44785199997125],[-122.62171900021669,38.44775100005006],[-122.62123100032005,38.447479000283764],[-122.62106399991549,38.44739000015835],[-122.62083299993681,38.447281000305765],[-122.62075599994388,38.44724499999558],[-122.6205430004069,38.44715799975804],[-122.62030599968209,38.44707300029804],[-122.62011900008436,38.4470159997516],[-122.61990099962617,38.4469610000456],[-122.61969899995978,38.446920999913345],[-122.61963799986042,38.44690999996101],[-122.61944100021692,38.44688200020271],[-122.61915099978869,38.446850000063634],[-122.61908899986442,38.446842999767505],[-122.61888600037314,38.44682099983738],[-122.61844699998201,38.446781000331086],[-122.61833599965392,38.446771999841054],[-122.61756999992295,38.44672599974243],[-122.61731999967769,38.44670200029111],[-122.6171299997069,38.446673999748604],[-122.616948000132,38.44664800008941],[-122.61669700006185,38.44659899997562],[-122.61659699960443,38.446579000163666],[-122.61656399999245,38.44657300028939],[-122.61630299987657,38.44650599978303],[-122.61620499996727,38.446482000258534],[-122.61616099958631,38.44659000016645],[-122.61610700005797,38.44669400023774],[-122.61601400017155,38.44683600017421],[-122.61586600003355,38.44698899977324],[-122.61572700011637,38.44710800025339],[-122.61561300031353,38.44718000028894],[-122.61542800036563,38.4472740000514],[-122.6152919999232,38.44732900022241],[-122.61495800001235,38.44742900029795],[-122.61487799964641,38.44745900001218],[-122.61481700044534,38.447485999814695],[-122.61471100014013,38.447545000155706],[-122.61465000004075,38.44759700022549],[-122.61459999981204,38.447650999717155],[-122.61439300012282,38.44793999980133],[-122.61454000043591,38.44801099998571],[-122.6146230002766,38.44805100021735],[-122.61470199991932,38.44808299982389],[-122.61482800031601,38.44811599984298],[-122.61491500035464,38.44812700031505],[-122.61501200043902,38.44813099991063],[-122.61517599957224,38.44814000023111],[-122.61539400003043,38.448153000144906],[-122.61543099984037,38.44815800016523],[-122.61559800024496,38.44818300026172],[-122.61591100023938,38.44825700007434],[-122.61606500022518,38.448285000002706],[-122.61618400005086,38.448297999890364],[-122.61630000040182,38.448310999775686],[-122.61644000014388,38.448317000209016],[-122.61698699959175,38.44831299992019],[-122.61703900036862,38.448312000199664],[-122.61715399999633,38.44831799992942],[-122.61725600010358,38.44833099981114],[-122.61726799979913,38.44833299995509],[-122.61737999995213,38.44835599984765],[-122.61754200033386,38.448407000317445],[-122.61764299971787,38.4484509999075],[-122.61799300042055,38.44863799980055],[-122.61804899959877,38.44866299973076],[-122.61822500022414,38.44872499966089],[-122.6183470004229,38.44875599995778],[-122.61847299992127,38.44877899971553],[-122.61887700015232,38.448827000042876],[-122.6190239995671,38.4488519999076],[-122.61924000037548,38.4489059998672],[-122.61944700006471,38.44897800021944],[-122.61958099995901,38.449039999879],[-122.61964200005838,38.449068000207035],[-122.61979199984621,38.449153999840156],[-122.61991200039512,38.44925999985231],[-122.62023200006227,38.4495290001266],[-122.62063999959292,38.44985200005687],[-122.62070300024044,38.4498980002735],[-122.6208349995866,38.449994000111076],[-122.62103600032638,38.45013000030719],[-122.62128700039655,38.4502870001373],[-122.62140100019938,38.45036200029856],[-122.62158799979713,38.45050699982641],[-122.62170199959994,38.45061099988085],[-122.6218880002711,38.45080400003119],[-122.6220589999753,38.451011999837526],[-122.62207599969375,38.451035999966],[-122.62219500041775,38.45120699968307],[-122.62236699994689,38.451557999906186],[-122.62241700017562,38.451648000193444],[-122.62249199962035,38.45173200021953],[-122.62255199989481,38.45178099966202],[-122.62264800015429,38.45183900033734],[-122.62272000012429,38.45186999999991],[-122.62283399992711,38.45189999997845],[-122.62291400029304,38.451908999828845],[-122.62301999969995,38.451908000158184],[-122.62311299958637,38.45189500021735],[-122.62326099972438,38.451850999913304],[-122.62336399965655,38.45179900009489],[-122.62342399993098,38.45175699978134],[-122.62347699963445,38.45170800032255],[-122.62352000019045,38.451654000349286],[-122.62356700004614,38.45156499974493],[-122.6235939998103,38.451481000227886],[-122.62359899983318,38.451412999676286]]]},"properties":{"GEOID":"060971516011005"}},{"type":"Feature","geometry":{"type":"Polygon","coordinates":[[[-122.60574800010403,38.44269299986804],[-122.6057020000733,38.44256399973646],[-122.6055709996537,38.4423520002903],[-122.60546100004885,38.442209000169505],[-122.60539199955356,38.44213399997816],[-122.60516700032099,38.44192199997259],[-122.60504099992427,38.44179999995269],[-122.60467100002842,38.441444000330534],[-122.60437099955445,38.44116199970773],[-122.60420700042125,38.44097599996644],[-122.60397100041969,38.4411299998469],[-122.60269199977941,38.441928000233574],[-122.60256200008308,38.44201300012426],[-122.60244200043248,38.44207900006971],[-122.60224999991354,38.44216600009745],[-122.60210299960045,38.44221799982138],[-122.60195299981262,38.442259000253785],[-122.60182499976611,38.44228400028293],[-122.60169500006975,38.442300999763106],[-122.60153000021333,38.44231099991071],[-122.60141100038763,38.4423100001071],[-122.60132799964865,38.44230600018886],[-122.60112799963211,38.44228199997134],[-122.60099799993576,38.442255000332764],[-122.6003960002363,38.442086999931085],[-122.60022100033413,38.442034000305355],[-122.60008400006677,38.44199299974508],[-122.59983499964642,38.44187199965488],[-122.59968900005656,38.44180200027763],[-122.59946099955262,38.4417029999569],[-122.59962999960703,38.44143000009607],[-122.59966999978998,38.441374999651195],[-122.59969999992722,38.441315999894975],[-122.59972400021667,38.44122399974949],[-122.59972300039175,38.44108799965622],[-122.59970300030027,38.44100799989554],[-122.59966899996509,38.440939000206605],[-122.59959600017015,38.44083699993384],[-122.59953300042095,38.44077500026325],[-122.59945700025298,38.440721999674224],[-122.59910200042573,38.44050599972523],[-122.59899500029562,38.44044500030347],[-122.5987340001797,38.44032200006679],[-122.59850999987371,38.44023199972654],[-122.59831499988005,38.440154000091376],[-122.59818099998574,38.44011399970453],[-122.59811099966555,38.440103999956165],[-122.59806999965768,38.44010300012198],[-122.59800500025865,38.440106000328115],[-122.59792900009067,38.440120000115805],[-122.59783399965613,38.44014400034855],[-122.5976439996853,38.44020099998989],[-122.59733999991171,38.44028499997178],[-122.59726499956862,38.440309999981004],[-122.59704600018384,38.440388000151174],[-122.59696300034315,38.44042200000052],[-122.5969109995663,38.44043899991921],[-122.59681799967987,38.4404630000459],[-122.59671700029587,38.44047999995493],[-122.59656400013499,38.44048899982237],[-122.59651200025644,38.44048799999352],[-122.59639000005768,38.44045800019609],[-122.59622199982823,38.44040900010141],[-122.59572899990872,38.440238999960265],[-122.59556499987718,38.44018200034899],[-122.59547399964059,38.44033599981253],[-122.59541900028732,38.44044699996233],[-122.59538599977704,38.44048300014539],[-122.59535900001285,38.440500999878395],[-122.5953349997234,38.440517999778486],[-122.5952900004159,38.44053899969085],[-122.59521400024789,38.44055399992613],[-122.59515499979837,38.440552000270216],[-122.59502199972898,38.4405339998463],[-122.59489100020771,38.440507000257455],[-122.59480800036702,38.440486000335724],[-122.5945649997945,38.440425000193436],[-122.59440999998378,38.440373999711895],[-122.59432700014311,38.44034200020535],[-122.59426299967069,38.440297000061726],[-122.59420199957131,38.44025400025789],[-122.59412799995147,38.440188000050924],[-122.59403300041522,38.44007800004107],[-122.59399700043022,38.44002500034748],[-122.59393700015578,38.440052000116566],[-122.59375899988052,38.44013600027184],[-122.5937000003293,38.440164999666145],[-122.59336600041847,38.44031800003843],[-122.59291500033174,38.440527000344765],[-122.59371799987265,38.44071900019726],[-122.59421199961709,38.44083699993384],[-122.59479400012333,38.44097500014434],[-122.59653999984555,38.44139200004901],[-122.59657699965544,38.44140099980274],[-122.59671899994568,38.44144100018002],[-122.59701299967355,38.441540000156486],[-122.59710899993303,38.44157800012558],[-122.59720299964435,38.44161500026143],[-122.59747200015619,38.44173699989046],[-122.59800299971052,38.441985999681464],[-122.59807399985563,38.44202000018532],[-122.59840399956849,38.44217899968018],[-122.59892900017337,38.4424200002336],[-122.6009589995777,38.443367999889546],[-122.60192199985049,38.443817999914735],[-122.60403099979582,38.44477399976888],[-122.60438099960022,38.444927999988884],[-122.60448299970746,38.44497300005965],[-122.60498999987065,38.44522100018086],[-122.6050350000765,38.44515900005458],[-122.60515200025236,38.44501700033624],[-122.60561599985954,38.44439500029956],[-122.60542000004095,38.44429999982545],[-122.6052459999637,38.444213000259175],[-122.60512999961274,38.44416200034337],[-122.60499599971844,38.444135999779206],[-122.60491000040305,38.44412500010597],[-122.60477300013567,38.44410600009082],[-122.6045980002335,38.44403300002298],[-122.6043589998589,38.44391199983472],[-122.60424800042912,38.443863999756154],[-122.60437700030056,38.443641999944994],[-122.60457300011913,38.44336499981894],[-122.60475899989198,38.44313599992807],[-122.60490100018221,38.44298599998663],[-122.60499599971844,38.44292400005115],[-122.60505500016798,38.44289200026786],[-122.6051539999022,38.44285699967517],[-122.60523199972002,38.442833000344464],[-122.60539599975152,38.44278399975128],[-122.60574800010403,38.44269299986804]]]},"properties":{"GEOID":"060971516012010"}},{"type":"Feature","geometry":{"type":"Polygon","coordinates":[[[-122.58913199973593,38.431760000024774],[-122.5891440003298,38.43168900003951],[-122.58913000008607,38.43163100005927],[-122.58909699957582,38.43158500016311],[-122.58905700029115,38.43155400023182],[-122.58893900029038,38.43150099990993],[-122.58882100028961,38.431436000099396],[-122.58868400002225,38.43134300007378],[-122.58844999967053,38.43109100028774],[-122.5883769998756,38.431046000007214],[-122.58828499981406,38.43101399988451],[-122.58822000041506,38.431003000322825],[-122.58815099991978,38.43100099969865],[-122.58805300001048,38.43101299992444],[-122.58793500000972,38.43105199976477],[-122.5879140000933,38.43106699986015],[-122.58788700032915,38.431097000041554],[-122.58786999971238,38.43114500016512],[-122.5878620002148,38.43123000008582],[-122.58787499973525,38.43130800021472],[-122.58791499991823,38.43142200003509],[-122.58796799962165,38.43150099990993],[-122.58804899981253,38.43160399995547],[-122.58811400010985,38.431708999755],[-122.58815599994264,38.4317759999226],[-122.58820699999627,38.43192200014596],[-122.5882360003086,38.43198199978587],[-122.58825899987481,38.43202900007883],[-122.58829200038507,38.43206400029212],[-122.58833300039296,38.432093000114186],[-122.58840700001282,38.43212199992461],[-122.58843299995208,38.4321280002964],[-122.58857500024233,38.432096999894576],[-122.58867700034958,38.43206400029212],[-122.58887700036608,38.43196100019904],[-122.58901700010817,38.431889999707764],[-122.58907999985736,38.431842000079435],[-122.58911099981952,38.43180299996208],[-122.58913199973593,38.431760000024774]]]},"properties":{"GEOID":"060971516013004"}},{"type":"Feature","geometry":{"type":"Polygon","coordinates":[[[-122.58746200018169,38.43575599965818],[-122.58745700015882,38.435712999964075],[-122.5874339996943,38.43567999990326],[-122.58739500023455,38.43563600026783],[-122.587335999785,38.43560499996488],[-122.58727700023375,38.435592999798594],[-122.58701399956973,38.435504999691226],[-122.58694400014784,38.43547499993398],[-122.58681899957607,38.435424000177285],[-122.5867590001999,38.43539399968266],[-122.58673599973538,38.43538499988369],[-122.58670399994833,38.43537299968089],[-122.58666799996332,38.435353000276606],[-122.58660600003903,38.435433999870256],[-122.58652700039632,38.43551799976984],[-122.58643899963444,38.435597999985404],[-122.5863430002733,38.43567100013994],[-122.586273999778,38.435713999859054],[-122.58624399964079,38.435733999866954],[-122.58620400035613,38.43575700025624],[-122.58601500021022,38.4358459999496],[-122.58589499966135,38.43589100005324],[-122.58581400036879,38.43591700006907],[-122.5855900000628,38.43597199974696],[-122.5853780003507,38.43603400002444],[-122.58516900011331,38.43610300017981],[-122.58511499968665,38.436129000119294],[-122.58500300043197,38.436189999669914],[-122.58490200014964,38.43625600001389],[-122.58479900021747,38.436336000115354],[-122.58477699957784,38.43635400017874],[-122.58474200031606,38.43639499971995],[-122.58460300039889,38.436564999766155],[-122.58446799978137,38.43675900006661],[-122.5844269997735,38.43682300013115],[-122.5843859997656,38.43688000028378],[-122.5841310003958,38.43723900022319],[-122.58412499964969,38.43724899966477],[-122.58405699987763,38.43736600027605],[-122.58421599988627,38.43743200024853],[-122.5846949995621,38.43763200024444],[-122.58485500029398,38.43769899984122],[-122.5851089998389,38.437312999998575],[-122.58527600024345,38.437061999815654],[-122.58537699962748,38.436917999891435],[-122.58541699981043,38.436868000329476],[-122.58546799986408,38.436819999788575],[-122.5855270003136,38.436777999904784],[-122.58557900019215,38.436751000318424],[-122.58566500040588,38.436717000147326],[-122.58619099993734,38.43655000010936],[-122.58625500040976,38.43653000032746],[-122.5865419995666,38.43642900004269],[-122.58662899960527,38.43640200032581],[-122.58669800010054,38.43639499971995],[-122.5867159996439,38.4363939998344],[-122.58680400040575,38.43639499971995],[-122.58690599961469,38.43640900022733],[-122.58693300027718,38.43641299976863],[-122.58697500010997,38.43642300002828],[-122.58701600011787,38.43634399990953],[-122.58712800027085,38.43619499981538],[-122.5872510002945,38.43603400002444],[-122.58736099989935,38.43590200027763],[-122.58745100031103,38.43578500010834],[-122.58746200018169,38.43575599965818]]]},"properties":{"GEOID":"060971516013001"}},{"type":"Feature","geometry":{"type":"Polygon","coordinates":[[[-122.58231600017832,38.43334799986645],[-122.58228699986597,38.433340999668154],[-122.58225000005605,38.43333400017286],[-122.58217700026113,38.43331899984473],[-122.58211600016175,38.43330799993054],[-122.58202400010025,38.43328999981143],[-122.58190500027456,38.433267000043614],[-122.58184099980215,38.43324999984333],[-122.5817730000301,38.43324099977711],[-122.58163999996069,38.43321400027539],[-122.58157499966337,38.433199999852135],[-122.5815110000893,38.433185000199856],[-122.581449000165,38.43316799998033],[-122.58133299981404,38.433404999947925],[-122.5812459997754,38.43352500023165],[-122.58117200015555,38.43368500006514],[-122.58095100022261,38.43400599999441],[-122.58085099976519,38.43423300016808],[-122.58078499964297,38.434352999779335],[-122.58072500026681,38.43443800014559],[-122.58069299958144,38.434480999895385],[-122.58066199961931,38.4345250002347],[-122.58063099965715,38.4345699997544],[-122.58059999969501,38.43461300012926],[-122.58056899973288,38.43465699968445],[-122.58053899959563,38.43470000000749],[-122.5804790002195,38.434783000149515],[-122.58043099964063,38.43485000027933],[-122.58046099977784,38.43486299977222],[-122.5805210000523,38.43488700034537],[-122.58058200015167,38.43491000030081],[-122.58064400007594,38.434933000248925],[-122.58070600000023,38.43495399967506],[-122.58076799992452,38.4349749997987],[-122.5808290000239,38.43499699982121],[-122.58088900029834,38.43501799993235],[-122.58094700002464,38.43503900003743],[-122.58100499975099,38.43505900023232],[-122.58106099982747,38.43507799981421],[-122.58111400042924,38.43509600019124],[-122.58112500029989,38.435099999805324],[-122.58121800018631,38.43514000015576],[-122.58133100016423,38.4351890003086],[-122.58136299995128,38.43518200028879],[-122.58146699970834,38.43498099993346],[-122.58154299987632,38.43483600017331],[-122.58163400011293,38.43467500016645],[-122.58166800044809,38.43461900029409],[-122.58170299970988,38.43456400028917],[-122.58173799986999,38.43451000015401],[-122.5817730000301,38.434457999803286],[-122.58180700036529,38.434407999944945],[-122.58183900015234,38.434358999965724],[-122.58187000011448,38.43430999995325],[-122.58189900042679,38.43425999999243],[-122.58192700001587,38.434211999828605],[-122.58195499960497,38.43416299971637],[-122.58197999971932,38.434115000191696],[-122.582026999575,38.43401799972079],[-122.58205099986444,38.43397100001884],[-122.5820759999788,38.43392299966283],[-122.58210199991807,38.43387699981953],[-122.58212899968223,38.43383099994686],[-122.5821539997966,38.43378699988824],[-122.58217600043623,38.433741999880574],[-122.58221300024616,38.43364999993391],[-122.58222999996458,38.433601000143966],[-122.58226199975164,38.43349800013239],[-122.5822800001933,38.433442999977274],[-122.58231600017832,38.43334799986645]]]},"properties":{"GEOID":"060971516012023"}},{"type":"Feature","geometry":{"type":"Polygon","coordinates":[[[-122.58134399968469,38.43525199975259],[-122.58133100016423,38.4351890003086],[-122.58121800018631,38.43514000015576],[-122.58112500029989,38.435099999805324],[-122.58111400042924,38.43509600019124],[-122.58106099982747,38.43507799981421],[-122.58100499975099,38.43505900023232],[-122.58094700002464,38.43503900003743],[-122.58088900029834,38.43501799993235],[-122.5808290000239,38.43499699982121],[-122.58076799992452,38.4349749997987],[-122.58070600000023,38.43495399967506],[-122.58064400007594,38.434933000248925],[-122.58058200015167,38.43491000030081],[-122.5805210000523,38.43488700034537],[-122.58046099977784,38.43486299977222],[-122.58043099964063,38.43485000027933],[-122.58040200022663,38.43483799998761],[-122.5803450003252,38.4348140001018],[-122.58028900024873,38.43479100011577],[-122.58023399999712,38.43476900003055],[-122.58018100029366,38.43474799984693],[-122.58012799969192,38.43472800026958],[-122.58007599981336,38.43470799998295],[-122.58002399993484,38.43468900030369],[-122.5799720000563,38.43466900000631],[-122.57992000017775,38.43465000031674],[-122.57986800029924,38.43463099991855],[-122.57976799984179,38.43459399972132],[-122.57968300035128,38.43456299967458],[-122.57962499972668,38.43454300004593],[-122.57954100006108,38.43450200015666],[-122.57930500005952,38.434876999872955],[-122.57922899989154,38.43500499976376],[-122.57919399973143,38.43508000032543],[-122.57920200012738,38.43513300013125],[-122.57922300004378,38.43516200012798],[-122.57921200017311,38.435168000247195],[-122.57928999999092,38.435237999724514],[-122.57945400002245,38.43532999975867],[-122.57964800019123,38.435424000177285],[-122.57998700012492,38.4355719998547],[-122.58033299973131,38.435719000037494],[-122.58066099979439,38.43585100011889],[-122.58076600027468,38.43587299987442],[-122.58085199959011,38.43586699981385],[-122.58091699988742,38.43583499971673],[-122.58100800012402,38.43576799979732],[-122.58109699981249,38.43567399982665],[-122.581196000445,38.435547000315594],[-122.58129600000412,38.43537500018393],[-122.58134399968469,38.43525199975259]]]},"properties":{"GEOID":"060971516012020"}},{"type":"Feature","geometry":{"type":"Polygon","coordinates":[[[-122.581449000165,38.43316799998033],[-122.58138800006562,38.43314899989582],[-122.58132899961606,38.43312799994471],[-122.58127000006485,38.43310500012528],[-122.58121200033852,38.433079999731966],[-122.58115399971389,38.433053000169984],[-122.58109699981249,38.433024000029846],[-122.58104099973599,38.43299399994536],[-122.58098700020761,38.43296399984841],[-122.58093399960585,38.43293399973905],[-122.58088199972732,38.432904000320804],[-122.58083300022184,38.4328760000551],[-122.58078299999313,38.43284899971321],[-122.58068799955856,38.432801999954],[-122.58060300006807,38.43276600016264],[-122.58057399975574,38.43275300029221],[-122.5804840002424,38.43290500025474],[-122.58037000043957,38.433127000013904],[-122.58028900024873,38.43329199966849],[-122.5802039998599,38.43345599972343],[-122.58014199993563,38.433564000122594],[-122.58007599981336,38.433670999733216],[-122.58000399984334,38.43377400020168],[-122.57996700003343,38.433823999795386],[-122.57989199969035,38.43391999990343],[-122.57985499988045,38.43396499980015],[-122.57978399973531,38.43404999991956],[-122.57975299977319,38.434091999983],[-122.57972400035918,38.43413300010514],[-122.57967400013047,38.43421399966014],[-122.57961999970378,38.4343269999039],[-122.57959299993962,38.43439199992666],[-122.5795710001983,38.43444299970872],[-122.57954100006108,38.43450200015666],[-122.57962499972668,38.43454300004593],[-122.57968300035128,38.43456299967458],[-122.57976799984179,38.43459399972132],[-122.57986800029924,38.43463099991855],[-122.57992000017775,38.43465000031674],[-122.5799720000563,38.43466900000631],[-122.58002399993484,38.43468900030369],[-122.58007599981336,38.43470799998295],[-122.58012799969192,38.43472800026958],[-122.58018100029366,38.43474799984693],[-122.58023399999712,38.43476900003055],[-122.58028900024873,38.43479100011577],[-122.5803450003252,38.4348140001018],[-122.58040200022663,38.43483799998761],[-122.58043099964063,38.43485000027933],[-122.5804790002195,38.434783000149515],[-122.58053899959563,38.43470000000749],[-122.58056899973288,38.43465699968445],[-122.58059999969501,38.43461300012926],[-122.58063099965715,38.4345699997544],[-122.58066199961931,38.4345250002347],[-122.58069299958144,38.434480999895385],[-122.58072500026681,38.43443800014559],[-122.58078499964297,38.434352999779335],[-122.58085099976519,38.43423300016808],[-122.58095100022261,38.43400599999441],[-122.58117200015555,38.43368500006514],[-122.5812459997754,38.43352500023165],[-122.58133299981404,38.433404999947925],[-122.581449000165,38.43316799998033]]]},"properties":{"GEOID":"060971516012022"}},{"type":"Feature","geometry":{"type":"Polygon","coordinates":[[[-122.58262900017273,38.43288400023266],[-122.5826330003707,38.43279800021261],[-122.58260200040857,38.43275600010015],[-122.58255399982968,38.43272300009512],[-122.5824939995552,38.432692999885624],[-122.58243099980604,38.43266299966361],[-122.58230100010968,38.43260199994781],[-122.58223499998745,38.432570999749494],[-122.58215799999455,38.432535999781955],[-122.5820969998952,38.43250800007725],[-122.58202599975009,38.432475999898756],[-122.58195299995513,38.43244399970608],[-122.58187900033529,38.43241100026215],[-122.58180499981712,38.43237999998183],[-122.5817320000222,38.4323489996882],[-122.58165900022728,38.43231900002696],[-122.58158700025724,38.43228899964955],[-122.58151500028721,38.43225899996339],[-122.58144499996702,38.432229000264755],[-122.58137600037004,38.43219999979365],[-122.58131100007272,38.43217100001456],[-122.58125099979827,38.432146000001545],[-122.58119499972176,38.43212499975872],[-122.58108699976673,38.43211099982801],[-122.58106000000257,38.43212299986933],[-122.58099200023048,38.4321530003157],[-122.58095399969733,38.43219300018776],[-122.5809160000625,38.432244000115624],[-122.5808800000775,38.432292000180475],[-122.58083999989452,38.43234799974662],[-122.58080100043479,38.43240200009135],[-122.58076200007673,38.4324570003358],[-122.58072500026681,38.43251099989533],[-122.58068599990872,38.432567999933916],[-122.58064900009883,38.432624999927455],[-122.58062300015956,38.43266600017893],[-122.58057399975574,38.43275300029221],[-122.58060300006807,38.43276600016264],[-122.58068799955856,38.432801999954],[-122.58078299999313,38.43284899971321],[-122.58083300022184,38.4328760000551],[-122.58088199972732,38.432904000320804],[-122.58093399960585,38.43293399973905],[-122.58098700020761,38.43296399984841],[-122.58104099973599,38.43299399994536],[-122.58109699981249,38.433024000029846],[-122.58115399971389,38.433053000169984],[-122.58121200033852,38.433079999731966],[-122.58127000006485,38.43310500012528],[-122.58132899961606,38.43312799994471],[-122.58138800006562,38.43314899989582],[-122.581449000165,38.43316799998033],[-122.5815110000893,38.433185000199856],[-122.58157499966337,38.433199999852135],[-122.58163999996069,38.43321400027539],[-122.5817730000301,38.43324099977711],[-122.58184099980215,38.43324999984333],[-122.58190500027456,38.433267000043614],[-122.58202400010025,38.43328999981143],[-122.58211600016175,38.43330799993054],[-122.58217700026113,38.43331899984473],[-122.58225000005605,38.43333400017286],[-122.58228699986597,38.433340999668154],[-122.58231600017832,38.43334799986645],[-122.58234499959232,38.433276000106595],[-122.5823730000797,38.43322199971181],[-122.5824070004149,38.43316999984078],[-122.58244599987465,38.43311799993235],[-122.58253200008836,38.433015999867806],[-122.58257100044642,38.43296700035128],[-122.58262900017273,38.43288400023266]]]},"properties":{"GEOID":"060971516012021"}},{"type":"Feature","geometry":{"type":"Polygon","coordinates":[[[-122.58063599968001,38.43130500034667],[-122.58076600027468,38.43113499987813],[-122.58060300006807,38.43106399998208],[-122.58058999964928,38.43105800022553],[-122.58033100008151,38.43095600006575],[-122.58010400030079,38.43088200010802],[-122.57993299969824,38.430840000288455],[-122.57990000008627,38.43098099978706],[-122.57985999990329,38.43110099987717],[-122.57985499988045,38.43111999979688],[-122.57977200003977,38.43132300025692],[-122.57970300044279,38.43146999994262],[-122.57962300007684,38.43161300022574],[-122.57949500003032,38.431806999758535],[-122.57948499998459,38.431823000349645],[-122.57935299974011,38.43206099975177],[-122.57924499978509,38.432223999844666],[-122.57901800000434,38.43262599986521],[-122.5789369998135,38.432748999844456],[-122.5796409996202,38.433003999974886],[-122.57971599996326,38.43287699998938],[-122.57994000026925,38.43249899991854],[-122.58001600043723,38.43237400033463],[-122.580090999882,38.432248999830676],[-122.58016200002712,38.43212299986933],[-122.58037899976208,38.431745000073356],[-122.58045900012803,38.43160699981115],[-122.58052199987722,38.43148399999762],[-122.58059499967214,38.43136900032003],[-122.58063599968001,38.43130500034667]]]},"properties":{"GEOID":"060971516022002"}},{"type":"Feature","geometry":{"type":"Polygon","coordinates":[[[-122.58869599971781,38.43001699973272],[-122.58850099972416,38.4298520003352],[-122.58834400026363,38.42971899986398],[-122.58791499991823,38.429364999744216],[-122.58771900009964,38.42920400020497],[-122.58758400038045,38.429088999711176],[-122.58736400027243,38.428900999849624],[-122.58717799960125,38.428748999903135],[-122.58713900014152,38.42871700016999],[-122.58704500043017,38.42863400009224],[-122.58670099957527,38.428346000116974],[-122.58657400025197,38.42824300035037],[-122.5863990003498,38.42810099972751],[-122.58612099961715,38.42786299994061],[-122.58594400006514,38.4277169999552],[-122.58577400018584,38.42756400032378],[-122.58552999978835,38.4273210001187],[-122.58538099982542,38.427160000244974],[-122.58524100008334,38.42699299991797],[-122.58517499996111,38.42690799993617],[-122.5848779998602,38.42649900029725],[-122.58472600042255,38.42626600028639],[-122.58468600023957,38.42620900019949],[-122.58457300026167,38.42604699992916],[-122.58445299971274,38.4258920002165],[-122.58434800013076,38.425785999667546],[-122.58423799962759,38.425681999734664],[-122.58398999993047,38.4254829997501],[-122.58396499981612,38.425463999754726],[-122.58368699998177,38.42525700025909],[-122.58348100011743,38.42509600000662],[-122.58338400003305,38.42502000029169],[-122.58329699999445,38.4249390002759],[-122.58318599966636,38.42481100013538],[-122.58311500041957,38.42471499988107],[-122.58305400032019,38.424613999959604],[-122.58299700041879,38.42449499969674],[-122.58296999975629,38.42443700027228],[-122.58292299990063,38.42428700018573],[-122.58291500040302,38.42424900026452],[-122.58290000033442,38.424133000270174],[-122.58289899961117,38.42409600032375],[-122.58289899961117,38.423950999818594],[-122.58292100025078,38.42375600023342],[-122.58294499964194,38.4236380000267],[-122.58295800006071,38.42357999991404],[-122.58296599955834,38.42348600026353],[-122.5829639999085,38.423386000096734],[-122.58295999971055,38.42335600023083],[-122.58295499968769,38.423316999753105],[-122.58292700009858,38.423235999938804],[-122.58291899970266,38.42321900019215],[-122.58288500026578,38.42314600011683],[-122.58283500003706,38.423066000180896],[-122.58279099965614,38.42300899967989],[-122.58277599958754,38.422988999666245],[-122.58270299979259,38.42291499999],[-122.58260900008126,38.422840000164705],[-122.58248299968457,38.42276400018723],[-122.58233299989674,38.42269700010375],[-122.58219499980447,38.42265599982242],[-122.58205000003952,38.42263400026265],[-122.58203699962073,38.422633000186536],[-122.5817880000987,38.42262799980573],[-122.58153600020363,38.42263799986322],[-122.58134200003488,38.42262899988191],[-122.58117200015555,38.42260600023743],[-122.58098899985745,38.42256100029983],[-122.5808650000089,38.42251899986361],[-122.58064099970291,38.4224330001677],[-122.58035399964773,38.42232299985091],[-122.58015100015645,38.42225700014345],[-122.579950000315,38.422205000118204],[-122.57990000008627,38.42219600008294],[-122.5798230000934,38.42218200033873],[-122.57962100042701,38.42216100001345],[-122.57945499984734,38.422151999972755],[-122.57928900016601,38.422151999972755],[-122.57916799979216,38.422157999765425],[-122.57904099957055,38.42217000005307],[-122.57888800030801,38.42219299983638],[-122.57873599997205,38.422225000348874],[-122.57853299958246,38.422283000142066],[-122.5783669999011,38.42234899982572],[-122.57812800042483,38.42246200033848],[-122.57802999961721,38.422516000334205],[-122.57789999992089,38.42260400008442],[-122.57775400033101,38.422724000018796],[-122.57761299986569,38.42286599995346],[-122.57746499972768,38.423057000252975],[-122.57743200011572,38.423100999811865],[-122.5772610004115,38.42334300007395],[-122.57689499981532,38.42390099972253],[-122.5765590002546,38.424383000305156],[-122.57644799992654,38.42455199972883],[-122.57640199989581,38.42462399974213],[-122.57632300025307,38.424750000120525],[-122.57617900031303,38.42500000013112],[-122.57608999972626,38.425172999682594],[-122.57598299959615,38.42537800004651],[-122.57596300040296,38.42542200030281],[-122.5759249998698,38.42550299977686],[-122.57582799978545,38.42580400024977],[-122.57581199989193,38.42585899988967],[-122.575775000082,38.42598600025446],[-122.57576699968608,38.42603500028565],[-122.5757330002492,38.42626400023473],[-122.57591999984696,38.42627499981446],[-122.57596300040296,38.42627699986586],[-122.57613699958192,38.426288000147366],[-122.57630599963633,38.426303999850155],[-122.57638900037531,38.42631800020295],[-122.57651700042182,38.42635000029541],[-122.57663100022464,38.426390999887346],[-122.5766420000953,38.426396000007585],[-122.57667300005744,38.42641099966265],[-122.57675599989813,38.426462000155475],[-122.57682799986816,38.426531000309495],[-122.57686700022622,38.426586000099526],[-122.57690300021122,38.426666999675625],[-122.57692699960235,38.426737999672426],[-122.57693800037133,38.4268030001931],[-122.57693699964811,38.42686899996899],[-122.57692900015049,38.426916000071174],[-122.57690300021122,38.426997999996594],[-122.57685499963232,38.427078999814306],[-122.57657000012527,38.42748899969612],[-122.57649999980508,38.42757399969786],[-122.57643500040608,38.4276340001356],[-122.57638500017735,38.42767199968332],[-122.57628300007012,38.42773500005613],[-122.57613499993211,38.42779499965636],[-122.57596800042583,38.42784099985566],[-122.5758529998998,38.42786099993317],[-122.57573599972395,38.42787099996982],[-122.57576300038642,38.4280070003312],[-122.57584600022709,38.42841599987455],[-122.5758739998162,38.4285529999074],[-122.57591900002204,38.42879100023515],[-122.576035000373,38.42940299978851],[-122.57604799989346,38.42950799997367],[-122.57606299996208,38.429624999758886],[-122.57608999972626,38.42974799992411],[-122.57613900013006,38.429916000188925],[-122.57617099991714,38.43000500004514],[-122.57618000013795,38.43002600020081],[-122.57625700013085,38.43019799970443],[-122.5763259997278,38.43032300024045],[-122.57639299967494,38.4304069997528],[-122.57644200007876,38.430459000206255],[-122.57655500005669,38.430559999694296],[-122.5766980001718,38.43065799984981],[-122.57673699963155,38.430678999815576],[-122.57680199992886,38.43071499994373],[-122.57691099970882,38.43076500024834],[-122.57700500031847,38.43079999966688],[-122.57712800034213,38.43084700002551],[-122.577269999734,38.430891999726335],[-122.57737299966617,38.430917000173515],[-122.57741700004709,38.43092899970956],[-122.57759299977418,38.430960999869974],[-122.57779399961568,38.43098399966862],[-122.57795900037043,38.430991000095425],[-122.57798199993664,38.43098900017457],[-122.57822700015902,38.43096299979156],[-122.57842600035066,38.43093500018054],[-122.57852400025993,38.43091800013497],[-122.57873799962188,38.43088200010802],[-122.57890400020155,38.43084500010072],[-122.5790830003017,38.430806000148536],[-122.57910699969283,38.43080300025963],[-122.57928300031823,38.4307890000726],[-122.57945999987024,38.43078600018299],[-122.57968599982605,38.43080100033363],[-122.57972799965884,38.430807000111486],[-122.57993299969824,38.430840000288455],[-122.58010400030079,38.43088200010802],[-122.58033100008151,38.43095600006575],[-122.58058999964928,38.43105800022553],[-122.58060300006807,38.43106399998208],[-122.58076600027468,38.43113499987813],[-122.58091699988742,38.430947999674565],[-122.58107000004829,38.43079999966688],[-122.58115200006408,38.43072800018109],[-122.58116399975962,38.43071899980046],[-122.58131100007272,38.43060800017483],[-122.58170799973274,38.430340999691765],[-122.58189100003086,38.430212999977215],[-122.58253000043854,38.42975599974451],[-122.58254799998188,38.42974400001355],[-122.58299200039592,38.42943399993946],[-122.58310700002365,38.42935099998212],[-122.58332100028389,38.429199000279134],[-122.58345400035327,38.429114000078854],[-122.58358200039979,38.42904400029418],[-122.58366100004253,38.42900700004884],[-122.58376800017261,38.42895799992298],[-122.58390600026489,38.42890799977464],[-122.58398999993047,38.428879000080855],[-122.58412399982477,38.42884799969164],[-122.58424400037367,38.428828999877815],[-122.58449500044385,38.42881000005898],[-122.58453599955342,38.42881000005898],[-122.58461300044465,38.42881000005898],[-122.58478400014884,38.42882599990677],[-122.58479699966934,38.42882799988748],[-122.58496800027186,38.42886000027523],[-122.58517300031129,38.428916999677206],[-122.58528799993901,38.42895899991151],[-122.58543299970397,38.42902299985294],[-122.58554400003206,38.429083999777326],[-122.58564399959117,38.42915000028354],[-122.58574499987348,38.429227999844365],[-122.58583299973705,38.42930899997575],[-122.5858799995927,38.429357999863505],[-122.58596699963135,38.429465000077165],[-122.58608100033248,38.429629999655226],[-122.58614999992945,38.42973900012511],[-122.58645899972593,38.430283000036155],[-122.58652200037344,38.4303880003492],[-122.58664200002403,38.43058700018842],[-122.58672599968962,38.430707000229575],[-122.58683799984264,38.430839000325975],[-122.5869680004373,38.43097500002361],[-122.5870320000114,38.43101399988451],[-122.58714300033947,38.43095100026117],[-122.5872019998907,38.43091900009636],[-122.58745100031103,38.430798999703796],[-122.5874909995957,38.43078600018299],[-122.58761399961934,38.43075000009023],[-122.58775599990959,38.430692000059416],[-122.58785200016904,38.430640999739026],[-122.58790499987249,38.43061399996877],[-122.58800600015482,38.43054900006346],[-122.58835799960902,38.43028400000634],[-122.58848900002859,38.43017900024585],[-122.58869599971781,38.43001699973272]],[[-122.58071799969578,38.42385800000635],[-122.58064400007594,38.42407800001963],[-122.58057499958066,38.42416599997809],[-122.58051699985434,38.42421900005329],[-122.58045199955703,38.424264999715234],[-122.58034100012725,38.42432099987609],[-122.58012799969192,38.42439300011967],[-122.5798659997511,38.42449499969674],[-122.5798030000019,38.42452000024728],[-122.57969699969671,38.424566999766874],[-122.5795340003884,38.42467700018503],[-122.57939299992307,38.424785999685575],[-122.57930400023463,38.42485500003334],[-122.57910300039316,38.425031000060926],[-122.57897799982139,38.42511400005704],[-122.57884399992709,38.42517999996895],[-122.57875000021575,38.42518900033611],[-122.57867499987269,38.425182000050626],[-122.57859799987979,38.42516099989387],[-122.57852000006199,38.425120000307444],[-122.57845099956667,38.42505999989232],[-122.57842499962743,38.42502100033475],[-122.57840500043424,38.42495699966173],[-122.57840500043424,38.42491299982586],[-122.57841700012982,38.42487000000839],[-122.57844899991687,38.42480099967497],[-122.57847900005412,38.424759999884174],[-122.57851800041217,38.42472499964961],[-122.5785910002071,38.42468399981568],[-122.57865300013137,38.424665000313894],[-122.5787619999113,38.42465599988138],[-122.57890699967625,38.42462899998477],[-122.57899000041526,38.424598999931376],[-122.57906700040816,38.4245610001743],[-122.57918899970859,38.42448000034753],[-122.57924599961,38.42443400011879],[-122.5793300001739,38.424366000124685],[-122.57940399979374,38.42429199974792],[-122.57966499990965,38.42407900007578],[-122.5798440000098,38.42393500029832],[-122.57995199996483,38.42387500030634],[-122.58007199961541,38.42383199987089],[-122.58019999966193,38.423807999845856],[-122.58036500041668,38.42380999996558],[-122.58050099996082,38.423820999919045],[-122.58071799969578,38.42385800000635]],[[-122.57997700007917,38.42763600014931],[-122.57999799999557,38.42777800027903],[-122.57996200001054,38.427857999921926],[-122.57987099977396,38.42794200019044],[-122.57976399964384,38.42796400024461],[-122.57965700041204,38.42798000027984],[-122.5791979999294,38.427677999721205],[-122.57894000018655,38.42755200022857],[-122.57886400001857,38.42746100014558],[-122.57880299991919,38.42737700002128],[-122.57877199995706,38.427292999799285],[-122.57877199995706,38.42720100008077],[-122.57880299991919,38.42712499976592],[-122.57889400015581,38.42707199971201],[-122.5790010002859,38.42710200014569],[-122.5791979999294,38.42717799978098],[-122.5795350002133,38.427278000327455],[-122.57973299968171,38.427385000104344],[-122.57988599984259,38.427490999713854],[-122.57997700007917,38.42763600014931]],[[-122.57900499958555,38.42875999980817],[-122.5790010002859,38.428868000194],[-122.57897799982139,38.429010000012354],[-122.57895199988212,38.42913199983158],[-122.57891800044523,38.42922199993526],[-122.578776000155,38.42952700031258],[-122.5787460000178,38.429566000251754],[-122.578704000185,38.42960400019033],[-122.57865399995629,38.429636000234154],[-122.57857500031355,38.42966800026385],[-122.57853799960533,38.4296770000717],[-122.57839000036564,38.4296740001359],[-122.57835000018267,38.42966800026385],[-122.57829099973313,38.42966099970878],[-122.57809999993741,38.4296159999445],[-122.57802600031756,38.42958899979105],[-122.57792500003524,38.42953300019629],[-122.57786399993586,38.42948599968614],[-122.57779299979076,38.42940999966486],[-122.57776400037675,38.42936399976125],[-122.57773900026238,38.42929000028326],[-122.57773900026238,38.4292130000707],[-122.5778170000802,38.42903899965354],[-122.57782899977576,38.429015999939075],[-122.57789499989799,38.42890199983895],[-122.5779519997994,38.4288150000118],[-122.57797799973869,38.42874699992024],[-122.57799399963218,38.4286559999356],[-122.57798600013462,38.42855799987796],[-122.57795699982226,38.42848500027287],[-122.5779159998144,38.42841899986262],[-122.57780700003444,38.42829300025541],[-122.5777740004225,38.42821799968111],[-122.57776600002659,38.42816599972516],[-122.57777100004944,38.428102999728296],[-122.57780500038464,38.4280249996561],[-122.57784399984439,38.42797100026044],[-122.57788200037753,38.427934000169074],[-122.5779159998144,38.427906000087326],[-122.57801100024895,38.427852999902846],[-122.5781130003562,38.42782599979391],[-122.578183999603,38.42781899976402],[-122.57821700011328,38.427819999768325],[-122.57828900008329,38.427823999785396],[-122.57836100005332,38.42783899984762],[-122.57848300025204,38.427880000001686],[-122.57855500022207,38.42791200010577],[-122.57862100034431,38.427950000210906],[-122.57869900016213,38.42801400034286],[-122.57884300010217,38.42819299970698],[-122.57888699958478,38.42826800030724],[-122.57892199974489,38.428346000116974],[-122.57895699990497,38.4284659996598],[-122.57896500030091,38.42849100024322],[-122.57898899969204,38.42859700034051],[-122.57900499958555,38.42875999980817]]]},"properties":{"GEOID":"060971516022003"}},{"type":"Feature","geometry":{"type":"Polygon","coordinates":[[[-122.57924499978509,38.432223999844666],[-122.57935299974011,38.43206099975177],[-122.57921600037106,38.4320229996988],[-122.5790280000501,38.43197099966798],[-122.57880100026938,38.43192999972552],[-122.57866200035221,38.431906000280485],[-122.57853099993262,38.43187699967961],[-122.57838000031988,38.43185899990746],[-122.57825200027337,38.43184000018215],[-122.57807099962508,38.431815000054534],[-122.57761200004077,38.43173299996921],[-122.57757799970561,38.4317219998134],[-122.57718000022064,38.4315960003398],[-122.57704600032633,38.431547999812324],[-122.57665499961577,38.431410999831854],[-122.57658000017103,38.43152800005224],[-122.576472000216,38.43170000020041],[-122.57635199966707,38.43187599973149],[-122.57627399984929,38.43199100000903],[-122.57648200026176,38.432083999903746],[-122.57666399983661,38.43216600029411],[-122.57687999974667,38.43225099971663],[-122.5770999998547,38.43232800020811],[-122.5771199999462,38.43233399985914],[-122.57733900022933,38.43240000020964],[-122.57773300041461,38.432490999698324],[-122.57817299973233,38.432571999687994],[-122.57833500011405,38.43258600023302],[-122.57847599968106,38.432607000341726],[-122.57868300026861,38.43265500016526],[-122.57877799980486,38.43268600032752],[-122.5789369998135,38.432748999844456],[-122.57901800000434,38.43262599986521],[-122.57924499978509,38.432223999844666]]]},"properties":{"GEOID":"060971516022001"}},{"type":"Feature","geometry":{"type":"Polygon","coordinates":[[[-122.5790010002859,38.428868000194],[-122.57900499958555,38.42875999980817],[-122.57898899969204,38.42859700034051],[-122.57896500030091,38.42849100024322],[-122.57895699990497,38.4284659996598],[-122.57892199974489,38.428346000116974],[-122.57888699958478,38.42826800030724],[-122.57884300010217,38.42819299970698],[-122.57869900016213,38.42801400034286],[-122.57862100034431,38.427950000210906],[-122.57855500022207,38.42791200010577],[-122.57848300025204,38.427880000001686],[-122.57836100005332,38.42783899984762],[-122.57828900008329,38.427823999785396],[-122.57821700011328,38.427819999768325],[-122.578183999603,38.42781899976402],[-122.5781130003562,38.42782599979391],[-122.57801100024895,38.427852999902846],[-122.5779159998144,38.427906000087326],[-122.57788200037753,38.427934000169074],[-122.57784399984439,38.42797100026044],[-122.57780500038464,38.4280249996561],[-122.57777100004944,38.428102999728296],[-122.57776600002659,38.42816599972516],[-122.5777740004225,38.42821799968111],[-122.57780700003444,38.42829300025541],[-122.5779159998144,38.42841899986262],[-122.57795699982226,38.42848500027287],[-122.57798600013462,38.42855799987796],[-122.57799399963218,38.4286559999356],[-122.57797799973869,38.42874699992024],[-122.5779519997994,38.4288150000118],[-122.57789499989799,38.42890199983895],[-122.57782899977576,38.429015999939075],[-122.5778170000802,38.42903899965354],[-122.57773900026238,38.4292130000707],[-122.57773900026238,38.42929000028326],[-122.57776400037675,38.42936399976125],[-122.57779299979076,38.42940999966486],[-122.57786399993586,38.42948599968614],[-122.57792500003524,38.42953300019629],[-122.57802600031756,38.42958899979105],[-122.57809999993741,38.4296159999445],[-122.57829099973313,38.42966099970878],[-122.57835000018267,38.42966800026385],[-122.57839000036564,38.4296740001359],[-122.57853799960533,38.4296770000717],[-122.57857500031355,38.42966800026385],[-122.57865399995629,38.429636000234154],[-122.578704000185,38.42960400019033],[-122.5787460000178,38.429566000251754],[-122.578776000155,38.42952700031258],[-122.57891800044523,38.42922199993526],[-122.57895199988212,38.42913199983158],[-122.57897799982139,38.429010000012354],[-122.5790010002859,38.428868000194]]]},"properties":{"GEOID":"060971516022005"}},{"type":"Feature","geometry":{"type":"Polygon","coordinates":[[[-122.57693699964811,38.42686899996899],[-122.57693800037133,38.4268030001931],[-122.57692699960235,38.426737999672426],[-122.57690300021122,38.426666999675625],[-122.57686700022622,38.426586000099526],[-122.57682799986816,38.426531000309495],[-122.57675599989813,38.426462000155475],[-122.57667300005744,38.42641099966265],[-122.5766420000953,38.426396000007585],[-122.57663100022464,38.426390999887346],[-122.57651700042182,38.42635000029541],[-122.57638900037531,38.42631800020295],[-122.57630599963633,38.426303999850155],[-122.57613699958192,38.426288000147366],[-122.57596300040296,38.42627699986586],[-122.57591999984696,38.42627499981446],[-122.5757330002492,38.42626400023473],[-122.57569399989116,38.42658400005673],[-122.57569100041641,38.4266129999683],[-122.57566399975391,38.426951999964096],[-122.575662999929,38.427169999674945],[-122.57567299997476,38.42738800013524],[-122.57569100041641,38.42755100022056],[-122.57570999978465,38.42771499994373],[-122.57573599972395,38.42787099996982],[-122.5758529998998,38.42786099993317],[-122.57596800042583,38.42784099985566],[-122.57613499993211,38.42779499965636],[-122.57628300007012,38.42773500005613],[-122.57638500017735,38.42767199968332],[-122.57643500040608,38.4276340001356],[-122.57649999980508,38.42757399969786],[-122.57657000012527,38.42748899969612],[-122.57685499963232,38.427078999814306],[-122.57690300021122,38.426997999996594],[-122.57692900015049,38.426916000071174],[-122.57693699964811,38.42686899996899]]]},"properties":{"GEOID":"060971516022009"}},{"type":"Feature","geometry":{"type":"Polygon","coordinates":[[[-122.60061499962113,38.402612999919256],[-122.6006630002,38.40248699965013],[-122.59881799984528,38.40179699991347],[-122.60061499962113,38.402612999919256]]]},"properties":{"GEOID":"060971516021018"}},{"type":"Feature","geometry":{"type":"Polygon","coordinates":[[[-122.5764310002081,38.433200999781924],[-122.57597500009854,38.43300499990739],[-122.57629800013872,38.43247999965793],[-122.57549800007256,38.43213100013032],[-122.5752899996601,38.43249899991854],[-122.57505100018382,38.43291199979162],[-122.57501199982576,38.43297499981506],[-122.57445600015706,38.433874000058154],[-122.57473499981631,38.433991999724775],[-122.57481500018227,38.43402599977181],[-122.5749230001373,38.434071000306155],[-122.5754870002019,38.43430800012438],[-122.57567499962457,38.4343880002734],[-122.5764310002081,38.433200999781924]]]},"properties":{"GEOID":"060971516021006"}},{"type":"Feature","geometry":{"type":"Polygon","coordinates":[[[-122.59580000005383,38.43808499973092],[-122.59580300042688,38.438026000100166],[-122.59578699963504,38.437939000008065],[-122.59577300028964,38.437904999692826],[-122.5957280000838,38.437831999686324],[-122.59568399970287,38.43778399978632],[-122.59561199973287,38.43773199968281],[-122.59554599961062,38.43769799997373],[-122.59548700005938,38.43767500020287],[-122.59547500036383,38.43767100002779],[-122.5954169997392,38.4376569997652],[-122.59536099966269,38.43764699967649],[-122.59528200001995,38.437642000335224],[-122.59512499966115,38.43765400016094],[-122.59482799956021,38.43769100019719],[-122.59438700041757,38.43776100004287],[-122.59436899997591,38.4377629997761],[-122.59399700043022,38.43781499985733],[-122.59365000010057,38.437861000006144],[-122.59284099981359,38.43796900014872],[-122.59275999962274,38.43799000009903],[-122.59268400035307,38.43801899965179],[-122.59262499990352,38.438051000188096],[-122.5925799996977,38.43807700012967],[-122.59249600003211,38.43815200031458],[-122.59243400010781,38.43822199971319],[-122.59238200022929,38.43829699974746],[-122.59267500013223,38.43842400004996],[-122.59303199960931,38.438580000160094],[-122.59355800003908,38.43880200006035],[-122.5938540003151,38.43892699977344],[-122.59409000031665,38.43902200028319],[-122.59411999955557,38.439037000130014],[-122.59417099960919,38.439061999867874],[-122.59428000028745,38.43913599988545],[-122.59434300003662,38.43919300032272],[-122.59457800021329,38.439471000119035],[-122.5947349996738,38.43963799973256],[-122.5949330000405,38.43984900027595],[-122.59512600038435,38.4397339998495],[-122.59515899999631,38.43970799980109],[-122.59519499998133,38.43968099990334],[-122.59528200001995,38.43958899978488],[-122.5953349997234,38.43947799972298],[-122.59542500013512,38.4392440002314],[-122.59547199999075,38.439084999900466],[-122.59549999957986,38.43899799967735],[-122.59558499996865,38.438745000017974],[-122.59563900039534,38.438576999890536],[-122.59580000005383,38.43808499973092]]]},"properties":{"GEOID":"060971516013007"}},{"type":"Feature","geometry":{"type":"Polygon","coordinates":[[[-122.57696699978533,38.430866999974214],[-122.57700500031847,38.43079999966688],[-122.57691099970882,38.43076500024834],[-122.57680199992886,38.43071499994373],[-122.57673699963155,38.430678999815576],[-122.5766980001718,38.43065799984981],[-122.57655500005669,38.430559999694296],[-122.57644200007876,38.430459000206255],[-122.57639299967494,38.4304069997528],[-122.5763259997278,38.43032300024045],[-122.57625700013085,38.43019799970443],[-122.57618000013795,38.43002600020081],[-122.57617099991714,38.43000500004514],[-122.57613900013006,38.429916000188925],[-122.57608999972626,38.42974799992411],[-122.5758319999834,38.429780999881324],[-122.57576599986116,38.429789999675094],[-122.57562500029417,38.429850999655315],[-122.57553499988245,38.429900999854446],[-122.57545200004179,38.42995899981688],[-122.57537699969873,38.4300230002795],[-122.57534300026187,38.430058000057684],[-122.57531200029973,38.43009799968283],[-122.5752190004133,38.430222999688226],[-122.57506500042753,38.43043199966423],[-122.57496699961992,38.430564000263324],[-122.57487700010654,38.430686000271955],[-122.5748319999007,38.43077000006575],[-122.57480599996143,38.43084300017582],[-122.5747909998928,38.43091900009636],[-122.5747900000679,38.4310110000042],[-122.5747900000679,38.43103299982711],[-122.57480500013651,38.43111999979688],[-122.57482299967985,38.43117199973684],[-122.57486500041097,38.431254999712266],[-122.5749089998936,38.43131699981823],[-122.57493300018302,38.43134100016273],[-122.57499400028239,38.43140100028541],[-122.57507600029818,38.43145799979283],[-122.57525200002527,38.43156199985219],[-122.57541400040698,38.43164100027756],[-122.57545200004179,38.43165700020175],[-122.57555999999683,38.4317020001015],[-122.5756410001877,38.431733999919324],[-122.5757419995717,38.431774000023545],[-122.57597900029648,38.4318670001977],[-122.57604700006854,38.43189500015103],[-122.57614900017582,38.43193800000789],[-122.57617400029017,38.43194800018372],[-122.57624899973493,38.43197999989251],[-122.57627399984929,38.43199100000903],[-122.57635199966707,38.43187599973149],[-122.576472000216,38.43170000020041],[-122.57658000017103,38.43152800005224],[-122.57665499961577,38.431410999831854],[-122.57672199956293,38.43128699972822],[-122.57691699955662,38.43093400021937],[-122.57692800032558,38.43091800013497],[-122.57696699978533,38.430866999974214]]]},"properties":{"GEOID":"060971516022000"}},{"type":"Feature","geometry":{"type":"Polygon","coordinates":[[[-122.57871099985769,38.433168999910556],[-122.57871099985769,38.43313700002501],[-122.57866700037508,38.43319600013285],[-122.57858899965896,38.43325799997945],[-122.5785400001535,38.433284000239844],[-122.57843200019843,38.433317999916575],[-122.57832300041851,38.433339999740305],[-122.57827499983958,38.43334799986645],[-122.57821000044058,38.43335999970214],[-122.57815099999104,38.43337300016698],[-122.5780920004398,38.43338899970738],[-122.57803399981519,38.433407999728736],[-122.57797600008884,38.433433000008485],[-122.57792099983726,38.43346499976285],[-122.57787800017958,38.433499000058106],[-122.57783499962355,38.43353600011278],[-122.57779199996583,38.433577999771586],[-122.57775099995796,38.43360800031706],[-122.57767700033811,38.433710000248986],[-122.577634999607,38.43375700012083],[-122.57759000029948,38.433804999883506],[-122.57754099989567,38.43385199969351],[-122.57748900001712,38.433898000256434],[-122.57743499959047,38.43394100032783],[-122.57728599962756,38.43407699981235],[-122.57724799999271,38.434125999982946],[-122.57721700003057,38.43417600003657],[-122.57719600011418,38.43422899980233],[-122.57718900044149,38.4342840000624],[-122.5772460003429,38.43444799997513],[-122.57729200037363,38.434496999893945],[-122.57734900027506,38.434542000134726],[-122.5773939995826,38.434611000308784],[-122.57746800010075,38.434607999874224],[-122.57755299959123,38.43463199982852],[-122.577642000178,38.43464500006433],[-122.57773199969138,38.43464899970334],[-122.5778170000802,38.43463500026202],[-122.57789499989799,38.434606999963925],[-122.57796500021819,38.43457300019049],[-122.5780289997923,38.43453699987483],[-122.57808200039406,38.43448899989511],[-122.57812400022685,38.4344349997039],[-122.57815900038696,38.43437599990483],[-122.57819600019688,38.43431700005761],[-122.57823399983171,38.43425399979781],[-122.57827700038773,38.43419499985083],[-122.57831900022053,38.43414000022665],[-122.57832599989324,38.434128999733794],[-122.5783519998325,38.434034999740184],[-122.57840899973391,38.43397499969525],[-122.57852500008484,38.43385700000085],[-122.57857699996339,38.4337940000433],[-122.57862200016923,38.43373000010833],[-122.57865399995629,38.43366099979607],[-122.57867999989556,38.433441000124326],[-122.57867800024572,38.43337899973117],[-122.57867700042081,38.43332699997321],[-122.57869499996416,38.43321600013457],[-122.57871099985769,38.433168999910556]]]},"properties":{"GEOID":"060971516021008"}},{"type":"Feature","geometry":{"type":"Polygon","coordinates":[[[-122.57629800013872,38.43247999965793],[-122.57614900017582,38.43193800000789],[-122.57549800007256,38.43213100013032],[-122.57629800013872,38.43247999965793]]]},"properties":{"GEOID":"060971516021009"}},{"type":"Feature","geometry":{"type":"Polygon","coordinates":[[[-122.57999799999557,38.42777800027903],[-122.57997700007917,38.42763600014931],[-122.57988599984259,38.427490999713854],[-122.57973299968171,38.427385000104344],[-122.5795350002133,38.427278000327455],[-122.5791979999294,38.42717799978098],[-122.5790010002859,38.42710200014569],[-122.57889400015581,38.42707199971201],[-122.57880299991919,38.42712499976592],[-122.57877199995706,38.42720100008077],[-122.57877199995706,38.427292999799285],[-122.57880299991919,38.42737700002128],[-122.57886400001857,38.42746100014558],[-122.57894000018655,38.42755200022857],[-122.5791979999294,38.427677999721205],[-122.57965700041204,38.42798000027984],[-122.57976399964384,38.42796400024461],[-122.57987099977396,38.42794200019044],[-122.57996200001054,38.427857999921926],[-122.57999799999557,38.42777800027903]]]},"properties":{"GEOID":"060971516022004"}},{"type":"Feature","geometry":{"type":"Polygon","coordinates":[[[-122.58064400007594,38.42407800001963],[-122.58071799969578,38.42385800000635],[-122.58050099996082,38.423820999919045],[-122.58036500041668,38.42380999996558],[-122.58019999966193,38.423807999845856],[-122.58007199961541,38.42383199987089],[-122.57995199996483,38.42387500030634],[-122.5798440000098,38.42393500029832],[-122.57966499990965,38.42407900007578],[-122.57940399979374,38.42429199974792],[-122.5793300001739,38.424366000124685],[-122.57924599961,38.42443400011879],[-122.57918899970859,38.42448000034753],[-122.57906700040816,38.4245610001743],[-122.57899000041526,38.424598999931376],[-122.57890699967625,38.42462899998477],[-122.5787619999113,38.42465599988138],[-122.57865300013137,38.424665000313894],[-122.5785910002071,38.42468399981568],[-122.57851800041217,38.42472499964961],[-122.57847900005412,38.424759999884174],[-122.57844899991687,38.42480099967497],[-122.57841700012982,38.42487000000839],[-122.57840500043424,38.42491299982586],[-122.57840500043424,38.42495699966173],[-122.57842499962743,38.42502100033475],[-122.57845099956667,38.42505999989232],[-122.57852000006199,38.425120000307444],[-122.57859799987979,38.42516099989387],[-122.57867499987269,38.425182000050626],[-122.57875000021575,38.42518900033611],[-122.57884399992709,38.42517999996895],[-122.57897799982139,38.42511400005704],[-122.57910300039316,38.425031000060926],[-122.57930400023463,38.42485500003334],[-122.57939299992307,38.424785999685575],[-122.5795340003884,38.42467700018503],[-122.57969699969671,38.424566999766874],[-122.5798030000019,38.42452000024728],[-122.5798659997511,38.42449499969674],[-122.58012799969192,38.42439300011967],[-122.58034100012725,38.42432099987609],[-122.58045199955703,38.424264999715234],[-122.58051699985434,38.42421900005329],[-122.58057499958066,38.42416599997809],[-122.58064400007594,38.42407800001963]]]},"properties":{"GEOID":"060971516022006"}},{"type":"Feature","geometry":{"type":"Polygon","coordinates":[[[-122.57990000008627,38.43098099978706],[-122.57993299969824,38.430840000288455],[-122.57972799965884,38.430807000111486],[-122.57968599982605,38.43080100033363],[-122.57945999987024,38.43078600018299],[-122.57928300031823,38.4307890000726],[-122.57910699969283,38.43080300025963],[-122.5790830003017,38.430806000148536],[-122.57890400020155,38.43084500010072],[-122.57873799962188,38.43088200010802],[-122.57852400025993,38.43091800013497],[-122.57842600035066,38.43093500018054],[-122.57822700015902,38.43096299979156],[-122.57798199993664,38.43098900017457],[-122.57795900037043,38.430991000095425],[-122.57779399961568,38.43098399966862],[-122.57759299977418,38.430960999869974],[-122.57741700004709,38.43092899970956],[-122.57737299966617,38.430917000173515],[-122.577269999734,38.430891999726335],[-122.57712800034213,38.43084700002551],[-122.57700500031847,38.43079999966688],[-122.57696699978533,38.430866999974214],[-122.57692800032558,38.43091800013497],[-122.57691699955662,38.43093400021937],[-122.57672199956293,38.43128699972822],[-122.57665499961577,38.431410999831854],[-122.57704600032633,38.431547999812324],[-122.57718000022064,38.4315960003398],[-122.57757799970561,38.4317219998134],[-122.57761200004077,38.43173299996921],[-122.57807099962508,38.431815000054534],[-122.57825200027337,38.43184000018215],[-122.57838000031988,38.43185899990746],[-122.57853099993262,38.43187699967961],[-122.57866200035221,38.431906000280485],[-122.57880100026938,38.43192999972552],[-122.5790280000501,38.43197099966798],[-122.57921600037106,38.4320229996988],[-122.57935299974011,38.43206099975177],[-122.57948499998459,38.431823000349645],[-122.57949500003032,38.431806999758535],[-122.57962300007684,38.43161300022574],[-122.57970300044279,38.43146999994262],[-122.57977200003977,38.43132300025692],[-122.57985499988045,38.43111999979688],[-122.57985999990329,38.43110099987717],[-122.57990000008627,38.43098099978706]]]},"properties":{"GEOID":"060971516022008"}},{"type":"Feature","geometry":{"type":"Polygon","coordinates":[[[-122.59852999996521,38.43890799979722],[-122.598543000384,38.43884900013545],[-122.59848599958428,38.43873099996362],[-122.5984799997365,38.43867300001119],[-122.59847800008666,38.43853899974884],[-122.59848099956139,38.438299000169486],[-122.59847100041397,38.438128000123136],[-122.59844899977433,38.43800100000354],[-122.59841100013952,38.43792100033986],[-122.59837699980433,38.43785099994569],[-122.59832800029884,38.43778799995515],[-122.59827399987216,38.43773900015903],[-122.59822899966632,38.43770300001475],[-122.59818099998574,38.43767699993848],[-122.59814400017582,38.43766400024869],[-122.59811599968842,38.4376569997652],[-122.59805299993923,38.43765900020496],[-122.59802199997706,38.43766699985254],[-122.59799100001494,38.437682999848676],[-122.59795300038012,38.43772099973731],[-122.59792599971762,38.4377629997761],[-122.59789800012854,38.437855999976115],[-122.59786200014351,38.437987999668444],[-122.59783799985405,38.438071000252215],[-122.5978050002421,38.438167000342176],[-122.59775400018847,38.438273000307866],[-122.5976989999369,38.438358000280765],[-122.59766799997476,38.438404999941355],[-122.59755400017195,38.43854399973157],[-122.597509999791,38.43860900017948],[-122.59749399989751,38.43865300011385],[-122.59747700017905,38.43869700002145],[-122.597473999806,38.438739000196044],[-122.59748899987461,38.43878200019869],[-122.59749999974527,38.43880600017271],[-122.59752499985964,38.438840999915264],[-122.59756400021769,38.43886800012721],[-122.59761400044638,38.43889100022161],[-122.59765999957884,38.43890100013806],[-122.59774099976968,38.43890699994647],[-122.59778400032572,38.43890699994647],[-122.59789499975548,38.438900000287155],[-122.59803799987063,38.43888999966704],[-122.59819400040453,38.43888399985716],[-122.59831200040533,38.43888700011396],[-122.5984029997436,38.43889299992359],[-122.59852999996521,38.43890799979722]]]},"properties":{"GEOID":"060971516013009"}},{"type":"Feature","geometry":{"type":"Polygon","coordinates":[[[-122.60397100041969,38.4411299998469],[-122.60420700042125,38.44097599996644],[-122.60376300000722,38.44052199979576],[-122.6036130002194,38.44037299988145],[-122.60354899974698,38.44030900014967],[-122.6032190000341,38.43998300021747],[-122.60312199994974,38.43990899966092],[-122.60302099966738,38.439814000318485],[-122.60296999961375,38.43975099993016],[-122.60289599999392,38.43967599999931],[-122.60283599971945,38.439623000010556],[-122.60272000026683,38.439507000085264],[-122.60256499955783,38.43936800003841],[-122.60248099989224,38.439300999879706],[-122.6023400003252,38.43921300007045],[-122.6022890002716,38.4391900000786],[-122.60218499961621,38.439141999674376],[-122.60205699956968,38.439093000093656],[-122.60135199993807,38.43882500017579],[-122.60111799958635,38.438735999933094],[-122.60066099965186,38.43856500021825],[-122.60023800005254,38.43838800024729],[-122.60012400024975,38.438325000021734],[-122.60001700011964,38.43825500001935],[-122.59986999980654,38.438138000145216],[-122.59975900037678,38.43802299980759],[-122.59967900001082,38.437923000068665],[-122.59964300002582,38.43787199993037],[-122.59961500043674,38.43782900008927],[-122.59958399957627,38.43777700001817],[-122.59955199978923,38.43771800013565],[-122.59954000009365,38.437692999932416],[-122.59950599975846,38.43761700010567],[-122.5994510004052,38.43745099990958],[-122.5994100003973,38.43722599975086],[-122.59933900025219,38.436857000252274],[-122.59923200012207,38.436301999748814],[-122.59916000015205,38.43607800012097],[-122.59910400007557,38.43597199974696],[-122.5990379999533,38.43586900030321],[-122.59898799972459,38.435804000202836],[-122.59896299961024,38.43577100018367],[-122.59887800011977,38.43567700021685],[-122.59878400040841,38.43558900021187],[-122.59872400013396,38.435540000330505],[-122.59868099957797,38.43550600029276],[-122.59855699972937,38.4354329999714],[-122.59852400011742,38.435416000281165],[-122.59847200023887,38.43538900018539],[-122.59828899994078,38.43530699993703],[-122.59819000020659,38.43527000008624],[-122.59780199986905,38.435142999864524],[-122.5976989999369,38.43511100015018],[-122.59750300011832,38.43505100029575],[-122.59744899969164,38.4351630000306],[-122.5973890003155,38.43529000021713],[-122.59732900004104,38.435435999667945],[-122.59728899985807,38.43550199999755],[-122.5972329997816,38.435579999733534],[-122.5972069998423,38.435592999798594],[-122.59713300022246,38.43561299984005],[-122.59706999957494,38.43561700012912],[-122.59673999986208,38.43561600023279],[-122.59560900025814,38.435592999798594],[-122.59552300004438,38.435584000024434],[-122.59544500022659,38.43556699966609],[-122.59537800027942,38.43554399991999],[-122.59530499958619,38.43550600029276],[-122.59523799963902,38.43546099994915],[-122.59515800017141,38.435388000285904],[-122.59512100036149,38.435335999863874],[-122.5950879998512,38.43525799986427],[-122.59507799980545,38.435184000093514],[-122.59506199991193,38.43483600017331],[-122.59508299982835,38.43473399972112],[-122.59512100036149,38.43465300004587],[-122.59516099964615,38.43459600024595],[-122.59520400020216,38.434549000216585],[-122.59526100010358,38.434474999719086],[-122.59538400012723,38.43434000019463],[-122.59525500025579,38.43425600033186],[-122.59512200018641,38.43414499981036],[-122.59502299955388,38.43404500032923],[-122.5949179999719,38.43391199984066],[-122.59485500022271,38.43380800035138],[-122.59477599968167,38.43363900007015],[-122.59475899996323,38.43359900029546],[-122.59458999990885,38.43317899991591],[-122.59450399969514,38.432991000147354],[-122.59448699997668,38.43296599971456],[-122.59441900020462,38.43286600000785],[-122.5943489998844,38.43278399970869],[-122.59423099988364,38.43267500031684],[-122.59421800036316,38.43266299966361],[-122.5940660000272,38.432554000089105],[-122.5939379999807,38.432481000301394],[-122.59382199962974,38.432429999837225],[-122.59380599973619,38.43242300025362],[-122.59367199984189,38.432376000217126],[-122.593454000282,38.432298999776776],[-122.59280300017875,38.43206900001964],[-122.59276899984359,38.43205699996933],[-122.59258800009361,38.43198800016935],[-122.59246699971978,38.431941999796926],[-122.59235100026716,38.431885999915906],[-122.59221300017488,38.43180299996208],[-122.59219499973322,38.43179199981687],[-122.5920809999304,38.431713000260416],[-122.59196999960231,38.43162700025301],[-122.59013400036676,38.4342510000521],[-122.58775599990959,38.43881799980489],[-122.58781500035911,38.438834000249564],[-122.58796000012407,38.43886800012721],[-122.58808800017059,38.43889899973266],[-122.58833699969263,38.438963000010965],[-122.5883519997612,38.43896600026447],[-122.58839699996707,38.43897799987005],[-122.58841299986058,38.438981999972704],[-122.58851800034088,38.43868299995784],[-122.58856099999859,38.4385790003048],[-122.58861100022733,38.4384630001091],[-122.58874500012163,38.438199000109286],[-122.58889499990946,38.437928999958416],[-122.58906800016182,38.43766699985254],[-122.58919500038343,38.437498000160666],[-122.58921799994964,38.43747700006725],[-122.58923399984316,38.43746400034138],[-122.58935600004189,38.437375999700045],[-122.58949199958603,38.43730500031177],[-122.58959000039361,38.437267000204166],[-122.58969999999849,38.43723699977179],[-122.5897500002272,38.437224000002715],[-122.58987599972558,38.43721200010558],[-122.5899610001144,38.43721499972826],[-122.59004499977999,38.43722700032855],[-122.5901519999101,38.437256000187816],[-122.59023999977366,38.43729199985133],[-122.59030000004812,38.437329999945774],[-122.59035100010172,38.43736299995599],[-122.59042200024683,38.437422000128635],[-122.59048499999602,38.43748600030908],[-122.59056299981384,38.4375919998674],[-122.5906020001719,38.43766799972046],[-122.59061600041561,38.43770800005538],[-122.59067199959377,38.43786600003589],[-122.59081100040927,38.43785199981111],[-122.59100800005277,38.437849000214904],[-122.59102899996917,38.4378500000803],[-122.5911369999242,38.437855999976115],[-122.59126400014581,38.43787299979545],[-122.59138899981927,38.43789799993637],[-122.59151100001802,38.437930999686984],[-122.59168599992019,38.4379959999832],[-122.59179200022541,38.43804700003389],[-122.59205099979319,38.43815700032411],[-122.59238200022929,38.43829699974746],[-122.59243400010781,38.43822199971319],[-122.59249600003211,38.43815200031458],[-122.5925799996977,38.43807700012967],[-122.59262499990352,38.438051000188096],[-122.59268400035307,38.43801899965179],[-122.59275999962274,38.43799000009903],[-122.59284099981359,38.43796900014872],[-122.59365000010057,38.437861000006144],[-122.59399700043022,38.43781499985733],[-122.59436899997591,38.4377629997761],[-122.59438700041757,38.43776100004287],[-122.59482799956021,38.43769100019719],[-122.59512499966115,38.43765400016094],[-122.59528200001995,38.437642000335224],[-122.59536099966269,38.43764699967649],[-122.5954169997392,38.4376569997652],[-122.59547500036383,38.43767100002779],[-122.59548700005938,38.43767500020287],[-122.59554599961062,38.43769799997373],[-122.59561199973287,38.43773199968281],[-122.59568399970287,38.43778399978632],[-122.5957280000838,38.437831999686324],[-122.59577300028964,38.437904999692826],[-122.59578699963504,38.437939000008065],[-122.59580300042688,38.438026000100166],[-122.59580000005383,38.43808499973092],[-122.59563900039534,38.438576999890536],[-122.59558499996865,38.438745000017974],[-122.59549999957986,38.43899799967735],[-122.59547199999075,38.439084999900466],[-122.59542500013512,38.4392440002314],[-122.5953349997234,38.43947799972298],[-122.59528200001995,38.43958899978488],[-122.59519499998133,38.43968099990334],[-122.59515899999631,38.43970799980109],[-122.59512600038435,38.4397339998495],[-122.5949330000405,38.43984900027595],[-122.5949749998733,38.43988599989086],[-122.59504500019348,38.43993899968652],[-122.59505699988907,38.43994800032498],[-122.59514700030076,38.440004000285526],[-122.59524299966189,38.440052000116566],[-122.59543099998288,38.44012800019429],[-122.59556499987718,38.44018200034899],[-122.59572899990872,38.440238999960265],[-122.59622199982823,38.44040900010141],[-122.59639000005768,38.44045800019609],[-122.59651200025644,38.44048799999352],[-122.59656400013499,38.44048899982237],[-122.59671700029587,38.44047999995493],[-122.59681799967987,38.4404630000459],[-122.5969109995663,38.44043899991921],[-122.59696300034315,38.44042200000052],[-122.59704600018384,38.440388000151174],[-122.59726499956862,38.440309999981004],[-122.59733999991171,38.44028499997178],[-122.5976439996853,38.44020099998989],[-122.59783399965613,38.44014400034855],[-122.59792900009067,38.440120000115805],[-122.59800500025865,38.440106000328115],[-122.59806999965768,38.44010300012198],[-122.59811099966555,38.440103999956165],[-122.59818099998574,38.44011399970453],[-122.59831499988005,38.440154000091376],[-122.59850999987371,38.44023199972654],[-122.5987340001797,38.44032200006679],[-122.59899500029562,38.44044500030347],[-122.59910200042573,38.44050599972523],[-122.59945700025298,38.440721999674224],[-122.59953300042095,38.44077500026325],[-122.59959600017015,38.44083699993384],[-122.59966899996509,38.440939000206605],[-122.59970300030027,38.44100799989554],[-122.59972300039175,38.44108799965622],[-122.59972400021667,38.44122399974949],[-122.59969999992722,38.441315999894975],[-122.59966999978998,38.441374999651195],[-122.59962999960703,38.44143000009607],[-122.59946099955262,38.4417029999569],[-122.59968900005656,38.44180200027763],[-122.59983499964642,38.44187199965488],[-122.60008400006677,38.44199299974508],[-122.60022100033413,38.442034000305355],[-122.6003960002363,38.442086999931085],[-122.60099799993576,38.442255000332764],[-122.60112799963211,38.44228199997134],[-122.60132799964865,38.44230600018886],[-122.60141100038763,38.4423100001071],[-122.60153000021333,38.44231099991071],[-122.60169500006975,38.442300999763106],[-122.60182499976611,38.44228400028293],[-122.60195299981262,38.442259000253785],[-122.60210299960045,38.44221799982138],[-122.60224999991354,38.44216600009745],[-122.60244200043248,38.44207900006971],[-122.60256200008308,38.44201300012426],[-122.60269199977941,38.441928000233574],[-122.60397100041969,38.4411299998469]],[[-122.598543000384,38.43884900013545],[-122.59852999996521,38.43890799979722],[-122.5984029997436,38.43889299992359],[-122.59831200040533,38.43888700011396],[-122.59819400040453,38.43888399985716],[-122.59803799987063,38.43888999966704],[-122.59789499975548,38.438900000287155],[-122.59778400032572,38.43890699994647],[-122.59774099976968,38.43890699994647],[-122.59765999957884,38.43890100013806],[-122.59761400044638,38.43889100022161],[-122.59756400021769,38.43886800012721],[-122.59752499985964,38.438840999915264],[-122.59749999974527,38.43880600017271],[-122.59748899987461,38.43878200019869],[-122.597473999806,38.438739000196044],[-122.59747700017905,38.43869700002145],[-122.59749399989751,38.43865300011385],[-122.597509999791,38.43860900017948],[-122.59755400017195,38.43854399973157],[-122.59766799997476,38.438404999941355],[-122.5976989999369,38.438358000280765],[-122.59775400018847,38.438273000307866],[-122.5978050002421,38.438167000342176],[-122.59783799985405,38.438071000252215],[-122.59786200014351,38.437987999668444],[-122.59789800012854,38.437855999976115],[-122.59792599971762,38.4377629997761],[-122.59795300038012,38.43772099973731],[-122.59799100001494,38.437682999848676],[-122.59802199997706,38.43766699985254],[-122.59805299993923,38.43765900020496],[-122.59811599968842,38.4376569997652],[-122.59814400017582,38.43766400024869],[-122.59818099998574,38.43767699993848],[-122.59822899966632,38.43770300001475],[-122.59827399987216,38.43773900015903],[-122.59832800029884,38.43778799995515],[-122.59837699980433,38.43785099994569],[-122.59841100013952,38.43792100033986],[-122.59844899977433,38.43800100000354],[-122.59847100041397,38.438128000123136],[-122.59848099956139,38.438299000169486],[-122.59847800008666,38.43853899974884],[-122.5984799997365,38.43867300001119],[-122.59848599958428,38.43873099996362],[-122.598543000384,38.43884900013545]],[[-122.59282300027024,38.43593099996547],[-122.59283099976786,38.43603300013384],[-122.59281800024738,38.43606799981353],[-122.5927989999808,38.43609299987584],[-122.59275200012513,38.4361249998586],[-122.59272600018586,38.43613400026899],[-122.59256999965193,38.43616700012229],[-122.59234299987124,38.43623299978358],[-122.5922349999162,38.4362720003227],[-122.59213600018198,38.436300999861984],[-122.59204099974743,38.43633099997965],[-122.59195600025694,38.43636500033253],[-122.59185800034764,38.43640800034197],[-122.59176799993595,38.43645499986477],[-122.5916490001103,38.43654699975538],[-122.59148599990364,38.43669499994533],[-122.59143700039817,38.43674999973414],[-122.59137399975066,38.43681899990886],[-122.5913200002223,38.43688700013896],[-122.59127500001645,38.43692000035166],[-122.59124800025229,38.43694199978149],[-122.5911729999092,38.436976999724116],[-122.59111299963475,38.43696800012247],[-122.59104800023574,38.43694699987483],[-122.59098100028858,38.436911000039274],[-122.59095699999914,38.43689200023611],[-122.59082300010483,38.43683300033401],[-122.59072799967028,38.43680199984138],[-122.5906220002634,38.4367810002491],[-122.59058000043058,38.436772999799686],[-122.59044599963796,38.43676199970807],[-122.59038799991167,38.43676099982759],[-122.5903839997137,38.43668600030854],[-122.59036600017035,38.43656800011939],[-122.59035399957646,38.436480999677485],[-122.59034899955358,38.43633799988805],[-122.59037700004102,38.43624300006817],[-122.59040899982804,38.43618199985867],[-122.59052199980597,38.43604000007113],[-122.59064400000469,38.43589000016071],[-122.5909190003643,38.43554499981732],[-122.59094899960321,38.43551899966752],[-122.59099999965682,38.435495999906095],[-122.59103800018998,38.435488999916046],[-122.59112600005353,38.43550100009957],[-122.59122700033586,38.43554200012525],[-122.59129500010795,38.43555999968293],[-122.5913279997199,38.43556900016375],[-122.59166300035398,38.43562300021052],[-122.59199499971669,38.43566799974949],[-122.59205699964095,38.43567600032135],[-122.59250600007785,38.43567299993106],[-122.59256700017723,38.43567999990326],[-122.59265099984279,38.43570599999508],[-122.59271199994215,38.43574099983324],[-122.59272799983569,38.43575399986936],[-122.59277499969137,38.435805000096614],[-122.59278999975996,38.43582899965295],[-122.59282300027024,38.43593099996547]]]},"properties":{"GEOID":"060971516013005"}},{"type":"Feature","geometry":{"type":"Polygon","coordinates":[[[-122.59744899969164,38.4351630000306],[-122.59750300011832,38.43505100029575],[-122.59737199969877,38.43500900008652],[-122.59722600010888,38.43496200032599],[-122.59698000006158,38.43488900015825],[-122.59685000036525,38.43485000027933],[-122.59661799966334,38.43477899981424],[-122.59612999976672,38.43461300012926],[-122.5958279996429,38.434511000065704],[-122.59568399970287,38.43445400015368],[-122.5955940001895,38.434410999684125],[-122.59548700005938,38.43437900034903],[-122.59538400012723,38.43434000019463],[-122.59526100010358,38.434474999719086],[-122.59520400020216,38.434549000216585],[-122.59516099964615,38.43459600024595],[-122.59512100036149,38.43465300004587],[-122.59508299982835,38.43473399972112],[-122.59506199991193,38.43483600017331],[-122.59507799980545,38.435184000093514],[-122.5950879998512,38.43525799986427],[-122.59512100036149,38.435335999863874],[-122.59515800017141,38.435388000285904],[-122.59523799963902,38.43546099994915],[-122.59530499958619,38.43550600029276],[-122.59537800027942,38.43554399991999],[-122.59544500022659,38.43556699966609],[-122.59552300004438,38.435584000024434],[-122.59560900025814,38.435592999798594],[-122.59673999986208,38.43561600023279],[-122.59706999957494,38.43561700012912],[-122.59713300022246,38.43561299984005],[-122.5972069998423,38.435592999798594],[-122.5972329997816,38.435579999733534],[-122.59728899985807,38.43550199999755],[-122.59732900004104,38.435435999667945],[-122.5973890003155,38.43529000021713],[-122.59744899969164,38.4351630000306]]]},"properties":{"GEOID":"060971516013008"}},{"type":"Feature","geometry":{"type":"Polygon","coordinates":[[[-122.59067199959377,38.43786600003589],[-122.59061600041561,38.43770800005538],[-122.5906020001719,38.43766799972046],[-122.59056299981384,38.4375919998674],[-122.59048499999602,38.43748600030908],[-122.59042200024683,38.437422000128635],[-122.59035100010172,38.43736299995599],[-122.59030000004812,38.437329999945774],[-122.59023999977366,38.43729199985133],[-122.5901519999101,38.437256000187816],[-122.59004499977999,38.43722700032855],[-122.5899610001144,38.43721499972826],[-122.58987599972558,38.43721200010558],[-122.5897500002272,38.437224000002715],[-122.58969999999849,38.43723699977179],[-122.58959000039361,38.437267000204166],[-122.58949199958603,38.43730500031177],[-122.58935600004189,38.437375999700045],[-122.58923399984316,38.43746400034138],[-122.58921799994964,38.43747700006725],[-122.58919500038343,38.437498000160666],[-122.58906800016182,38.43766699985254],[-122.58889499990946,38.437928999958416],[-122.58874500012163,38.438199000109286],[-122.58861100022733,38.4384630001091],[-122.58856099999859,38.4385790003048],[-122.58851800034088,38.43868299995784],[-122.58841299986058,38.438981999972704],[-122.58858600011295,38.43901900003196],[-122.58880500039608,38.43906699981438],[-122.58910499997174,38.43913599988545],[-122.58927800022408,38.4391760001106],[-122.5892999999654,38.43909800003801],[-122.58938000033133,38.438868999978496],[-122.58941700014125,38.43878999972183],[-122.58948499991331,38.43864599972632],[-122.58956799975401,38.43850100029079],[-122.58965499979261,38.438375999840005],[-122.58976600012073,38.43825900016202],[-122.58984200028871,38.43819499996323],[-122.58994299967274,38.438123000111595],[-122.59004200030525,38.43806499967067],[-122.59017799984936,38.438001999866835],[-122.59027400010885,38.437965999853766],[-122.59035899959933,38.43793499984761],[-122.5904840001711,38.437901000234184],[-122.59067199959377,38.43786600003589]]]},"properties":{"GEOID":"060971516013010"}},{"type":"Feature","geometry":{"type":"Polygon","coordinates":[[[-122.58698299960759,38.431044000087944],[-122.5870320000114,38.43101399988451],[-122.5869680004373,38.43097500002361],[-122.58683799984264,38.430839000325975],[-122.58672599968962,38.430707000229575],[-122.58664200002403,38.43058700018842],[-122.58652200037344,38.4303880003492],[-122.58645899972593,38.430283000036155],[-122.58614999992945,38.42973900012511],[-122.58608100033248,38.429629999655226],[-122.58596699963135,38.429465000077165],[-122.5858799995927,38.429357999863505],[-122.58583299973705,38.42930899997575],[-122.58574499987348,38.429227999844365],[-122.58564399959117,38.42915000028354],[-122.58554400003206,38.429083999777326],[-122.58543299970397,38.42902299985294],[-122.58528799993901,38.42895899991151],[-122.58517300031129,38.428916999677206],[-122.58496800027186,38.42886000027523],[-122.58479699966934,38.42882799988748],[-122.58478400014884,38.42882599990677],[-122.58461300044465,38.42881000005898],[-122.58453599955342,38.42881000005898],[-122.58449500044385,38.42881000005898],[-122.58424400037367,38.428828999877815],[-122.58412399982477,38.42884799969164],[-122.58398999993047,38.428879000080855],[-122.58390600026489,38.42890799977464],[-122.58376800017261,38.42895799992298],[-122.58366100004253,38.42900700004884],[-122.58358200039979,38.42904400029418],[-122.58345400035327,38.429114000078854],[-122.58332100028389,38.429199000279134],[-122.58310700002365,38.42935099998212],[-122.58299200039592,38.42943399993946],[-122.58254799998188,38.42974400001355],[-122.58253000043854,38.42975599974451],[-122.58189100003086,38.430212999977215],[-122.58170799973274,38.430340999691765],[-122.58131100007272,38.43060800017483],[-122.58116399975962,38.43071899980046],[-122.58115200006408,38.43072800018109],[-122.58107000004829,38.43079999966688],[-122.58091699988742,38.430947999674565],[-122.58076600027468,38.43113499987813],[-122.58097600033699,38.43121899985338],[-122.58160599962551,38.431473999757564],[-122.58181599968778,38.43155899999464],[-122.58215100032189,38.431693999792984],[-122.58315700025236,38.43209899978474],[-122.58322199965136,38.432120000035084],[-122.58335100042113,38.432168000182365],[-122.583492999813,38.432233000037655],[-122.58359200044552,38.4322869997647],[-122.5837160002941,38.432365000159216],[-122.58376099960161,38.43241300014357],[-122.58380099978459,38.43247300007918],[-122.58382300042419,38.432520999991745],[-122.58384099996756,38.43260900021777],[-122.58383400029486,38.432699000209965],[-122.58381400020338,38.43276099977969],[-122.58378800026411,38.43280900020451],[-122.58374999973095,38.43288799996929],[-122.58366299969231,38.43307799986902],[-122.58349399963794,38.43340699980181],[-122.58330600021526,38.43373600034655],[-122.58251700001975,38.4349640001368],[-122.5824650001412,38.435045000166824],[-122.58201700042756,38.43575399986936],[-122.58230000028476,38.43585399979807],[-122.58235600036127,38.435877000149134],[-122.5831179998943,38.43619300003872],[-122.58335899991872,38.43628999969843],[-122.58369399965447,38.43642700027251],[-122.58385500021127,38.43617599982378],[-122.58407199994623,38.435934000345],[-122.58411700015208,38.43589000016071],[-122.58416599965759,38.435845000056446],[-122.58425699989417,38.43577599965444],[-122.58438499994071,38.435692999950355],[-122.58455999984288,38.43559000010857],[-122.5847439999659,38.43549699980408],[-122.58488799990593,38.435432000072524],[-122.58516800028839,38.43533699976413],[-122.58561500017717,38.435206000052275],[-122.58577800038378,38.43517799997562],[-122.58590899990503,38.435170000052246],[-122.58601000018737,38.435170000052246],[-122.58615199957929,38.43518699980039],[-122.58629700024255,38.435215999775444],[-122.58645600025123,38.43526300007428],[-122.58666799996332,38.435353000276606],[-122.58673499991048,38.435249999949754],[-122.58677500009344,38.435168000247195],[-122.58680799970541,38.43510400012281],[-122.58684700006347,38.43498199983858],[-122.58686200013207,38.4348950003001],[-122.5868649996068,38.43484200031962],[-122.58686299995699,38.43476399978632],[-122.58683899966755,38.43463299973847],[-122.58680500023067,38.43454800030546],[-122.58679000016204,38.4345069997153],[-122.5867020002985,38.43436099979324],[-122.58657500007689,38.43417199966767],[-122.58655199961237,38.43414200006018],[-122.5864539997031,38.434012000209684],[-122.58638900030407,38.43393300026739],[-122.58608299998231,38.433501999835],[-122.58593099964635,38.43328600009707],[-122.5858510001787,38.43317199970122],[-122.58578199968342,38.43308400016137],[-122.58573599965267,38.432997999675884],[-122.5857030000407,38.432902999683265],[-122.58568899979701,38.43282200006486],[-122.58569100034515,38.432704999830165],[-122.58570600041375,38.432627999740674],[-122.5857230001322,38.43257700008403],[-122.58574900007146,38.43251600029558],[-122.58581600001862,38.43241200020287],[-122.585836999935,38.432386000332244],[-122.58599500011874,38.4321910003002],[-122.58620000015819,38.43195100002506],[-122.58621199985373,38.43193800000789],[-122.58628700019682,38.43181600000351],[-122.58637099986241,38.431697000348585],[-122.58646499957372,38.43158200030652],[-122.58657699972673,38.4314620003121],[-122.58666499959024,38.43134999976208],[-122.58676300039788,38.4312420002735],[-122.58679000016204,38.431215000024295],[-122.58692499988126,38.43109100028774],[-122.58698299960759,38.431044000087944]]]},"properties":{"GEOID":"060971516013011"}},{"type":"Feature","geometry":{"type":"Polygon","coordinates":[[[-122.58660600003903,38.435433999870256],[-122.58666799996332,38.435353000276606],[-122.58645600025123,38.43526300007428],[-122.58629700024255,38.435215999775444],[-122.58615199957929,38.43518699980039],[-122.58601000018737,38.435170000052246],[-122.58590899990503,38.435170000052246],[-122.58577800038378,38.43517799997562],[-122.58561500017717,38.435206000052275],[-122.58516800028839,38.43533699976413],[-122.58488799990593,38.435432000072524],[-122.5847439999659,38.43549699980408],[-122.58455999984288,38.43559000010857],[-122.58438499994071,38.435692999950355],[-122.58425699989417,38.43577599965444],[-122.58416599965759,38.435845000056446],[-122.58411700015208,38.43589000016071],[-122.58407199994623,38.435934000345],[-122.58385500021127,38.43617599982378],[-122.58369399965447,38.43642700027251],[-122.58384699981535,38.43649500016813],[-122.58391200011268,38.43652400032149],[-122.58431200014576,38.43669300018247],[-122.58446799978137,38.43675900006661],[-122.58460300039889,38.436564999766155],[-122.58474200031606,38.43639499971995],[-122.58477699957784,38.43635400017874],[-122.58479900021747,38.436336000115354],[-122.58490200014964,38.43625600001389],[-122.58500300043197,38.436189999669914],[-122.58511499968665,38.436129000119294],[-122.58516900011331,38.43610300017981],[-122.5853780003507,38.43603400002444],[-122.5855900000628,38.43597199974696],[-122.58581400036879,38.43591700006907],[-122.58589499966135,38.43589100005324],[-122.58601500021022,38.4358459999496],[-122.58620400035613,38.43575700025624],[-122.58624399964079,38.435733999866954],[-122.586273999778,38.435713999859054],[-122.5863430002733,38.43567100013994],[-122.58643899963444,38.435597999985404],[-122.58652700039632,38.43551799976984],[-122.58660600003903,38.435433999870256]]]},"properties":{"GEOID":"060971516013012"}},{"type":"Feature","geometry":{"type":"Polygon","coordinates":[[[-122.58763299988591,38.428043999681414],[-122.58766200019824,38.42799300030583],[-122.58757099996166,38.427937000177174],[-122.58744700011309,38.42783699983948],[-122.58724200007367,38.42765900030324],[-122.58723100020302,38.42764900023724],[-122.58702600016359,38.42747800030124],[-122.58668100038211,38.427198000042104],[-122.58656599985608,38.42709600005995],[-122.58635699961869,38.426893999697754],[-122.58620799965576,38.42673699965314],[-122.58606999956352,38.42657299982025],[-122.58606399971572,38.426565000351005],[-122.5859700000044,38.426437000277176],[-122.58585899967632,38.42626899966007],[-122.58575699956907,38.42612500002648],[-122.58558099984198,38.4261989999327],[-122.58505299976237,38.426423999971085],[-122.5848779998602,38.42649900029725],[-122.58517499996111,38.42690799993617],[-122.58524100008334,38.42699299991797],[-122.58538099982542,38.427160000244974],[-122.58552999978835,38.4273210001187],[-122.58577400018584,38.42756400032378],[-122.58594400006514,38.4277169999552],[-122.58612099961715,38.42786299994061],[-122.5863990003498,38.42810099972751],[-122.58657400025197,38.42824300035037],[-122.58670099957527,38.428346000116974],[-122.58704500043017,38.42863400009224],[-122.58719000019512,38.4285280000492],[-122.58722399963199,38.42850400017716],[-122.58735599987651,38.428393999958026],[-122.58744700011309,38.428300000239346],[-122.58752900012885,38.42820099969965],[-122.58756599993876,38.42814499973228],[-122.58763299988591,38.428043999681414]]]},"properties":{"GEOID":"060971516022007"}},{"type":"Feature","geometry":{"type":"Polygon","coordinates":[[[-122.57934699989231,38.43349499965164],[-122.5796409996202,38.433003999974886],[-122.5789369998135,38.432748999844456],[-122.57877799980486,38.43268600032752],[-122.57868300026861,38.43265500016526],[-122.57847599968106,38.432607000341726],[-122.57833500011405,38.43258600023302],[-122.57817299973233,38.432571999687994],[-122.57773300041461,38.432490999698324],[-122.57733900022933,38.43240000020964],[-122.5771199999462,38.43233399985914],[-122.5770999998547,38.43232800020811],[-122.57687999974667,38.43225099971663],[-122.57666399983661,38.43216600029411],[-122.57648200026176,38.432083999903746],[-122.57627399984929,38.43199100000903],[-122.57624899973493,38.43197999989251],[-122.57617400029017,38.43194800018372],[-122.57614900017582,38.43193800000789],[-122.57629800013872,38.43247999965793],[-122.57597500009854,38.43300499990739],[-122.5764310002081,38.433200999781924],[-122.57567499962457,38.4343880002734],[-122.57583500035642,38.4344550000661],[-122.57627899987214,38.43464300024468],[-122.5763170004053,38.43465900020733],[-122.57647700023887,38.434730000086816],[-122.57679899955583,38.43487200033994],[-122.57681699999749,38.43488000029634],[-122.57750200043591,38.43518200028879],[-122.57784300001947,38.435325000256974],[-122.57818699997604,38.43546899984028],[-122.57847200038141,38.434972000083],[-122.57867099967471,38.43462599966481],[-122.57934699989231,38.43349499965164]],[[-122.57871099985769,38.43313700002501],[-122.57871099985769,38.433168999910556],[-122.57869499996416,38.43321600013457],[-122.57867700042081,38.43332699997321],[-122.57867800024572,38.43337899973117],[-122.57867999989556,38.433441000124326],[-122.57865399995629,38.43366099979607],[-122.57862200016923,38.43373000010833],[-122.57857699996339,38.4337940000433],[-122.57852500008484,38.43385700000085],[-122.57840899973391,38.43397499969525],[-122.5783519998325,38.434034999740184],[-122.57832599989324,38.434128999733794],[-122.57831900022053,38.43414000022665],[-122.57827700038773,38.43419499985083],[-122.57823399983171,38.43425399979781],[-122.57819600019688,38.43431700005761],[-122.57815900038696,38.43437599990483],[-122.57812400022685,38.4344349997039],[-122.57808200039406,38.43448899989511],[-122.5780289997923,38.43453699987483],[-122.57796500021819,38.43457300019049],[-122.57789499989799,38.434606999963925],[-122.5778170000802,38.43463500026202],[-122.57773199969138,38.43464899970334],[-122.577642000178,38.43464500006433],[-122.57755299959123,38.43463199982852],[-122.57746800010075,38.434607999874224],[-122.5773939995826,38.434611000308784],[-122.57734900027506,38.434542000134726],[-122.57729200037363,38.434496999893945],[-122.5772460003429,38.43444799997513],[-122.57718900044149,38.4342840000624],[-122.57719600011418,38.43422899980233],[-122.57721700003057,38.43417600003657],[-122.57724799999271,38.434125999982946],[-122.57728599962756,38.43407699981235],[-122.57743499959047,38.43394100032783],[-122.57748900001712,38.433898000256434],[-122.57754099989567,38.43385199969351],[-122.57759000029948,38.433804999883506],[-122.577634999607,38.43375700012083],[-122.57767700033811,38.433710000248986],[-122.57775099995796,38.43360800031706],[-122.57779199996583,38.433577999771586],[-122.57783499962355,38.43353600011278],[-122.57787800017958,38.433499000058106],[-122.57792099983726,38.43346499976285],[-122.57797600008884,38.433433000008485],[-122.57803399981519,38.433407999728736],[-122.5780920004398,38.43338899970738],[-122.57815099999104,38.43337300016698],[-122.57821000044058,38.43335999970214],[-122.57827499983958,38.43334799986645],[-122.57832300041851,38.433339999740305],[-122.57843200019843,38.433317999916575],[-122.5785400001535,38.433284000239844],[-122.57858899965896,38.43325799997945],[-122.57866700037508,38.43319600013285],[-122.57871099985769,38.43313700002501]]]},"properties":{"GEOID":"060971516021007"}},{"type":"Feature","geometry":{"type":"Polygon","coordinates":[[[-122.59267500013223,38.42305899968964],[-122.59312000037116,38.42106900002375],[-122.59066599974601,38.42114799996338],[-122.58894400031325,38.42012000023238],[-122.58181400003797,38.41586499979384],[-122.58108400029202,38.41698800018726],[-122.57603299982486,38.424279999812825],[-122.57338400010433,38.428106999729756],[-122.57342000008936,38.428121999733136],[-122.57552599966164,38.42898200034781],[-122.573867999803,38.43144600034469],[-122.5750789997729,38.43196799982743],[-122.57549800007256,38.43213100013032],[-122.57614900017582,38.43193800000789],[-122.57604700006854,38.43189500015103],[-122.57597900029648,38.4318670001977],[-122.5757419995717,38.431774000023545],[-122.5756410001877,38.431733999919324],[-122.57555999999683,38.4317020001015],[-122.57545200004179,38.43165700020175],[-122.57541400040698,38.43164100027756],[-122.57525200002527,38.43156199985219],[-122.57507600029818,38.43145799979283],[-122.57499400028239,38.43140100028541],[-122.57493300018302,38.43134100016273],[-122.5749089998936,38.43131699981823],[-122.57486500041097,38.431254999712266],[-122.57482299967985,38.43117199973684],[-122.57480500013651,38.43111999979688],[-122.5747900000679,38.43103299982711],[-122.5747900000679,38.4310110000042],[-122.5747909998928,38.43091900009636],[-122.57480599996143,38.43084300017582],[-122.5748319999007,38.43077000006575],[-122.57487700010654,38.430686000271955],[-122.57496699961992,38.430564000263324],[-122.57506500042753,38.43043199966423],[-122.5752190004133,38.430222999688226],[-122.57531200029973,38.43009799968283],[-122.57534300026187,38.430058000057684],[-122.57537699969873,38.4300230002795],[-122.57545200004179,38.42995899981688],[-122.57553499988245,38.429900999854446],[-122.57562500029417,38.429850999655315],[-122.57576599986116,38.429789999675094],[-122.5758319999834,38.429780999881324],[-122.57608999972626,38.42974799992411],[-122.57606299996208,38.429624999758886],[-122.57604799989346,38.42950799997367],[-122.576035000373,38.42940299978851],[-122.57591900002204,38.42879100023515],[-122.5758739998162,38.4285529999074],[-122.57570899995976,38.428569999806],[-122.57561799972315,38.428568999812086],[-122.57553599970738,38.42855899987209],[-122.57550300009542,38.428554999895674],[-122.57543600014829,38.428541999970854],[-122.57499699975713,38.42836300006436],[-122.5748829999543,38.42832200018451],[-122.57479199971772,38.428279000285485],[-122.57471800009787,38.42823499965863],[-122.57466799986916,38.42820099969965],[-122.57461199979268,38.428152999730315],[-122.57456099973905,38.42810799973007],[-122.57453300014994,38.428065999704565],[-122.57448000044651,38.42797100026044],[-122.57443600006559,38.42786899996261],[-122.57439300040787,38.427720999978035],[-122.57441900034713,38.42758299976668],[-122.57446100017994,38.427459000126966],[-122.57447500042365,38.42743099986105],[-122.5745309996018,38.42732700018575],[-122.57508799999374,38.426519000042695],[-122.57514499989514,38.42645199992367],[-122.57518599990304,38.42641399973401],[-122.57528100033757,38.42635000029541],[-122.57539199976735,38.42630299982486],[-122.57542899957727,38.42629100022389],[-122.57550999976812,38.42627399978876],[-122.57560299965454,38.42626600028639],[-122.5757330002492,38.42626400023473],[-122.57576699968608,38.42603500028565],[-122.575775000082,38.42598600025446],[-122.57581199989193,38.42585899988967],[-122.57582799978545,38.42580400024977],[-122.5759249998698,38.42550299977686],[-122.57596300040296,38.42542200030281],[-122.57598299959615,38.42537800004651],[-122.57608999972626,38.425172999682594],[-122.57617900031303,38.42500000013112],[-122.57632300025307,38.424750000120525],[-122.57640199989581,38.42462399974213],[-122.57644799992654,38.42455199972883],[-122.5765590002546,38.424383000305156],[-122.57689499981532,38.42390099972253],[-122.5772610004115,38.42334300007395],[-122.57743200011572,38.423100999811865],[-122.57746499972768,38.423057000252975],[-122.57761299986569,38.42286599995346],[-122.57775400033101,38.422724000018796],[-122.57789999992089,38.42260400008442],[-122.57802999961721,38.422516000334205],[-122.57812800042483,38.42246200033848],[-122.5783669999011,38.42234899982572],[-122.57853299958246,38.422283000142066],[-122.57873599997205,38.422225000348874],[-122.57888800030801,38.42219299983638],[-122.57904099957055,38.42217000005307],[-122.57916799979216,38.422157999765425],[-122.57928900016601,38.422151999972755],[-122.57945499984734,38.422151999972755],[-122.57962100042701,38.42216100001345],[-122.5798230000934,38.42218200033873],[-122.57990000008627,38.42219600008294],[-122.579950000315,38.422205000118204],[-122.58015100015645,38.42225700014345],[-122.58035399964773,38.42232299985091],[-122.58064099970291,38.4224330001677],[-122.5808650000089,38.42251899986361],[-122.58098899985745,38.42256100029983],[-122.58117200015555,38.42260600023743],[-122.58134200003488,38.42262899988191],[-122.58153600020363,38.42263799986322],[-122.5817880000987,38.42262799980573],[-122.58203699962073,38.422633000186536],[-122.58205000003952,38.42263400026265],[-122.58219499980447,38.42265599982242],[-122.58233299989674,38.42269700010375],[-122.58248299968457,38.42276400018723],[-122.58260900008126,38.422840000164705],[-122.58270299979259,38.42291499999],[-122.58277599958754,38.422988999666245],[-122.58279099965614,38.42300899967989],[-122.58283500003706,38.423066000180896],[-122.58288500026578,38.42314600011683],[-122.58291899970266,38.42321900019215],[-122.58292700009858,38.423235999938804],[-122.58295499968769,38.423316999753105],[-122.58295999971055,38.42335600023083],[-122.5829639999085,38.423386000096734],[-122.58296599955834,38.42348600026353],[-122.58295800006071,38.42357999991404],[-122.58294499964194,38.4236380000267],[-122.58292100025078,38.42375600023342],[-122.58289899961117,38.423950999818594],[-122.58289899961117,38.42409600032375],[-122.58290000033442,38.424133000270174],[-122.58291500040302,38.42424900026452],[-122.58292299990063,38.42428700018573],[-122.58296999975629,38.42443700027228],[-122.58299700041879,38.42449499969674],[-122.58305400032019,38.424613999959604],[-122.58311500041957,38.42471499988107],[-122.58318599966636,38.42481100013538],[-122.58329699999445,38.4249390002759],[-122.58338400003305,38.42502000029169],[-122.58348100011743,38.42509600000662],[-122.58368699998177,38.42525700025909],[-122.58396499981612,38.425463999754726],[-122.58398999993047,38.4254829997501],[-122.58423799962759,38.425681999734664],[-122.58434800013076,38.425785999667546],[-122.58445299971274,38.4258920002165],[-122.58457300026167,38.42604699992916],[-122.58468600023957,38.42620900019949],[-122.58472600042255,38.42626600028639],[-122.5848779998602,38.42649900029725],[-122.58505299976237,38.426423999971085],[-122.58558099984198,38.4261989999327],[-122.58575699956907,38.42612500002648],[-122.58587600029308,38.42607600005636],[-122.58596800035458,38.426053000101994],[-122.58607700013451,38.42603400025657],[-122.58624199999097,38.42602199990719],[-122.58639699980165,38.42602800008211],[-122.58641400041843,38.42603000014035],[-122.58651099960447,38.42604499987138],[-122.58664100019914,38.42608000017008],[-122.58674199958317,38.42611999988742],[-122.5868500004365,38.4261780000716],[-122.58695400019357,38.42625199992352],[-122.58706600034658,38.426344000147196],[-122.58717000010364,38.426442999713906],[-122.58722600018012,38.426484999979536],[-122.58734199963278,38.426582000013816],[-122.58749399996873,38.426728000182585],[-122.58764899977945,38.42690499988532],[-122.58775599990959,38.427130999849254],[-122.58777600000106,38.42720800017057],[-122.58779799974235,38.42733500027435],[-122.58779799974235,38.427344999680145],[-122.58780500031335,38.427491999722704],[-122.58779299971948,38.427620000037926],[-122.58776599995532,38.427745000110285],[-122.58773099979518,38.4278469998795],[-122.58766200019824,38.42799300030583],[-122.58763299988591,38.428043999681414],[-122.58756599993876,38.42814499973228],[-122.58752900012885,38.42820099969965],[-122.58744700011309,38.428300000239346],[-122.58735599987651,38.428393999958026],[-122.58722399963199,38.42850400017716],[-122.58719000019512,38.4285280000492],[-122.58704500043017,38.42863400009224],[-122.58713900014152,38.42871700016999],[-122.58717799960125,38.428748999903135],[-122.58736400027243,38.428900999849624],[-122.58758400038045,38.429088999711176],[-122.58771900009964,38.42920400020497],[-122.58788499978101,38.429081999803714],[-122.58796500014694,38.42903199974123],[-122.58805600038353,38.42897599971458],[-122.58814199969895,38.42893700016045],[-122.5882799997912,38.428892999934455],[-122.58842399973123,38.428868000194],[-122.58852300036378,38.42886200025499],[-122.58882100028961,38.42887400013252],[-122.58883399981008,38.42887300014275],[-122.58896500022965,38.42886900018378],[-122.58913400028405,38.428850999661776],[-122.58926599963021,38.428828999877815],[-122.58941499959313,38.42879900016162],[-122.58956799975401,38.42878700027164],[-122.58961600033291,38.428789000253424],[-122.58976000027292,38.42879700018007],[-122.58992900032734,38.428820999954716],[-122.59007200044246,38.428856000315484],[-122.5902449997965,38.42878800026254],[-122.59037100019322,38.42874599992878],[-122.59053600004965,38.428666999854734],[-122.5906170002405,38.42864600000759],[-122.59067400014193,38.428643000028956],[-122.59073100004333,38.42864799999334],[-122.59091799964108,38.42871700016999],[-122.59101700027361,38.42873500002162],[-122.59106599977909,38.42873799999649],[-122.59121599956691,38.42872100013739],[-122.59139100036741,38.4286909996726],[-122.59144999991864,38.428675999787394],[-122.59149299957633,38.42865199996455],[-122.59149400029956,38.42878500028979],[-122.59149699977431,38.42918399979572],[-122.5914979995992,38.429316999844836],[-122.59181599961651,38.42775700017336],[-122.5920969998239,38.42638399971837],[-122.59250199987987,38.42405500013281],[-122.59267500013223,38.42305899968964]]]},"properties":{"GEOID":"060971516021010"}},{"type":"Feature","geometry":{"type":"Polygon","coordinates":[[[-122.59283099976786,38.43603300013384],[-122.59282300027024,38.43593099996547],[-122.59278999975996,38.43582899965295],[-122.59277499969137,38.435805000096614],[-122.59272799983569,38.43575399986936],[-122.59271199994215,38.43574099983324],[-122.59265099984279,38.43570599999508],[-122.59256700017723,38.43567999990326],[-122.59250600007785,38.43567299993106],[-122.59205699964095,38.43567600032135],[-122.59199499971669,38.43566799974949],[-122.59166300035398,38.43562300021052],[-122.5913279997199,38.43556900016375],[-122.59129500010795,38.43555999968293],[-122.59122700033586,38.43554200012525],[-122.59112600005353,38.43550100009957],[-122.59103800018998,38.435488999916046],[-122.59099999965682,38.435495999906095],[-122.59094899960321,38.43551899966752],[-122.5909190003643,38.43554499981732],[-122.59064400000469,38.43589000016071],[-122.59052199980597,38.43604000007113],[-122.59040899982804,38.43618199985867],[-122.59037700004102,38.43624300006817],[-122.59034899955358,38.43633799988805],[-122.59035399957646,38.436480999677485],[-122.59036600017035,38.43656800011939],[-122.5903839997137,38.43668600030854],[-122.59038799991167,38.43676099982759],[-122.59044599963796,38.43676199970807],[-122.59058000043058,38.436772999799686],[-122.5906220002634,38.4367810002491],[-122.59072799967028,38.43680199984138],[-122.59082300010483,38.43683300033401],[-122.59095699999914,38.43689200023611],[-122.59098100028858,38.436911000039274],[-122.59104800023574,38.43694699987483],[-122.59111299963475,38.43696800012247],[-122.5911729999092,38.436976999724116],[-122.59124800025229,38.43694199978149],[-122.59127500001645,38.43692000035166],[-122.5913200002223,38.43688700013896],[-122.59137399975066,38.43681899990886],[-122.59143700039817,38.43674999973414],[-122.59148599990364,38.43669499994533],[-122.5916490001103,38.43654699975538],[-122.59176799993595,38.43645499986477],[-122.59185800034764,38.43640800034197],[-122.59195600025694,38.43636500033253],[-122.59204099974743,38.43633099997965],[-122.59213600018198,38.436300999861984],[-122.5922349999162,38.4362720003227],[-122.59234299987124,38.43623299978358],[-122.59256999965193,38.43616700012229],[-122.59272600018586,38.43613400026899],[-122.59275200012513,38.4361249998586],[-122.5927989999808,38.43609299987584],[-122.59281800024738,38.43606799981353],[-122.59283099976786,38.43603300013384]]]},"properties":{"GEOID":"060971516013006"}},{"type":"Feature","geometry":{"type":"Polygon","coordinates":[[[-122.58749499979365,38.43399500018487],[-122.58736099989935,38.43385199969351],[-122.58718400034734,38.43363900007015],[-122.58717199975347,38.433623999805384],[-122.58685600028429,38.43319600013285],[-122.58651300015259,38.43271200009013],[-122.58634900012109,38.4324940002208],[-122.58617199967075,38.43229599994985],[-122.58599500011874,38.4321910003002],[-122.585836999935,38.432386000332244],[-122.58581600001862,38.43241200020287],[-122.58574900007146,38.43251600029558],[-122.5857230001322,38.43257700008403],[-122.58570600041375,38.432627999740674],[-122.58569100034515,38.432704999830165],[-122.58568899979701,38.43282200006486],[-122.5857030000407,38.432902999683265],[-122.58573599965267,38.432997999675884],[-122.58578199968342,38.43308400016137],[-122.5858510001787,38.43317199970122],[-122.58593099964635,38.43328600009707],[-122.58608299998231,38.433501999835],[-122.58638900030407,38.43393300026739],[-122.5864539997031,38.434012000209684],[-122.58655199961237,38.43414200006018],[-122.58657500007689,38.43417199966767],[-122.5867020002985,38.43436099979324],[-122.58685999958394,38.43428699980674],[-122.587335999785,38.43406699993143],[-122.58749499979365,38.43399500018487]]]},"properties":{"GEOID":"060971516013013"}},{"type":"Feature","geometry":{"type":"Polygon","coordinates":[[[-122.60607399961894,38.440622999983034],[-122.60607100014421,38.44040599990787],[-122.60598699958034,38.44027399971167],[-122.60479800025004,38.43982000005107],[-122.60439900004188,38.439674000319066],[-122.60436100040704,38.4398280001628],[-122.6042679996223,38.43996299997945],[-122.60409500026825,38.44009800024725],[-122.6036130002194,38.44037299988145],[-122.60376300000722,38.44052199979576],[-122.60420700042125,38.44097599996644],[-122.604570999571,38.4407520000655],[-122.60467100002842,38.440711000184265],[-122.60474399982337,38.440694000329685],[-122.60492100027368,38.44066200026138],[-122.60503099987852,38.44065199988532],[-122.60574399990605,38.44063500001678],[-122.60607399961894,38.440622999983034]]]},"properties":{"GEOID":"060971516023009"}},{"type":"Feature","geometry":{"type":"Polygon","coordinates":[[[-122.58780500031335,38.427491999722704],[-122.58779799974235,38.427344999680145],[-122.58779799974235,38.42733500027435],[-122.58777600000106,38.42720800017057],[-122.58775599990959,38.427130999849254],[-122.58764899977945,38.42690499988532],[-122.58749399996873,38.426728000182585],[-122.58734199963278,38.426582000013816],[-122.58722600018012,38.426484999979536],[-122.58717000010364,38.426442999713906],[-122.58706600034658,38.426344000147196],[-122.58695400019357,38.42625199992352],[-122.5868500004365,38.4261780000716],[-122.58674199958317,38.42611999988742],[-122.58664100019914,38.42608000017008],[-122.58651099960447,38.42604499987138],[-122.58641400041843,38.42603000014035],[-122.58639699980165,38.42602800008211],[-122.58624199999097,38.42602199990719],[-122.58607700013451,38.42603400025657],[-122.58596800035458,38.426053000101994],[-122.58587600029308,38.42607600005636],[-122.58575699956907,38.42612500002648],[-122.58585899967632,38.42626899966007],[-122.5859700000044,38.426437000277176],[-122.58606399971572,38.426565000351005],[-122.58606999956352,38.42657299982025],[-122.58620799965576,38.42673699965314],[-122.58635699961869,38.426893999697754],[-122.58656599985608,38.42709600005995],[-122.58668100038211,38.427198000042104],[-122.58702600016359,38.42747800030124],[-122.58723100020302,38.42764900023724],[-122.58724200007367,38.42765900030324],[-122.58744700011309,38.42783699983948],[-122.58757099996166,38.427937000177174],[-122.58766200019824,38.42799300030583],[-122.58773099979518,38.4278469998795],[-122.58776599995532,38.427745000110285],[-122.58779299971948,38.427620000037926],[-122.58780500031335,38.427491999722704]]]},"properties":{"GEOID":"060971516022012"}},{"type":"Feature","geometry":{"type":"Polygon","coordinates":[[[-122.5758739998162,38.4285529999074],[-122.57584600022709,38.42841599987455],[-122.57576300038642,38.4280070003312],[-122.57573599972395,38.42787099996982],[-122.57570999978465,38.42771499994373],[-122.57569100041641,38.42755100022056],[-122.57567299997476,38.42738800013524],[-122.575662999929,38.427169999674945],[-122.57566399975391,38.426951999964096],[-122.57569100041641,38.4266129999683],[-122.57569399989116,38.42658400005673],[-122.5757330002492,38.42626400023473],[-122.57560299965454,38.42626600028639],[-122.57550999976812,38.42627399978876],[-122.57542899957727,38.42629100022389],[-122.57539199976735,38.42630299982486],[-122.57528100033757,38.42635000029541],[-122.57518599990304,38.42641399973401],[-122.57514499989514,38.42645199992367],[-122.57508799999374,38.426519000042695],[-122.5745309996018,38.42732700018575],[-122.57447500042365,38.42743099986105],[-122.57446100017994,38.427459000126966],[-122.57441900034713,38.42758299976668],[-122.57439300040787,38.427720999978035],[-122.57443600006559,38.42786899996261],[-122.57448000044651,38.42797100026044],[-122.57453300014994,38.428065999704565],[-122.57456099973905,38.42810799973007],[-122.57461199979268,38.428152999730315],[-122.57466799986916,38.42820099969965],[-122.57471800009787,38.42823499965863],[-122.57479199971772,38.428279000285485],[-122.5748829999543,38.42832200018451],[-122.57499699975713,38.42836300006436],[-122.57543600014829,38.428541999970854],[-122.57550300009542,38.428554999895674],[-122.57553599970738,38.42855899987209],[-122.57561799972315,38.428568999812086],[-122.57570899995976,38.428569999806],[-122.5758739998162,38.4285529999074]]]},"properties":{"GEOID":"060971516022010"}},{"type":"Feature","geometry":{"type":"Polygon","coordinates":[[[-122.61331100002434,38.4430349997391],[-122.61332699991787,38.44285999976683],[-122.61330699982639,38.44277699976431],[-122.61327400021442,38.44268500007383],[-122.61317100028225,38.44253899980429],[-122.61312100005354,38.44247199977449],[-122.61298899980908,38.442349999980586],[-122.6126459996774,38.44210299965112],[-122.61248800039196,38.441980999937094],[-122.61224099962145,38.441807000034345],[-122.61215600013094,38.44175500001438],[-122.6120819996128,38.44169800019293],[-122.61201100036601,38.4416359998547],[-122.611891999642,38.44147299990298],[-122.61184599961123,38.44136299974047],[-122.61179600028083,38.441296999843935],[-122.6117159999149,38.44114599977907],[-122.61164700031793,38.44108100020839],[-122.6116099996097,38.44100799989554],[-122.61154299966253,38.44095399965514],[-122.61147900008845,38.44090999971606],[-122.61122200017049,38.44080099992734],[-122.61104700026829,38.44077299990984],[-122.6108220001374,38.4407419997019],[-122.6106039996792,38.44073799969682],[-122.61060600022734,38.44078800009644],[-122.61056600004436,38.440904999897164],[-122.61046700031017,38.44106699990352],[-122.61028200036225,38.441335999758074],[-122.61027499979123,38.441369999864506],[-122.61027099959325,38.44142900028026],[-122.61027399996631,38.441487999944115],[-122.61028300018715,38.4415719998355],[-122.61034400028652,38.441690000288496],[-122.61038500029441,38.44174799992762],[-122.61044300002071,38.441781000029046],[-122.61052000001361,38.44180099976336],[-122.61062700014372,38.441865000283066],[-122.61068200039531,38.44190399989037],[-122.6107440003196,38.44195700031512],[-122.61081700011452,38.44199000032099],[-122.61095600003169,38.442079999876526],[-122.6110120001082,38.44210599977412],[-122.61106200033691,38.442126999928156],[-122.61118500036055,38.44218700023402],[-122.61124700028482,38.442245000177394],[-122.61131000003404,38.44230200027045],[-122.61134699984396,38.44233599992185],[-122.6114139997911,38.442370000260844],[-122.61148199956315,38.442410999903316],[-122.61152900031713,38.44247300027945],[-122.61162999970117,38.442615999877255],[-122.61169300034867,38.442677000278785],[-122.61177799983918,38.442712000255206],[-122.61203899995509,38.44287299992813],[-122.61212099997086,38.442934000112444],[-122.61219799996374,38.44297800022495],[-122.61235799979733,38.44308400016188],[-122.61258499957803,38.44324499970867],[-122.61276500040141,38.44330099992566],[-122.61285400008987,38.443301999715544],[-122.61305199955827,38.443260000085154],[-122.61313699994709,38.44322300008894],[-122.61327199966628,38.4431169996525],[-122.61331100002434,38.4430349997391]]]},"properties":{"GEOID":"060971516023011"}},{"type":"Feature","geometry":{"type":"Polygon","coordinates":[[[-122.648564999769,38.4574349999284],[-122.64856899996697,38.457354999998664],[-122.64855700027141,38.45726900029176],[-122.64854300002767,38.457157999986855],[-122.64852100028638,38.45699300001651],[-122.64850600021778,38.45688799971097],[-122.64844400029348,38.4565650003253],[-122.64842199965388,38.456451999721814],[-122.6484019995624,38.45640200032587],[-122.64836300010263,38.45635700034742],[-122.64830700002614,38.45632599979886],[-122.64826299964521,38.456314999873314],[-122.64821699961443,38.45631200034094],[-122.6481709995837,38.45631800010898],[-122.64751600018081,38.45647800006932],[-122.64739599963188,38.456508000242216],[-122.64692700000182,38.456617999831465],[-122.64675799994744,38.45665800021608],[-122.64614299982918,38.45674700016572],[-122.64571900040497,38.456807999878066],[-122.64559600038133,38.456827000066276],[-122.64433099998476,38.45695400012184],[-122.64362700017806,38.45700300023861],[-122.64324899988628,38.45702699978121],[-122.64284999967813,38.45702999998728],[-122.64271699960872,38.45702600018148],[-122.64206200020584,38.456961000140545],[-122.64180199991485,38.45693600027159],[-122.64120799971299,38.45686499972416],[-122.64084600021306,38.4568309998831],[-122.64090099956636,38.45676399975629],[-122.64094300029744,38.456740000126246],[-122.64098599995515,38.45673300008609],[-122.64125100026901,38.45673800021533],[-122.64126600033762,38.456738999819066],[-122.64132599971379,38.45673300008609],[-122.64141000027769,38.456706999830445],[-122.64174300036363,38.45656999976273],[-122.64178400037147,38.456555000042485],[-122.64163399968535,38.45583899982537],[-122.6411800001239,38.4556289999231],[-122.64128300005606,38.45560699985774],[-122.64128300005606,38.45558899967141],[-122.64132200041412,38.45556299970695],[-122.6413550000261,38.45553400016844],[-122.64136099987387,38.455495000188535],[-122.64130300014754,38.455502000348865],[-122.64125399974377,38.45552199979809],[-122.64119600001743,38.45552300012215],[-122.64113999994095,38.45550299996972],[-122.64110899997881,38.45550299996972],[-122.64107800001666,38.455517999908686],[-122.64099799965074,38.45550299996972],[-122.6409320004268,38.45550100002451],[-122.64083299979427,38.45548000024477],[-122.64070700029589,38.45542699990259],[-122.63880900023773,38.454591999845015],[-122.63903099999558,38.45416500032207],[-122.63816499980716,38.45397099967098],[-122.63776099957613,38.45300099984669],[-122.63658499976633,38.45164299971144],[-122.63605800040995,38.451910000202986],[-122.63513000029728,38.45084299973272],[-122.63451000015618,38.451302999889705],[-122.63326999987393,38.45038199976556],[-122.62874900003455,38.44756800029946],[-122.62834700035162,38.4475920001663],[-122.62729299984225,38.44869699990332],[-122.62726000023028,38.448654000179],[-122.62686600004498,38.44846800004573],[-122.62678200037941,38.44839700031091],[-122.62663099986834,38.44837700029375],[-122.62658700038573,38.44837099986542],[-122.62646699983682,38.448191000150025],[-122.62606299960578,38.44812800003808],[-122.62570000028093,38.448036999857365],[-122.62548400037086,38.44797200016058],[-122.62527299958535,38.44780399969893],[-122.62511299975178,38.44773300001444],[-122.62505699967528,38.44773399974293],[-122.6249379998496,38.447707000033205],[-122.62484800033624,38.44769600020072],[-122.62480599960513,38.44764700009495],[-122.62470100002315,38.44759899968628],[-122.6244220003639,38.44750699981043],[-122.62428900029448,38.447419999888794],[-122.62404999991989,38.44724100035083],[-122.62395200001059,38.4471050003383],[-122.62386099977401,38.44702899986786],[-122.62372000020702,38.44687599965007],[-122.62355700000037,38.446664000205494],[-122.62354399958159,38.44664700034587],[-122.6235169998174,38.44661599984656],[-122.62343899999964,38.446527000063924],[-122.62337299987736,38.44651000017202],[-122.62331299960292,38.44649499976743],[-122.62306900010377,38.4464639999064],[-122.62283300010219,38.446454000334185],[-122.62258899970473,38.44642799989216],[-122.62239299988616,38.446385000222975],[-122.62220499956517,38.44628800005709],[-122.6220580001504,38.44617300003963],[-122.62198299980734,38.44607100012775],[-122.62159500036813,38.44601100023641],[-122.6200100003044,38.44514700006937],[-122.61951499983677,38.44505400011636],[-122.61893700042678,38.445045999880314],[-122.61804100010113,38.445366999950174],[-122.61702699977475,38.44534399980852],[-122.61650100024326,38.44523600014667],[-122.61606500022518,38.44515699982267],[-122.61576999977407,38.44509900010856],[-122.61552100025203,38.44504700034955],[-122.6148629995778,38.444824000186976],[-122.61476200019376,38.44495299979715],[-122.61466900030733,38.44512900008783],[-122.61444900019931,38.44554200017595],[-122.61431000028213,38.445805000300204],[-122.61463999999502,38.445928000339656],[-122.6146869998507,38.445943999911805],[-122.61526299961088,38.44614299979081],[-122.61538999983249,38.446196999666874],[-122.61544000006121,38.44621899978717],[-122.61572000044367,38.446327000088715],[-122.61582000000278,38.44636099995474],[-122.61595600044522,38.446408000032875],[-122.61620499996727,38.446482000258534],[-122.61630299987657,38.44650599978303],[-122.61656399999245,38.44657300028939],[-122.61659699960443,38.446579000163666],[-122.61669700006185,38.44659899997562],[-122.616948000132,38.44664800008941],[-122.6171299997069,38.446673999748604],[-122.61731999967769,38.44670200029111],[-122.61756999992295,38.44672599974243],[-122.61833599965392,38.446771999841054],[-122.61844699998201,38.446781000331086],[-122.61888600037314,38.44682099983738],[-122.61890100044175,38.44673599998052],[-122.61893499987862,38.44659899997562],[-122.61895599979502,38.44654900008362],[-122.61902799976505,38.446408000032875],[-122.6190369999859,38.44639199986001],[-122.61911700035185,38.446271999857636],[-122.61916400020748,38.446226000143874],[-122.6192479998731,38.44616900033552],[-122.61934699960729,38.44612800001351],[-122.61943500036915,38.44610599986547],[-122.6195030001412,38.44609999995182],[-122.61957000008834,38.446100999702935],[-122.61963700003548,38.44611199977858],[-122.61973499994481,38.4461440002449],[-122.61979199984621,38.44617399978973],[-122.61984299989982,38.44620999993067],[-122.61988599955754,38.44625299970412],[-122.61992800028864,38.446313999846],[-122.61995599987775,38.44637599968361],[-122.61997900034225,38.44647299973122],[-122.61997900034225,38.44653000000304],[-122.61997900034225,38.4465579998979],[-122.61996400027367,38.44672299981148],[-122.61993699961117,38.44684799987859],[-122.61990099962617,38.4469610000456],[-122.62011900008436,38.4470159997516],[-122.62030599968209,38.44707300029804],[-122.6205430004069,38.44715799975804],[-122.62075599994388,38.44724499999558],[-122.62083299993681,38.447281000305765],[-122.62106399991549,38.44739000015835],[-122.62123100032005,38.447479000283764],[-122.62171900021669,38.44775100005006],[-122.62186599963147,38.44785199997125],[-122.62200700009677,38.447975000039676],[-122.62209099976235,38.44806400014718],[-122.62216500028052,38.44815800016523],[-122.62225999981676,38.44830099975586],[-122.6223180004414,38.44841099989752],[-122.62238500038856,38.448580000069924],[-122.62242800004627,38.44875500024346],[-122.62244200028995,38.44887199979311],[-122.62246800022922,38.44937900010517],[-122.62248499994767,38.44944800016784],[-122.62252299958249,38.449605000074726],[-122.62256899961325,38.44973400028482],[-122.62261899984196,38.44984700015393],[-122.62270500005569,38.45000399989624],[-122.62282700025443,38.45018199992132],[-122.62293799968418,38.45031400028879],[-122.62315199994443,38.45019899965176],[-122.62332099999884,38.45010300008691],[-122.62341899990813,38.45004700022314],[-122.62344800022045,38.45003100015362],[-122.62351900036556,38.45000500029681],[-122.62358200011475,38.449992000013175],[-122.62368000002402,38.449989000217926],[-122.62374399959813,38.449999000003835],[-122.6238049996975,38.45001599977738],[-122.62388800043648,38.45005700000102],[-122.62428199972346,38.450411999659245],[-122.62431600005867,38.4504889997747],[-122.6243260001044,38.450570999661174],[-122.62431000021091,38.450651999766414],[-122.62428599992145,38.45070300002056],[-122.62423200039309,38.45077299991059],[-122.62415799987492,38.45083000030358],[-122.62406800036155,38.45087199974974],[-122.62402499980551,38.45088200011675],[-122.62374799979611,38.450953999904485],[-122.62349300042627,38.45102499993745],[-122.62353899955872,38.45114400009364],[-122.6235939998103,38.45132499986043],[-122.62360200020622,38.45138700031742],[-122.62359899983318,38.451412999676286],[-122.6235939998103,38.451481000227886],[-122.62356700004614,38.45156499974493],[-122.62352000019045,38.451654000349286],[-122.62347699963445,38.45170800032255],[-122.62342399993098,38.45175699978134],[-122.62336399965655,38.45179900009489],[-122.62326099972438,38.451850999913304],[-122.62311299958637,38.45189500021735],[-122.62301999969995,38.451908000158184],[-122.62332099999884,38.45238800017517],[-122.62333199986949,38.452447999688935],[-122.6233260000217,38.45248899993772],[-122.62329599988446,38.45254500001677],[-122.62325200040186,38.45258600021043],[-122.62319999962502,38.452613999865996],[-122.62314000024888,38.45262300033084],[-122.62310199971571,38.45265500002045],[-122.6230719995785,38.45267300023527],[-122.62301899987504,38.452682999649234],[-122.62295799977568,38.4527080002885],[-122.62289099982854,38.45277600032317],[-122.62276299978201,38.45297899968346],[-122.62271199972837,38.453096000122656],[-122.62269300036013,38.45316100012838],[-122.6226849999642,38.45326200021582],[-122.62268800033723,38.45336300016192],[-122.62270800042874,38.45345900031394],[-122.6227400002158,38.453517000343886],[-122.62295699995076,38.453617999933044],[-122.62361200025197,38.45392499994054],[-122.62382999981187,38.45402700000678],[-122.62425900015725,38.454228999726254],[-122.62554899976986,38.454834999712105],[-122.62561900009008,38.454868000160715],[-122.62597999976508,38.45503599965243],[-122.62629500030768,38.45463999982281],[-122.62631700004897,38.45461299988323],[-122.62650899966962,38.45436499967849],[-122.62677200033366,38.45403600029535],[-122.62700800033521,38.45372199972442],[-122.62705199981782,38.45368199982238],[-122.62713200018378,38.45363399991072],[-122.62716399997083,38.45362100028086],[-122.62732499962928,38.45357500032727],[-122.6274169996908,38.45354999998841],[-122.62746400044479,38.45354500034166],[-122.62751100030046,38.45354999998841],[-122.62755499978307,38.453561999983286],[-122.62761199968446,38.45359500031067],[-122.62776300019556,38.453733999690684],[-122.62798300030357,38.453972000016535],[-122.62804000020498,38.45403099997885],[-122.62851999970566,38.4545280000594],[-122.62865399959996,38.45466699975234],[-122.6288939997995,38.45490600014698],[-122.62890600039334,38.45491799991636],[-122.62917599983179,38.455200999877924],[-122.62971200030732,38.454881999898845],[-122.62985399969924,38.454798000022556],[-122.63037900030409,38.45449799976662],[-122.63041600011401,38.45447899966858],[-122.63057299957453,38.454414000146734],[-122.63068399990262,38.45438100019395],[-122.63115799955557,38.45427299998713],[-122.63015099980015,38.45381000013428],[-122.63050900000044,38.453415000260144],[-122.63163799995455,38.45224700027716],[-122.63158699990093,38.4521990001143],[-122.63145399983156,38.45207000009002],[-122.63125999966279,38.45201700005683],[-122.6312189996549,38.451997000339475],[-122.63007600035539,38.45143399993621],[-122.62982000026236,38.451265000116315],[-122.62961600004785,38.45108400019907],[-122.62929499965747,38.45081099994309],[-122.62945700003918,38.45069499970716],[-122.62999500016453,38.45031099980345],[-122.63549500017025,38.45341100025393],[-122.63551500026175,38.45343900029284],[-122.63583199955583,38.453711000105294],[-122.6362500000306,38.45418300016024],[-122.63644099982629,38.45444900005886],[-122.63696800008098,38.45520000025282],[-122.63731600023554,38.45567499997407],[-122.63699400002025,38.455781000255165],[-122.63643900017648,38.455856000333426],[-122.63627799961968,38.455911999909524],[-122.6363849997498,38.45615700018198],[-122.63642599975769,38.45626999984064],[-122.63644400019935,38.45630500025926],[-122.63645800044306,38.45632599979886],[-122.63665099988857,38.45632599979886],[-122.63696700025606,38.45619100034068],[-122.63729399959588,38.45605200006663],[-122.63765000014635,38.45655199981667],[-122.63767799973543,38.45659099992865],[-122.63804099995862,38.45690399966689],[-122.63813899986792,38.45696400034935],[-122.63849100022041,38.4571800002827],[-122.638574999886,38.45722200025321],[-122.63859599980239,38.45724500012626],[-122.63870700013048,38.45726600009564],[-122.63899599983547,38.45731100021051],[-122.63943100002867,38.45736199997846],[-122.64020900035354,38.45742499976617],[-122.64024600016344,38.457429000253306],[-122.64173099976973,38.457548999991566],[-122.64213400017586,38.45756999987251],[-122.64263999961582,38.457574999943745],[-122.64351599985,38.45753100028978],[-122.64507099977648,38.457412999710364],[-122.64530299958007,38.45739600027273],[-122.64539899983953,38.457391000189034],[-122.64559499965812,38.45738799999799],[-122.64583599968253,38.457396999867335],[-122.64622400002006,38.45742699965803],[-122.64653299981653,38.45745700013977],[-122.64669100000027,38.45747999993784],[-122.64679499975736,38.45749500016922],[-122.64714100026207,38.45756699968892],[-122.64726599993556,38.45759500022522],[-122.6473470001264,38.45761299991104],[-122.64758999980063,38.457667000348515],[-122.64767199981642,38.457685000016426],[-122.64774399978643,38.45770099979558],[-122.64796100041974,38.457748999815244],[-122.64803400021466,38.45776500028366],[-122.64808799974301,38.45777700028091],[-122.64825199977454,38.45781300026074],[-122.64830700002614,38.45782599983868],[-122.64833999963811,38.45783299977278],[-122.64844099992042,38.45785600015443],[-122.64847500025562,38.45786399967381],[-122.64849899964675,38.457774999695296],[-122.64851899973826,38.45760700025075],[-122.64855100042362,38.457514999769465],[-122.648564999769,38.4574349999284]]]},"properties":{"GEOID":"060971516023001"}},{"type":"Feature","geometry":{"type":"Polygon","coordinates":[[[-122.59502400027712,38.43241200020287],[-122.59495700032996,38.43232199985293],[-122.59490799992616,38.432270000037434],[-122.59484799965168,38.432232000094466],[-122.59483500013123,38.432223999844666],[-122.59474899991748,38.43219500007522],[-122.59441599983157,38.4321530003157],[-122.59415399989074,38.43208699973943],[-122.59410899968492,38.43206999996508],[-122.59387100003353,38.43198399967921],[-122.59383199967547,38.43196899977433],[-122.5937980002386,38.43195699970742],[-122.59372000042079,38.43192300009345],[-122.59368299971254,38.43190700022819],[-122.59351200000835,38.431830999940175],[-122.59348600006905,38.43181999979929],[-122.59334200012901,38.431762999873925],[-122.59317800009751,38.431708999755],[-122.59302300028678,38.43164999983952],[-122.59298700030176,38.43163899967105],[-122.59280900002653,38.43158500016311],[-122.59254399971267,38.43149300028284],[-122.59249000018433,38.43147700032231],[-122.5924750001157,38.431472999803866],[-122.59231500028213,38.43140799996808],[-122.59226000003055,38.4313760000058],[-122.59220599960388,38.43132600012427],[-122.59196999960231,38.43162700025301],[-122.5920809999304,38.431713000260416],[-122.59219499973322,38.43179199981687],[-122.59221300017488,38.43180299996208],[-122.59235100026716,38.431885999915906],[-122.59246699971978,38.431941999796926],[-122.59258800009361,38.43198800016935],[-122.59276899984359,38.43205699996933],[-122.59280300017875,38.43206900001964],[-122.593454000282,38.432298999776776],[-122.59367199984189,38.432376000217126],[-122.59380599973619,38.43242300025362],[-122.59382199962974,38.432429999837225],[-122.5939379999807,38.432481000301394],[-122.5940660000272,38.432554000089105],[-122.59421800036316,38.43266299966361],[-122.59423099988364,38.43267500031684],[-122.5943489998844,38.43278399970869],[-122.59440199958786,38.43275400022818],[-122.59456099959652,38.43266500024175],[-122.5946150000232,38.4326359999457],[-122.59469600021404,38.4325899999861],[-122.5949389998883,38.432455999692],[-122.59502400027712,38.43241200020287]]]},"properties":{"GEOID":"060971516023026"}},{"type":"Feature","geometry":{"type":"Polygon","coordinates":[[[-122.62892899995958,38.45534699985653],[-122.62917599983179,38.455200999877924],[-122.62890600039334,38.45491799991636],[-122.6288939997995,38.45490600014698],[-122.62865399959996,38.45466699975234],[-122.62851999970566,38.4545280000594],[-122.62804000020498,38.45403099997885],[-122.62798300030357,38.453972000016535],[-122.62776300019556,38.453733999690684],[-122.62761199968446,38.45359500031067],[-122.62755499978307,38.453561999983286],[-122.62751100030046,38.45354999998841],[-122.62746400044479,38.45354500034166],[-122.6274169996908,38.45354999998841],[-122.62732499962928,38.45357500032727],[-122.62716399997083,38.45362100028086],[-122.62713200018378,38.45363399991072],[-122.62705199981782,38.45368199982238],[-122.62700800033521,38.45372199972442],[-122.62677200033366,38.45403600029535],[-122.62650899966962,38.45436499967849],[-122.62631700004897,38.45461299988323],[-122.62629500030768,38.45463999982281],[-122.62597999976508,38.45503599965243],[-122.62637300012548,38.45521900016105],[-122.62698099967271,38.45550299996972],[-122.62755599960799,38.455763000112206],[-122.62795200034144,38.45594200031781],[-122.62798599977828,38.455917000095674],[-122.62807799983982,38.45584900020749],[-122.6281899999928,38.45578399980956],[-122.62836599971989,38.45568299973524],[-122.62892899995958,38.45534699985653]]]},"properties":{"GEOID":"060971516023004"}},{"type":"Feature","geometry":{"type":"Polygon","coordinates":[[[-122.59220599960388,38.43132600012427],[-122.59210299967171,38.431231000042885],[-122.59205599981605,38.43116899986313],[-122.59186400019544,38.43084300017582],[-122.59183099968514,38.430806000148536],[-122.59181099959368,38.430775999846226],[-122.59179700024828,38.43075299998134],[-122.59177899980662,38.43070199970404],[-122.59176000043836,38.43055000002996],[-122.59176100026328,38.430480000229835],[-122.5917570000653,38.430448999824215],[-122.591723999555,38.430448999824215],[-122.59162499982081,38.43045199972788],[-122.59159300003375,38.43045299969572],[-122.59153199993442,38.43045399966354],[-122.59139100036741,38.43046599998024],[-122.59134100013868,38.430470999818354],[-122.59123999985634,38.4304919998385],[-122.59122099958978,38.4304980003458],[-122.59117399973412,38.430515999753545],[-122.59107900019788,38.4305690000947],[-122.5910239999463,38.43061399996877],[-122.59096100019708,38.43068700023655],[-122.5909410001056,38.430724000324815],[-122.59093699990765,38.430733000001055],[-122.59087300033354,38.43082700007126],[-122.59099999965682,38.43087099982251],[-122.59111400035799,38.43091900009636],[-122.59125499992497,38.43099499993686],[-122.59127500001645,38.431006000203475],[-122.59140999973566,38.43109899995937],[-122.59153799978218,38.43120699966182],[-122.59192299974666,38.43158999992374],[-122.59196999960231,38.43162700025301],[-122.59220599960388,38.43132600012427]]]},"properties":{"GEOID":"060971516023027"}},{"type":"Feature","geometry":{"type":"Polygon","coordinates":[[[-122.59293500042325,38.430301000201226],[-122.5928480003846,38.43030000023122],[-122.59270000024661,38.430283000036155],[-122.59262599972844,38.43028000012553],[-122.59247699976554,38.430274000303825],[-122.59238700025216,38.430277000214716],[-122.5923279998026,38.43027900015529],[-122.59227799957388,38.430288999857105],[-122.59225699965752,38.43029399970752],[-122.59219100043356,38.43031399980939],[-122.59207000005973,38.43036700029881],[-122.59196100027981,38.43040899968977],[-122.59188599993675,38.430427999791554],[-122.59187300041626,38.43043199966423],[-122.5917570000653,38.430448999824215],[-122.59176100026328,38.430480000229835],[-122.59176000043836,38.43055000002996],[-122.59177899980662,38.43070199970404],[-122.59179700024828,38.43075299998134],[-122.59181099959368,38.430775999846226],[-122.59183099968514,38.430806000148536],[-122.59186400019544,38.43084300017582],[-122.59205599981605,38.43116899986313],[-122.59210299967171,38.431231000042885],[-122.59220599960388,38.43132600012427],[-122.5926440001701,38.430727000217004],[-122.59293500042325,38.430301000201226]]]},"properties":{"GEOID":"060971516023028"}},{"type":"Feature","geometry":{"type":"Polygon","coordinates":[[[-122.5972629999188,38.423583000102994],[-122.59728100036047,38.423446999856],[-122.59716800038257,38.42346300018816],[-122.59685000036525,38.42356300024835],[-122.59675599975562,38.423597000279514],[-122.59667299991492,38.42362000031217],[-122.59663899957974,38.423630000232315],[-122.59650899988341,38.423697000154185],[-122.59600599991813,38.42391299972059],[-122.595938999971,38.423934000240216],[-122.59583299966577,38.42394899970283],[-122.5957769995893,38.42394999976072],[-122.59561099990795,38.42392499971667],[-122.59547500036383,38.42389800025052],[-122.59531100033229,38.423887000308724],[-122.59494300008626,38.42387799977931],[-122.59457900003818,38.42389800025052],[-122.59445099999168,38.423914999837365],[-122.59442500005238,38.42392699983311],[-122.59440099976297,38.423956000107815],[-122.59439499991517,38.424046999680826],[-122.59440800033397,38.42412900004861],[-122.59443000007528,38.4241810000963],[-122.59446199986233,38.424229999944515],[-122.59450399969514,38.42427400019643],[-122.59461099982522,38.424357999707205],[-122.5947210003284,38.42442300025863],[-122.59486600009336,38.42448800004777],[-122.59495800015488,38.42455000033348],[-122.59501699970609,38.42460100002914],[-122.59504799966825,38.424652999737],[-122.59505299969112,38.42467099989783],[-122.59504099999556,38.42472300025901],[-122.59501900025424,38.42477299978608],[-122.59497599969822,38.424831999690134],[-122.59494700028421,38.42498300009593],[-122.5949880002921,38.425260999714396],[-122.59498300026922,38.42529200023589],[-122.59496700037572,38.42532099996254],[-122.59492600036782,38.42535399983142],[-122.59481699968954,38.42541900019019],[-122.59474700026767,38.425448999902976],[-122.59463099991672,38.425478000270346],[-122.5944059997858,38.42554699995701],[-122.59428899960996,38.42557600028497],[-122.59395600042232,38.425636000271425],[-122.5939120000414,38.42565200011865],[-122.5938400000714,38.42566099972324],[-122.59379200039082,38.42565600025581],[-122.59375700023071,38.425645999912454],[-122.59365699977327,38.425565999930534],[-122.5936159997654,38.425540999742076],[-122.59354499962026,38.42552099972584],[-122.59349399956666,38.4255180003211],[-122.59340800025126,38.42552599990638],[-122.59334299995393,38.425538999670344],[-122.59336399987033,38.425625999925295],[-122.59336600041847,38.42572999993882],[-122.59335299999968,38.42579900008848],[-122.59320900005964,38.426072999970955],[-122.59315899983092,38.426184000233604],[-122.5931379999145,38.42626100015709],[-122.59312899969369,38.42633900002329],[-122.59313100024181,38.42641799982902],[-122.59315399980802,38.42653399967217],[-122.59318399994527,38.4266039997786],[-122.59321200043267,38.42665000003276],[-122.59322400012822,38.426668999716114],[-122.59330199994604,38.42675900007439],[-122.59336499969525,38.42681199965425],[-122.59343599984034,38.42685899979354],[-122.59354299997048,38.42691200000381],[-122.59366199979614,38.42697699966412],[-122.59375200020784,38.42703899992437],[-122.59383400022361,38.42710700021675],[-122.59390700001853,38.42718099982048],[-122.59396100044519,38.427280999659054],[-122.59398700038449,38.42735599979902],[-122.59400400010291,38.42747000022849],[-122.59399700043022,38.4275859997894],[-122.59397499979062,38.42765500027703],[-122.59393999963048,38.427728000017424],[-122.59386900038369,38.42783099981486],[-122.59380999993418,38.42789400004896],[-122.59368699991052,38.42799800031516],[-122.5936640003443,38.4280180003492],[-122.59361999996335,38.428070999708844],[-122.59358499980327,38.42812799973363],[-122.5935520001913,38.4282199996787],[-122.59354399979537,38.42830700022262],[-122.59354799999332,38.428346000116974],[-122.59356499971177,38.42840199992842],[-122.59359300019919,38.42845499971],[-122.59363400020706,38.428508000156405],[-122.59380099971331,38.428657999921015],[-122.59387299968334,38.42873799999649],[-122.59396300009503,38.42886500022453],[-122.5947070000847,38.427903000077904],[-122.59638900023279,38.42538100016078],[-122.59701500022167,38.42465699992948],[-122.59688600035025,38.42441800000173],[-122.59691399993936,38.42430300033181],[-122.59707200012308,38.423943000058934],[-122.5971909999488,38.42376600013474],[-122.5972629999188,38.423583000102994]]]},"properties":{"GEOID":"060971516023030"}},{"type":"Feature","geometry":{"type":"Polygon","coordinates":[[[-122.60436100040704,38.4398280001628],[-122.60439900004188,38.439674000319066],[-122.60393299988652,38.43950300001169],[-122.60346000005852,38.43932600022978],[-122.60324800034643,38.43925599979076],[-122.60306699969814,38.439257000340305],[-122.60289199979596,38.4393829998134],[-122.60272000026683,38.439507000085264],[-122.60283599971945,38.439623000010556],[-122.60289599999392,38.43967599999931],[-122.60296999961375,38.43975099993016],[-122.60302099966738,38.439814000318485],[-122.60312199994974,38.43990899966092],[-122.6032190000341,38.43998300021747],[-122.60354899974698,38.44030900014967],[-122.6036130002194,38.44037299988145],[-122.60409500026825,38.44009800024725],[-122.6042679996223,38.43996299997945],[-122.60436100040704,38.4398280001628]]]},"properties":{"GEOID":"060971516023022"}},{"type":"Feature","geometry":{"type":"Polygon","coordinates":[[[-122.60734800023636,38.44168099986719],[-122.60733800019062,38.441626000317186],[-122.60731899992403,38.44158200008411],[-122.60729999965746,38.44153799982422],[-122.60728200011411,38.441510000092656],[-122.60723500025846,38.44147200008771],[-122.60719400025059,38.44143899984507],[-122.6070970001662,38.44138400011066],[-122.60706700002896,38.44134799967335],[-122.60706100018118,38.44130600031313],[-122.60706700002896,38.44128700025946],[-122.60698699966301,38.441266999679115],[-122.6068870001039,38.441206000196814],[-122.60687500040835,38.44119599989612],[-122.60684699992095,38.44117299983252],[-122.6067730003011,38.44113600017366],[-122.60671300002664,38.44112299969953],[-122.60657900013236,38.44112699968333],[-122.606513999835,38.44115900024905],[-122.60641000007794,38.441225000271764],[-122.60634800015364,38.441250999773764],[-122.60629000042734,38.441284999920235],[-122.60610600030432,38.441396999834176],[-122.6060279995882,38.44144500014614],[-122.60591700015843,38.441521999978946],[-122.6058860001963,38.441590000000566],[-122.60589100021917,38.44164799972005],[-122.60590600028777,38.44168499982001],[-122.60591899980825,38.44171700013841],[-122.60598400010556,38.441781000029046],[-122.60605900044865,38.44184599967299],[-122.60615700035792,38.4419180000329],[-122.60625000024436,38.44195199986518],[-122.60630799997067,38.44196500019002],[-122.60636599969699,38.441968000318745],[-122.60644000021516,38.441963999678],[-122.60650899981214,38.4419510000566],[-122.6065549998429,38.44193099966024],[-122.6065919996528,38.44192699972105],[-122.60663799968357,38.441914000092936],[-122.60672100042257,38.441855000073666],[-122.60675800023247,38.44183499965075],[-122.60695499987595,38.44179399968106],[-122.60696599974662,38.44178999973428],[-122.60707000040202,38.44175500001438],[-122.60714800021981,38.44172000027746],[-122.60720799959596,38.44170100033282],[-122.6072729998933,38.44169900000508],[-122.60734800023636,38.44168099986719]]]},"properties":{"GEOID":"060971516023013"}},{"type":"Feature","geometry":{"type":"Polygon","coordinates":[[[-122.61200899981785,38.444052999836885],[-122.61199799994722,38.443968000237795],[-122.61195399956627,38.44390899978678],[-122.61184700033448,38.443811999810926],[-122.61157600017279,38.44363299976714],[-122.61145300014915,38.44356699983547],[-122.61134199982106,38.44349200035161],[-122.61124800010974,38.443407999880314],[-122.6111610000711,38.44328700005139],[-122.61105499976591,38.44310800011272],[-122.61098000032115,38.44302000001944],[-122.61072099985505,38.442799000223566],[-122.61063600036456,38.44276500008665],[-122.6106249995956,38.44276100019368],[-122.61052400021156,38.442755999799395],[-122.61044399984563,38.44275800009785],[-122.61035099995921,38.442789999940544],[-122.61021200004201,38.4429079998095],[-122.6101190001556,38.44297800022495],[-122.61043600034803,38.44325000006903],[-122.61138899967675,38.44406800004544],[-122.61170699969406,38.44434099977878],[-122.611935000198,38.44418100034378],[-122.61198899972635,38.44412800014493],[-122.61200899981785,38.444052999836885]]]},"properties":{"GEOID":"060971516023010"}},{"type":"Feature","geometry":{"type":"Polygon","coordinates":[[[-122.60838400030406,38.44172000027746],[-122.60837699973307,38.4416540000038],[-122.60836500003751,38.44160899997448],[-122.60833900009824,38.44156700006251],[-122.60830300011324,38.44152999990206],[-122.60825899973229,38.44149800020436],[-122.60818199973939,38.44146400015823],[-122.60812599966292,38.44145200026229],[-122.60765200000998,38.44127699996998],[-122.60743899957463,38.44121499997369],[-122.60741600000841,38.4412089996535],[-122.60730800005338,38.44120300003636],[-122.60720199974816,38.4412170003149],[-122.6071189999075,38.44123800002396],[-122.60709100031842,38.44125600027227],[-122.60706700002896,38.44128700025946],[-122.60706100018118,38.44130600031313],[-122.60706700002896,38.44134799967335],[-122.6070970001662,38.44138400011066],[-122.60719400025059,38.44143899984507],[-122.60723500025846,38.44147200008771],[-122.60728200011411,38.441510000092656],[-122.60729999965746,38.44153799982422],[-122.60731899992403,38.44158200008411],[-122.60733800019062,38.441626000317186],[-122.60734800023636,38.44168099986719],[-122.6073499998862,38.44170100033282],[-122.60738300039647,38.44179200005951],[-122.60741199981047,38.4418379997849],[-122.60747200008491,38.44190399989037],[-122.60752200031364,38.44196999993544],[-122.60755400010069,38.442039000045995],[-122.60756599979624,38.44208799973779],[-122.60759500010856,38.442202000126784],[-122.607647999812,38.44219400027821],[-122.60770100041377,38.44218800003934],[-122.60781000019374,38.44217799987469],[-122.60786399972207,38.442173999949176],[-122.6079549999587,38.44217000002345],[-122.60813700043187,38.44216299997694],[-122.60822799977015,38.44216500029183],[-122.60831999983166,38.4421679997087],[-122.60831900000674,38.442068000083],[-122.60833900009824,38.44191999965097],[-122.60836300038767,38.44183499965075],[-122.60837099988527,38.44180899965549],[-122.60837500008324,38.44177600027048],[-122.60838400030406,38.44172000027746]]]},"properties":{"GEOID":"060971516023012"}},{"type":"Feature","geometry":{"type":"Polygon","coordinates":[[[-122.59934799957469,38.42160200020432],[-122.59955699981208,38.42122900000779],[-122.59863200007246,38.420922000280264],[-122.59797400029649,38.42094300026195],[-122.59312000037116,38.42106900002375],[-122.59267500013223,38.42305899968964],[-122.59250199987987,38.42405500013281],[-122.5920969998239,38.42638399971837],[-122.59181599961651,38.42775700017336],[-122.5914979995992,38.429316999844836],[-122.59149900032244,38.429432999957506],[-122.59150400034532,38.429780999881324],[-122.59150599999512,38.429897999927896],[-122.59152299971358,38.43000899994124],[-122.59157499959213,38.430340999691765],[-122.59159300003375,38.43045299969572],[-122.59162499982081,38.43045199972788],[-122.591723999555,38.430448999824215],[-122.5917570000653,38.430448999824215],[-122.59187300041626,38.43043199966423],[-122.59188599993675,38.430427999791554],[-122.59196100027981,38.43040899968977],[-122.59207000005973,38.43036700029881],[-122.59219100043356,38.43031399980939],[-122.59225699965752,38.43029399970752],[-122.59227799957388,38.430288999857105],[-122.5923279998026,38.43027900015529],[-122.59238700025216,38.430277000214716],[-122.59247699976554,38.430274000303825],[-122.59262599972844,38.43028000012553],[-122.59270000024661,38.430283000036155],[-122.5928480003846,38.43030000023122],[-122.59293500042325,38.430301000201226],[-122.59396300009503,38.42886500022453],[-122.59387299968334,38.42873799999649],[-122.59380099971331,38.428657999921015],[-122.59363400020706,38.428508000156405],[-122.59359300019919,38.42845499971],[-122.59356499971177,38.42840199992842],[-122.59354799999332,38.428346000116974],[-122.59354399979537,38.42830700022262],[-122.5935520001913,38.4282199996787],[-122.59358499980327,38.42812799973363],[-122.59361999996335,38.428070999708844],[-122.5936640003443,38.4280180003492],[-122.59368699991052,38.42799800031516],[-122.59380999993418,38.42789400004896],[-122.59386900038369,38.42783099981486],[-122.59393999963048,38.427728000017424],[-122.59397499979062,38.42765500027703],[-122.59399700043022,38.4275859997894],[-122.59400400010291,38.42747000022849],[-122.59398700038449,38.42735599979902],[-122.59396100044519,38.427280999659054],[-122.59390700001853,38.42718099982048],[-122.59383400022361,38.42710700021675],[-122.59375200020784,38.42703899992437],[-122.59366199979614,38.42697699966412],[-122.59354299997048,38.42691200000381],[-122.59343599984034,38.42685899979354],[-122.59336499969525,38.42681199965425],[-122.59330199994604,38.42675900007439],[-122.59322400012822,38.426668999716114],[-122.59321200043267,38.42665000003276],[-122.59318399994527,38.4266039997786],[-122.59315399980802,38.42653399967217],[-122.59313100024181,38.42641799982902],[-122.59312899969369,38.42633900002329],[-122.5931379999145,38.42626100015709],[-122.59315899983092,38.426184000233604],[-122.59320900005964,38.426072999970955],[-122.59335299999968,38.42579900008848],[-122.59336600041847,38.42572999993882],[-122.59336399987033,38.425625999925295],[-122.59334299995393,38.425538999670344],[-122.59340800025126,38.42552599990638],[-122.59349399956666,38.4255180003211],[-122.59354499962026,38.42552099972584],[-122.5936159997654,38.425540999742076],[-122.59365699977327,38.425565999930534],[-122.59375700023071,38.425645999912454],[-122.59379200039082,38.42565600025581],[-122.5938400000714,38.42566099972324],[-122.5939120000414,38.42565200011865],[-122.59395600042232,38.425636000271425],[-122.59428899960996,38.42557600028497],[-122.5944059997858,38.42554699995701],[-122.59463099991672,38.425478000270346],[-122.59474700026767,38.425448999902976],[-122.59481699968954,38.42541900019019],[-122.59492600036782,38.42535399983142],[-122.59496700037572,38.42532099996254],[-122.59498300026922,38.42529200023589],[-122.5949880002921,38.425260999714396],[-122.59494700028421,38.42498300009593],[-122.59497599969822,38.424831999690134],[-122.59501900025424,38.42477299978608],[-122.59504099999556,38.42472300025901],[-122.59505299969112,38.42467099989783],[-122.59504799966825,38.424652999737],[-122.59501699970609,38.42460100002914],[-122.59495800015488,38.42455000033348],[-122.59486600009336,38.42448800004777],[-122.5947210003284,38.42442300025863],[-122.59461099982522,38.424357999707205],[-122.59450399969514,38.42427400019643],[-122.59446199986233,38.424229999944515],[-122.59443000007528,38.4241810000963],[-122.59440800033397,38.42412900004861],[-122.59439499991517,38.424046999680826],[-122.59440099976297,38.423956000107815],[-122.59442500005238,38.42392699983311],[-122.59445099999168,38.423914999837365],[-122.59457900003818,38.42389800025052],[-122.59494300008626,38.42387799977931],[-122.59531100033229,38.423887000308724],[-122.59547500036383,38.42389800025052],[-122.59561099990795,38.42392499971667],[-122.5957769995893,38.42394999976072],[-122.59583299966577,38.42394899970283],[-122.595938999971,38.423934000240216],[-122.59600599991813,38.42391299972059],[-122.59650899988341,38.423697000154185],[-122.59663899957974,38.423630000232315],[-122.59667299991492,38.42362000031217],[-122.59675599975562,38.423597000279514],[-122.59685000036525,38.42356300024835],[-122.59716800038257,38.42346300018816],[-122.59728100036047,38.423446999856],[-122.59728300001028,38.42342699996369],[-122.59735400015539,38.423322000086216],[-122.59739099996534,38.42324499984448],[-122.5974179997295,38.423165000018194],[-122.59752900005756,38.42306199990029],[-122.59758299958595,38.42304800032387],[-122.59764799988328,38.42303199989977],[-122.59774699961747,38.42302199989688],[-122.59774300031783,38.422926000079826],[-122.59775900021134,38.42278100004098],[-122.59778299960247,38.42268599997905],[-122.59780900044005,38.42261300006879],[-122.59787700021214,38.42246800010539],[-122.59790200032648,38.42235500030582],[-122.59790099960327,38.422241000247936],[-122.59835400023812,38.42211200016921],[-122.5985850002168,38.421761999711556],[-122.59934799957469,38.42160200020432]]]},"properties":{"GEOID":"060971516023029"}},{"type":"Feature","geometry":{"type":"Polygon","coordinates":[[[-122.60994500007834,38.44223599982529],[-122.60994000005549,38.442156999735545],[-122.60991499994113,38.44208099968333],[-122.60985600038991,38.44203800023862],[-122.60967899993958,38.441968000318745],[-122.60929800017306,38.44183499965075],[-122.60920799976135,38.44183600016456],[-122.60915900025589,38.44184799999666],[-122.6091240000958,38.441863999769666],[-122.60906499964624,38.44192199997259],[-122.60904600027798,38.44194199966784],[-122.60900299972195,38.442017999866415],[-122.60892099970619,38.44219599988863],[-122.60892200042942,38.44222599966734],[-122.60893800032295,38.44227400013163],[-122.609082000263,38.44232400017088],[-122.60929399997511,38.442410000101084],[-122.60936299957206,38.442443999701624],[-122.60950099966433,38.44251099975742],[-122.6096339997337,38.44258899965997],[-122.60984899981888,38.44238200000418],[-122.60990099969742,38.442331000201726],[-122.60990900009332,38.4423130002215],[-122.60994500007834,38.44223599982529]]]},"properties":{"GEOID":"060971516023014"}},{"type":"Feature","geometry":{"type":"Polygon","coordinates":[[[-122.6003800003428,38.436297000314426],[-122.60037500031993,38.43617900019312],[-122.60036399955092,38.43613299967616],[-122.60033699978676,38.43607200007739],[-122.6002460004485,38.43589700011187],[-122.60004899990666,38.43556800026676],[-122.59994699979941,38.43538200018503],[-122.5999309999059,38.435351999672946],[-122.59984999971505,38.43524200003436],[-122.59977400044538,38.43516200012798],[-122.59973300043748,38.43513400003426],[-122.59969300025453,38.435113999860114],[-122.59957400042885,38.43505499991229],[-122.5995440002916,38.435042999654634],[-122.5990799997861,38.43487099972961],[-122.59903899977822,38.43485599972081],[-122.5989240001505,38.43482000024993],[-122.59888700034058,38.43488399992233],[-122.59884499960947,38.434942000104236],[-122.59882299986815,38.43497399989348],[-122.59870300021757,38.43512299969292],[-122.59855799955429,38.435283000207114],[-122.59852499994234,38.43533200026291],[-122.59847200023887,38.43538900018539],[-122.59852400011742,38.435416000281165],[-122.59855699972937,38.4354329999714],[-122.59868099957797,38.43550600029276],[-122.59872400013396,38.435540000330505],[-122.59878400040841,38.43558900021187],[-122.59887800011977,38.43567700021685],[-122.59896299961024,38.43577100018367],[-122.59898799972459,38.435804000202836],[-122.5990379999533,38.43586900030321],[-122.59910400007557,38.43597199974696],[-122.59916000015205,38.43607800012097],[-122.59923200012207,38.436301999748814],[-122.59933900025219,38.436857000252274],[-122.5994100003973,38.43722599975086],[-122.59964800004869,38.437201999955214],[-122.59977199989724,38.437190000054436],[-122.59989099972294,38.437171000324696],[-122.59997899958647,38.43716600024682],[-122.60010699963298,38.43714199972763],[-122.6001979998696,38.437110000195645],[-122.60026599964165,38.43705900018666],[-122.60030099980176,38.437016999738255],[-122.60031099984748,38.43699799996298],[-122.60032599991611,38.436970999755246],[-122.60033699978676,38.436882000041415],[-122.6003319997639,38.43681600026977],[-122.60032099989324,38.436764000172616],[-122.6003030003499,38.436674000321936],[-122.60029999997684,38.43659200012574],[-122.60032400026628,38.43648699968708],[-122.60035600005334,38.436398000080246],[-122.60037199994684,38.43635599995094],[-122.6003800003428,38.436297000314426]]]},"properties":{"GEOID":"060971516023024"}},{"type":"Feature","geometry":{"type":"Polygon","coordinates":[[[-122.597000999978,38.43444700006261],[-122.597000999978,38.434367999892594],[-122.59698400025955,38.43430199993371],[-122.59695800032029,38.43425000013685],[-122.59693200038102,38.43421399966014],[-122.59687700012941,38.43415999996688],[-122.5968339995734,38.43412999965078],[-122.596776999672,38.43410000002582],[-122.59665399964837,38.434035999658406],[-122.59648499959393,38.43395499990372],[-122.59636199957029,38.433897000336295],[-122.59621599998044,38.43382299987423],[-122.59602900038269,38.43373000010833],[-122.59595900006248,38.433702000162945],[-122.59587700004673,38.43366999980993],[-122.59578599981012,38.43364800008677],[-122.59566899963427,38.43363600029895],[-122.59554300013586,38.433641999841235],[-122.59533899992137,38.433671999656475],[-122.59524500021006,38.43369499999897],[-122.59516200036936,38.43372100010193],[-122.59512700020927,38.43373000010833],[-122.59502900029999,38.43375600019875],[-122.59485500022271,38.43380800035138],[-122.5949179999719,38.43391199984066],[-122.59502299955388,38.43404500032923],[-122.59512200018641,38.43414499981036],[-122.59525500025579,38.43425600033186],[-122.59538400012723,38.43434000019463],[-122.59548700005938,38.43437900034903],[-122.5955940001895,38.434410999684125],[-122.59568399970287,38.43445400015368],[-122.5958279996429,38.434511000065704],[-122.59612999976672,38.43461300012926],[-122.59661799966334,38.43477899981424],[-122.59685000036525,38.43485000027933],[-122.59695699959707,38.43463099991855],[-122.5969740002138,38.43457799974426],[-122.597000999978,38.43444700006261]]]},"properties":{"GEOID":"060971516023025"}},{"type":"Feature","geometry":{"type":"Polygon","coordinates":[[[-122.6243260001044,38.450570999661174],[-122.62431600005867,38.4504889997747],[-122.62428199972346,38.450411999659245],[-122.62388800043648,38.45005700000102],[-122.6238049996975,38.45001599977738],[-122.62374399959813,38.449999000003835],[-122.62368000002402,38.449989000217926],[-122.62358200011475,38.449992000013175],[-122.62351900036556,38.45000500029681],[-122.62344800022045,38.45003100015362],[-122.62341899990813,38.45004700022314],[-122.62332099999884,38.45010300008691],[-122.62315199994443,38.45019899965176],[-122.62293799968418,38.45031400028879],[-122.62297100019447,38.45034999977149],[-122.62306699955563,38.45044000015842],[-122.62311599995942,38.45048600000017],[-122.62320299999806,38.450583999840546],[-122.62328699966365,38.45069699978558],[-122.62335399961081,38.450786999739776],[-122.62340600038766,38.4508649998437],[-122.62341899990813,38.45088499987482],[-122.62349300042627,38.45102499993745],[-122.62374799979611,38.450953999904485],[-122.62402499980551,38.45088200011675],[-122.62406800036155,38.45087199974974],[-122.62415799987492,38.45083000030358],[-122.62423200039309,38.45077299991059],[-122.62428599992145,38.45070300002056],[-122.62431000021091,38.450651999766414],[-122.6243260001044,38.450570999661174]]]},"properties":{"GEOID":"060971516023002"}},{"type":"Feature","geometry":{"type":"Polygon","coordinates":[[[-122.61476200019376,38.44495299979715],[-122.6148629995778,38.444824000186976],[-122.61471799981284,38.44473000004767],[-122.61335600023018,38.44380700019304],[-122.61350299964496,38.44344900034034],[-122.61484000001158,38.44223899994282],[-122.61255000031623,38.43709800027956],[-122.60932800031028,38.434310999867726],[-122.60922100018016,38.43430999995325],[-122.60892200042942,38.434240000279885],[-122.60870200032137,38.43412799981686],[-122.60860299968887,38.433983999669984],[-122.60863000035137,38.43383800009765],[-122.60577900006616,38.43205999980615],[-122.60195500036075,38.430541000330905],[-122.60153100003825,38.42975799969951],[-122.60021899978597,38.42622699997252],[-122.60053299960536,38.42353399981583],[-122.600262000342,38.4219979997278],[-122.60015900040986,38.422097000325124],[-122.60002799999029,38.42220099978987],[-122.59983499964642,38.422273000035425],[-122.59973300043748,38.42231900023292],[-122.59965399989647,38.42242999993092],[-122.59934900029793,38.42259999977817],[-122.59922600027429,38.42275799974111],[-122.59908800018202,38.42291399991779],[-122.5990370001284,38.42295999970706],[-122.5989459998918,38.42301600017598],[-122.59884100030983,38.42305600018271],[-122.59876699979168,38.42307199989765],[-122.59868999979878,38.423078999683895],[-122.59842799985795,38.42306199990029],[-122.59777299955677,38.42302099982614],[-122.59774699961747,38.42302199989688],[-122.59764799988328,38.42303199989977],[-122.59758299958595,38.42304800032387],[-122.59752900005756,38.42306199990029],[-122.5974179997295,38.423165000018194],[-122.59739099996534,38.42324499984448],[-122.59735400015539,38.423322000086216],[-122.59728300001028,38.42342699996369],[-122.59728100036047,38.423446999856],[-122.5972629999188,38.423583000102994],[-122.59737599989671,38.42370299981852],[-122.59748399985175,38.423743000148534],[-122.59758599995901,38.42379100023383],[-122.59768300004339,38.42384499993982],[-122.5977059996096,38.42386000012463],[-122.59784200005203,38.42395399999219],[-122.59793300028862,38.424025999897836],[-122.5980169999542,38.42410400006653],[-122.59824799993291,38.42435699965496],[-122.59844200010166,38.42459999998027],[-122.59863399972227,38.42485800016932],[-122.59883200008898,38.425171000304374],[-122.59899199992256,38.42538200019884],[-122.59914799955818,38.42555999971719],[-122.59922100025142,38.42565600025581],[-122.59938899958259,38.42591900034473],[-122.59942299991778,38.42597399989705],[-122.59955199978923,38.426241999662636],[-122.59960799986571,38.42630599990071],[-122.59965300007156,38.426374000179514],[-122.59968900005656,38.42644599978393],[-122.59974900033103,38.42663699976501],[-122.59977799974504,38.4268030001931],[-122.59978199994299,38.426948999915034],[-122.59979500036175,38.42701500026125],[-122.59979299981362,38.427113000301524],[-122.59981299990513,38.427589999819446],[-122.59981299990513,38.42765000024389],[-122.59981399973005,38.42772500000065],[-122.59983899984438,38.42785899992568],[-122.59988499987516,38.42795800023049],[-122.59997100008887,38.42804899968727],[-122.60022100033413,38.428253000334124],[-122.60039299986327,38.42836600005462],[-122.60066599967473,38.42859199966891],[-122.60068900013927,38.42860500028843],[-122.60074699986558,38.4286559999356],[-122.60078399967551,38.42871700016999],[-122.60081600036088,38.42883099985843],[-122.60081700018577,38.428971999761266],[-122.60080999961477,38.4290169999268],[-122.60080499959193,38.42910800016028],[-122.60081600036088,38.42924100034942],[-122.60086499986636,38.429349999998955],[-122.60103599957058,38.42970000027932],[-122.60108199960135,38.42980300007898],[-122.60116000031746,38.43007299965581],[-122.60127099974723,38.430243999780494],[-122.60134199989237,38.43033499987514],[-122.60155899962733,38.43057199999333],[-122.60171099996329,38.4307480001627],[-122.60189000006343,38.43093500018054],[-122.60197799992696,38.431006000203475],[-122.60200499969118,38.431053999683826],[-122.60210099995061,38.431195000171975],[-122.60221800012648,38.43132500016851],[-122.60235500039386,38.43144299977868],[-122.60251000020453,38.431545999906895],[-122.60267900025893,38.43163399991377],[-122.60279899990955,38.43168300033494],[-122.60294100019975,38.431729000168666],[-122.6030080001469,38.43176399982361],[-122.60321599966106,38.4318570000107],[-122.60336100032433,38.431909000123625],[-122.60351100011215,38.43195299991922],[-122.60381599971068,38.43201400018329],[-122.60399999983369,38.43206099975177],[-122.60421400009395,38.432137999742224],[-122.6044850002556,38.43225600013484],[-122.60461800032498,38.43232800020811],[-122.60470399964039,38.4323870002733],[-122.60473899980047,38.43241500002498],[-122.60509000032809,38.432757999972004],[-122.6051689999708,38.43282100012982],[-122.60538999990374,38.432951000013674],[-122.60544900035329,38.43298299998165],[-122.60568199998178,38.43311099971175],[-122.60576599964737,38.43317899991591],[-122.60587699997546,38.43329199966849],[-122.60593899989975,38.43337400009436],[-122.60601099986975,38.43352099982663],[-122.60605299970256,38.43376199973106],[-122.60606899959608,38.43397199993795],[-122.60611100032722,38.43414000022665],[-122.6061899999699,38.43437100033712],[-122.6064219997735,38.434898000019054],[-122.60644299968989,38.434960999716914],[-122.60650200013946,38.43510200031594],[-122.6065840001552,38.43523900032975],[-122.60674499981369,38.43543900006803],[-122.60675999988231,38.43545800025359],[-122.6067730003011,38.43547400003564],[-122.60686100016464,38.43554499981732],[-122.60708399974742,38.43569999992062],[-122.60717800035705,38.43575499976377],[-122.60730499968032,38.43585100011889],[-122.60735300025925,38.43589700011187],[-122.60749399982623,38.43603499991499],[-122.60759599993348,38.436154000160535],[-122.60772099960694,38.43631899993409],[-122.60781299966844,38.43645499986477],[-122.60795800033172,38.43663900023242],[-122.60801199986008,38.436687000190055],[-122.60834699959582,38.43693200029739],[-122.60849499973384,38.43705699973023],[-122.60864799989471,38.4372070000306],[-122.60894800036868,38.43757400011268],[-122.60931900008947,38.43799299968933],[-122.60934800040177,38.43803399970708],[-122.60940600012809,38.438132000272894],[-122.60945499963356,38.43825000001656],[-122.60947899992301,38.438340999872054],[-122.60949200034183,38.43843700030655],[-122.60949200034183,38.43850300000352],[-122.60948200029607,38.43858400028475],[-122.60944700013599,38.438701999993235],[-122.60940000028032,38.43879499968722],[-122.60934599985363,38.43888100030383],[-122.60928300010444,38.43896200016097],[-122.60921100013441,38.4390389998279],[-122.60901299976769,38.4392180000065],[-122.60862899962814,38.439556000088544],[-122.60852499987105,38.43963199998485],[-122.60836699968732,38.43972700027037],[-122.60825299988453,38.43978199986012],[-122.60808999967789,38.43984299984215],[-122.60794699956274,38.43988299967553],[-122.60754800025289,38.43996499965167],[-122.60752999981123,38.43996799986353],[-122.60742400040434,38.439989999771775],[-122.60726799987043,38.440031000062476],[-122.6070979999911,38.44008699995863],[-122.60696699957154,38.44014600001577],[-122.60688799992882,38.44019500028897],[-122.60681599995881,38.44025000022572],[-122.6066760002167,38.440389999811686],[-122.60665000027744,38.440416000318024],[-122.6065830003303,38.440466000237066],[-122.60650799998722,38.44050999974322],[-122.60638300031373,38.440564000315774],[-122.60628899970409,38.440591999710676],[-122.60619199961972,38.44061099994728],[-122.60607399961894,38.440622999983034],[-122.60574399990605,38.44063500001678],[-122.60503099987852,38.44065199988532],[-122.60492100027368,38.44066200026138],[-122.60474399982337,38.440694000329685],[-122.60467100002842,38.440711000184265],[-122.604570999571,38.4407520000655],[-122.60420700042125,38.44097599996644],[-122.60437099955445,38.44116199970773],[-122.60467100002842,38.441444000330534],[-122.60504099992427,38.44179999995269],[-122.60516700032099,38.44192199997259],[-122.60539199955356,38.44213399997816],[-122.60546100004885,38.442209000169505],[-122.6055709996537,38.4423520002903],[-122.6057020000733,38.44256399973646],[-122.60574800010403,38.44269299986804],[-122.60614499976406,38.442573000047666],[-122.6064629997814,38.442492000020934],[-122.60657999995725,38.44245500033465],[-122.60687899970797,38.44236799995164],[-122.60716099974029,38.44229600004056],[-122.60759500010856,38.442202000126784],[-122.60756599979624,38.44208799973779],[-122.60755400010069,38.442039000045995],[-122.60752200031364,38.44196999993544],[-122.60747200008491,38.44190399989037],[-122.60741199981047,38.4418379997849],[-122.60738300039647,38.44179200005951],[-122.6073499998862,38.44170100033282],[-122.60734800023636,38.44168099986719],[-122.6072729998933,38.44169900000508],[-122.60720799959596,38.44170100033282],[-122.60714800021981,38.44172000027746],[-122.60707000040202,38.44175500001438],[-122.60696599974662,38.44178999973428],[-122.60695499987595,38.44179399968106],[-122.60675800023247,38.44183499965075],[-122.60672100042257,38.441855000073666],[-122.60663799968357,38.441914000092936],[-122.6065919996528,38.44192699972105],[-122.6065549998429,38.44193099966024],[-122.60650899981214,38.4419510000566],[-122.60644000021516,38.441963999678],[-122.60636599969699,38.441968000318745],[-122.60630799997067,38.44196500019002],[-122.60625000024436,38.44195199986518],[-122.60615700035792,38.4419180000329],[-122.60605900044865,38.44184599967299],[-122.60598400010556,38.441781000029046],[-122.60591899980825,38.44171700013841],[-122.60590600028777,38.44168499982001],[-122.60589100021917,38.44164799972005],[-122.6058860001963,38.441590000000566],[-122.60591700015843,38.441521999978946],[-122.6060279995882,38.44144500014614],[-122.60610600030432,38.441396999834176],[-122.60629000042734,38.441284999920235],[-122.60634800015364,38.441250999773764],[-122.60641000007794,38.441225000271764],[-122.606513999835,38.44115900024905],[-122.60657900013236,38.44112699968333],[-122.60671300002664,38.44112299969953],[-122.6067730003011,38.44113600017366],[-122.60684699992095,38.44117299983252],[-122.60687500040835,38.44119599989612],[-122.6068870001039,38.441206000196814],[-122.60698699966301,38.441266999679115],[-122.60706700002896,38.44128700025946],[-122.60709100031842,38.44125600027227],[-122.6071189999075,38.44123800002396],[-122.60720199974816,38.4412170003149],[-122.60730800005338,38.44120300003636],[-122.60741600000841,38.4412089996535],[-122.60743899957463,38.44121499997369],[-122.60765200000998,38.44127699996998],[-122.60812599966292,38.44145200026229],[-122.60818199973939,38.44146400015823],[-122.60825899973229,38.44149800020436],[-122.60830300011324,38.44152999990206],[-122.60833900009824,38.44156700006251],[-122.60836500003751,38.44160899997448],[-122.60837699973307,38.4416540000038],[-122.60838400030406,38.44172000027746],[-122.60837500008324,38.44177600027048],[-122.60837099988527,38.44180899965549],[-122.60836300038767,38.44183499965075],[-122.60833900009824,38.44191999965097],[-122.60831900000674,38.442068000083],[-122.60831999983166,38.4421679997087],[-122.60844500040344,38.44217899968018],[-122.60850800015263,38.442184999919746],[-122.6086539997425,38.442209000169505],[-122.6088150002993,38.442245000177394],[-122.60893800032295,38.44227400013163],[-122.60892200042942,38.44222599966734],[-122.60892099970619,38.44219599988863],[-122.60900299972195,38.442017999866415],[-122.60904600027798,38.44194199966784],[-122.60906499964624,38.44192199997259],[-122.6091240000958,38.441863999769666],[-122.60915900025589,38.44184799999666],[-122.60920799976135,38.44183600016456],[-122.60929800017306,38.44183499965075],[-122.60967899993958,38.441968000318745],[-122.60985600038991,38.44203800023862],[-122.60991499994113,38.44208099968333],[-122.60994000005549,38.442156999735545],[-122.60994500007834,38.44223599982529],[-122.60990900009332,38.4423130002215],[-122.60990099969742,38.442331000201726],[-122.60984899981888,38.44238200000418],[-122.6096339997337,38.44258899965997],[-122.60968999981023,38.442625000181934],[-122.60973599984095,38.44265899968119],[-122.60986399988748,38.442754000204474],[-122.61002500044428,38.44289499965453],[-122.6101190001556,38.44297800022495],[-122.61021200004201,38.4429079998095],[-122.61035099995921,38.442789999940544],[-122.61044399984563,38.44275800009785],[-122.61052400021156,38.442755999799395],[-122.6106249995956,38.44276100019368],[-122.61063600036456,38.44276500008665],[-122.61072099985505,38.442799000223566],[-122.61098000032115,38.44302000001944],[-122.61105499976591,38.44310800011272],[-122.6111610000711,38.44328700005139],[-122.61124800010974,38.443407999880314],[-122.61134199982106,38.44349200035161],[-122.61145300014915,38.44356699983547],[-122.61157600017279,38.44363299976714],[-122.61184700033448,38.443811999810926],[-122.61195399956627,38.44390899978678],[-122.61199799994722,38.443968000237795],[-122.61200899981785,38.444052999836885],[-122.61198899972635,38.44412800014493],[-122.611935000198,38.44418100034378],[-122.61170699969406,38.44434099977878],[-122.61186099967985,38.444474000050526],[-122.61192199977921,38.4445269999953],[-122.61200600034311,38.44459500000018],[-122.61224999984226,38.44480799966295],[-122.61232600001027,38.44487000009081],[-122.61248500001894,38.44499900032229],[-122.6126580002713,38.445132999849584],[-122.61281300008199,38.4452309999239],[-122.61292600005989,38.44528799976951],[-122.61344200044391,38.44549099979215],[-122.61392199994465,38.445659999767074],[-122.61393399964021,38.44566400020296],[-122.61431000028213,38.445805000300204],[-122.61444900019931,38.44554200017595],[-122.61466900030733,38.44512900008783],[-122.61476200019376,38.44495299979715]],[[-122.61332699991787,38.44285999976683],[-122.61331100002434,38.4430349997391],[-122.61327199966628,38.4431169996525],[-122.61313699994709,38.44322300008894],[-122.61305199955827,38.443260000085154],[-122.61285400008987,38.443301999715544],[-122.61276500040141,38.44330099992566],[-122.61258499957803,38.44324499970867],[-122.61235799979733,38.44308400016188],[-122.61219799996374,38.44297800022495],[-122.61212099997086,38.442934000112444],[-122.61203899995509,38.44287299992813],[-122.61177799983918,38.442712000255206],[-122.61169300034867,38.442677000278785],[-122.61162999970117,38.442615999877255],[-122.61152900031713,38.44247300027945],[-122.61148199956315,38.442410999903316],[-122.6114139997911,38.442370000260844],[-122.61134699984396,38.44233599992185],[-122.61131000003404,38.44230200027045],[-122.61124700028482,38.442245000177394],[-122.61118500036055,38.44218700023402],[-122.61106200033691,38.442126999928156],[-122.6110120001082,38.44210599977412],[-122.61095600003169,38.442079999876526],[-122.61081700011452,38.44199000032099],[-122.6107440003196,38.44195700031512],[-122.61068200039531,38.44190399989037],[-122.61062700014372,38.441865000283066],[-122.61052000001361,38.44180099976336],[-122.61044300002071,38.441781000029046],[-122.61038500029441,38.44174799992762],[-122.61034400028652,38.441690000288496],[-122.61028300018715,38.4415719998355],[-122.61027399996631,38.441487999944115],[-122.61027099959325,38.44142900028026],[-122.61027499979123,38.441369999864506],[-122.61028200036225,38.441335999758074],[-122.61046700031017,38.44106699990352],[-122.61056600004436,38.440904999897164],[-122.61060600022734,38.44078800009644],[-122.6106039996792,38.44073799969682],[-122.6108220001374,38.4407419997019],[-122.61104700026829,38.44077299990984],[-122.61122200017049,38.44080099992734],[-122.61147900008845,38.44090999971606],[-122.61154299966253,38.44095399965514],[-122.6116099996097,38.44100799989554],[-122.61164700031793,38.44108100020839],[-122.6117159999149,38.44114599977907],[-122.61179600028083,38.441296999843935],[-122.61184599961123,38.44136299974047],[-122.611891999642,38.44147299990298],[-122.61201100036601,38.4416359998547],[-122.6120819996128,38.44169800019293],[-122.61215600013094,38.44175500001438],[-122.61224099962145,38.441807000034345],[-122.61248800039196,38.441980999937094],[-122.6126459996774,38.44210299965112],[-122.61298899980908,38.442349999980586],[-122.61312100005354,38.44247199977449],[-122.61317100028225,38.44253899980429],[-122.61327400021442,38.44268500007383],[-122.61330699982639,38.44277699976431],[-122.61332699991787,38.44285999976683]]]},"properties":{"GEOID":"060971516023008"}},{"type":"Feature","geometry":{"type":"Polygon","coordinates":[[[-122.59159300003375,38.43045299969572],[-122.59157499959213,38.430340999691765],[-122.59152299971358,38.43000899994124],[-122.59150599999512,38.429897999927896],[-122.59150400034532,38.429780999881324],[-122.59149900032244,38.429432999957506],[-122.5914979995992,38.429316999844836],[-122.59149699977431,38.42918399979572],[-122.59149400029956,38.42878500028979],[-122.59149299957633,38.42865199996455],[-122.59144999991864,38.428675999787394],[-122.59139100036741,38.4286909996726],[-122.59121599956691,38.42872100013739],[-122.59106599977909,38.42873799999649],[-122.59101700027361,38.42873500002162],[-122.59091799964108,38.42871700016999],[-122.59073100004333,38.42864799999334],[-122.59067400014193,38.428643000028956],[-122.5906170002405,38.42864600000759],[-122.59053600004965,38.428666999854734],[-122.59037100019322,38.42874599992878],[-122.5902449997965,38.42878800026254],[-122.59007200044246,38.428856000315484],[-122.58992900032734,38.428820999954716],[-122.58976000027292,38.42879700018007],[-122.58961600033291,38.428789000253424],[-122.58956799975401,38.42878700027164],[-122.58941499959313,38.42879900016162],[-122.58926599963021,38.428828999877815],[-122.58913400028405,38.428850999661776],[-122.58896500022965,38.42886900018378],[-122.58883399981008,38.42887300014275],[-122.58882100028961,38.42887400013252],[-122.58852300036378,38.42886200025499],[-122.58842399973123,38.428868000194],[-122.5882799997912,38.428892999934455],[-122.58814199969895,38.42893700016045],[-122.58805600038353,38.42897599971458],[-122.58796500014694,38.42903199974123],[-122.58788499978101,38.429081999803714],[-122.58771900009964,38.42920400020497],[-122.58791499991823,38.429364999744216],[-122.58834400026363,38.42971899986398],[-122.58850099972416,38.4298520003352],[-122.58869599971781,38.43001699973272],[-122.58878100010664,38.43007199968271],[-122.58891300035108,38.4301439998226],[-122.58894299959002,38.43015600019075],[-122.58901499956005,38.430187000018506],[-122.5897510000521,38.43043500027227],[-122.58979000041015,38.430448999824215],[-122.59001999966561,38.43052999999346],[-122.59019799994087,38.4305920000182],[-122.59070400027915,38.43076199965397],[-122.59074799976177,38.43077699980959],[-122.59087300033354,38.43082700007126],[-122.59093699990765,38.430733000001055],[-122.5909410001056,38.430724000324815],[-122.59096100019708,38.43068700023655],[-122.5910239999463,38.43061399996877],[-122.59107900019788,38.4305690000947],[-122.59117399973412,38.430515999753545],[-122.59122099958978,38.4304980003458],[-122.59123999985634,38.4304919998385],[-122.59134100013868,38.430470999818354],[-122.59139100036741,38.43046599998024],[-122.59153199993442,38.43045399966354],[-122.59159300003375,38.43045299969572]]]},"properties":{"GEOID":"060971516022011"}},{"type":"Feature","geometry":{"type":"Polygon","coordinates":[[[-122.61997900034225,38.44653000000304],[-122.61997900034225,38.44647299973122],[-122.61995599987775,38.44637599968361],[-122.61992800028864,38.446313999846],[-122.61988599955754,38.44625299970412],[-122.61984299989982,38.44620999993067],[-122.61979199984621,38.44617399978973],[-122.61973499994481,38.4461440002449],[-122.61963700003548,38.44611199977858],[-122.61957000008834,38.446100999702935],[-122.6195030001412,38.44609999995182],[-122.61943500036915,38.44610599986547],[-122.61934699960729,38.44612800001351],[-122.6192479998731,38.44616900033552],[-122.61916400020748,38.446226000143874],[-122.61911700035185,38.446271999857636],[-122.6190369999859,38.44639199986001],[-122.61902799976505,38.446408000032875],[-122.61895599979502,38.44654900008362],[-122.61893499987862,38.44659899997562],[-122.61890100044175,38.44673599998052],[-122.61888600037314,38.44682099983738],[-122.61908899986442,38.446842999767505],[-122.61915099978869,38.446850000063634],[-122.61944100021692,38.44688200020271],[-122.61963799986042,38.44690999996101],[-122.61969899995978,38.446920999913345],[-122.61990099962617,38.4469610000456],[-122.61993699961117,38.44684799987859],[-122.61996400027367,38.44672299981148],[-122.61997900034225,38.4465579998979],[-122.61997900034225,38.44653000000304]]]},"properties":{"GEOID":"060971516023003"}},{"type":"Feature","geometry":{"type":"Polygon","coordinates":[[[-122.600262000342,38.4219979997278],[-122.60016799973236,38.421433000212396],[-122.5998880002482,38.42133999997325],[-122.59955699981208,38.42122900000779],[-122.59934799957469,38.42160200020432],[-122.5985850002168,38.421761999711556],[-122.59835400023812,38.42211200016921],[-122.59790099960327,38.422241000247936],[-122.59790200032648,38.42235500030582],[-122.59787700021214,38.42246800010539],[-122.59780900044005,38.42261300006879],[-122.59778299960247,38.42268599997905],[-122.59775900021134,38.42278100004098],[-122.59774300031783,38.422926000079826],[-122.59774699961747,38.42302199989688],[-122.59777299955677,38.42302099982614],[-122.59842799985795,38.42306199990029],[-122.59868999979878,38.423078999683895],[-122.59876699979168,38.42307199989765],[-122.59884100030983,38.42305600018271],[-122.5989459998918,38.42301600017598],[-122.5990370001284,38.42295999970706],[-122.59908800018202,38.42291399991779],[-122.59922600027429,38.42275799974111],[-122.59934900029793,38.42259999977817],[-122.59965399989647,38.42242999993092],[-122.59973300043748,38.42231900023292],[-122.59983499964642,38.422273000035425],[-122.60002799999029,38.42220099978987],[-122.60015900040986,38.422097000325124],[-122.600262000342,38.4219979997278]]]},"properties":{"GEOID":"060971516023031"}},{"type":"Feature","geometry":{"type":"Polygon","coordinates":[[[-122.60949200034183,38.43850300000352],[-122.60949200034183,38.43843700030655],[-122.60947899992301,38.438340999872054],[-122.60945499963356,38.43825000001656],[-122.60940600012809,38.438132000272894],[-122.60934800040177,38.43803399970708],[-122.60931900008947,38.43799299968933],[-122.60894800036868,38.43757400011268],[-122.60864799989471,38.4372070000306],[-122.60849499973384,38.43705699973023],[-122.60834699959582,38.43693200029739],[-122.60801199986008,38.436687000190055],[-122.60795800033172,38.43663900023242],[-122.60781299966844,38.43645499986477],[-122.60772099960694,38.43631899993409],[-122.60759599993348,38.436154000160535],[-122.60749399982623,38.43603499991499],[-122.60735300025925,38.43589700011187],[-122.60730499968032,38.43585100011889],[-122.60717800035705,38.43575499976377],[-122.60708399974742,38.43569999992062],[-122.60686100016464,38.43554499981732],[-122.6067730003011,38.43547400003564],[-122.60675999988231,38.43545800025359],[-122.60674499981369,38.43543900006803],[-122.6065840001552,38.43523900032975],[-122.60650200013946,38.43510200031594],[-122.60644299968989,38.434960999716914],[-122.6064219997735,38.434898000019054],[-122.6061899999699,38.43437100033712],[-122.60611100032722,38.43414000022665],[-122.60606899959608,38.43397199993795],[-122.60605299970256,38.43376199973106],[-122.60601099986975,38.43352099982663],[-122.60593899989975,38.43337400009436],[-122.60587699997546,38.43329199966849],[-122.60576599964737,38.43317899991591],[-122.60568199998178,38.43311099971175],[-122.60544900035329,38.43298299998165],[-122.60538999990374,38.432951000013674],[-122.6051689999708,38.43282100012982],[-122.60509000032809,38.432757999972004],[-122.60473899980047,38.43241500002498],[-122.60470399964039,38.4323870002733],[-122.60461800032498,38.43232800020811],[-122.6044850002556,38.43225600013484],[-122.60421400009395,38.432137999742224],[-122.60399999983369,38.43206099975177],[-122.60381599971068,38.43201400018329],[-122.60351100011215,38.43195299991922],[-122.60336100032433,38.431909000123625],[-122.60321599966106,38.4318570000107],[-122.6030080001469,38.43176399982361],[-122.60294100019975,38.431729000168666],[-122.60279899990955,38.43168300033494],[-122.60267900025893,38.43163399991377],[-122.60251000020453,38.431545999906895],[-122.60235500039386,38.43144299977868],[-122.60221800012648,38.43132500016851],[-122.60210099995061,38.431195000171975],[-122.60200499969118,38.431053999683826],[-122.60197799992696,38.431006000203475],[-122.60189000006343,38.43093500018054],[-122.60171099996329,38.4307480001627],[-122.60155899962733,38.43057199999333],[-122.60134199989237,38.43033499987514],[-122.60127099974723,38.430243999780494],[-122.60116000031746,38.43007299965581],[-122.60108199960135,38.42980300007898],[-122.60103599957058,38.42970000027932],[-122.60086499986636,38.429349999998955],[-122.60081600036088,38.42924100034942],[-122.60080499959193,38.42910800016028],[-122.60080999961477,38.4290169999268],[-122.60081700018577,38.428971999761266],[-122.60081600036088,38.42883099985843],[-122.60078399967551,38.42871700016999],[-122.60074699986558,38.4286559999356],[-122.60068900013927,38.42860500028843],[-122.60066599967473,38.42859199966891],[-122.60039299986327,38.42836600005462],[-122.60022100033413,38.428253000334124],[-122.59997100008887,38.42804899968727],[-122.59988499987516,38.42795800023049],[-122.59983899984438,38.42785899992568],[-122.59981399973005,38.42772500000065],[-122.59981299990513,38.42765000024389],[-122.59981299990513,38.427589999819446],[-122.59979299981362,38.427113000301524],[-122.59979500036175,38.42701500026125],[-122.59978199994299,38.426948999915034],[-122.59977799974504,38.4268030001931],[-122.59974900033103,38.42663699976501],[-122.59968900005656,38.42644599978393],[-122.59965300007156,38.426374000179514],[-122.59960799986571,38.42630599990071],[-122.59955199978923,38.426241999662636],[-122.59942299991778,38.42597399989705],[-122.59938899958259,38.42591900034473],[-122.59922100025142,38.42565600025581],[-122.59914799955818,38.42555999971719],[-122.59899199992256,38.42538200019884],[-122.59883200008898,38.425171000304374],[-122.59863399972227,38.42485800016932],[-122.59844200010166,38.42459999998027],[-122.59824799993291,38.42435699965496],[-122.5980169999542,38.42410400006653],[-122.59793300028862,38.424025999897836],[-122.59784200005203,38.42395399999219],[-122.5977059996096,38.42386000012463],[-122.59768300004339,38.42384499993982],[-122.59758599995901,38.42379100023383],[-122.59748399985175,38.423743000148534],[-122.59737599989671,38.42370299981852],[-122.5972629999188,38.423583000102994],[-122.5971909999488,38.42376600013474],[-122.59707200012308,38.423943000058934],[-122.59691399993936,38.42430300033181],[-122.59688600035025,38.42441800000173],[-122.59701500022167,38.42465699992948],[-122.59638900023279,38.42538100016078],[-122.5947070000847,38.427903000077904],[-122.59396300009503,38.42886500022453],[-122.59402099982132,38.429000000133435],[-122.59403300041522,38.42904100033208],[-122.59407000022514,38.42916600005596],[-122.59408500029376,38.429261000039205],[-122.59409199996647,38.429307000008365],[-122.59408899959344,38.429343000116795],[-122.59408399957054,38.42942000019074],[-122.59405099995857,38.42953100023511],[-122.5940250000193,38.42957999997217],[-122.59401499997357,38.42960100025144],[-122.59397999981346,38.42964899996203],[-122.59395700024727,38.429673000157216],[-122.5938900003001,38.42975599974451],[-122.59386900038369,38.42977200008638],[-122.59380300026145,38.42983200010537],[-122.59366799964394,38.42993199979162],[-122.59358900000122,38.42999299965188],[-122.59352000040427,38.43004900029726],[-122.59342499996968,38.430117999838984],[-122.59332200003755,38.43018400010383],[-122.59326500013611,38.430220999746155],[-122.59314700013535,38.430266999807515],[-122.59302099973866,38.43029399970752],[-122.59293500042325,38.430301000201226],[-122.5926440001701,38.430727000217004],[-122.59220599960388,38.43132600012427],[-122.59226000003055,38.4313760000058],[-122.59231500028213,38.43140799996808],[-122.5924750001157,38.431472999803866],[-122.59249000018433,38.43147700032231],[-122.59254399971267,38.43149300028284],[-122.59280900002653,38.43158500016311],[-122.59298700030176,38.43163899967105],[-122.59302300028678,38.43164999983952],[-122.59317800009751,38.431708999755],[-122.59334200012901,38.431762999873925],[-122.59348600006905,38.43181999979929],[-122.59351200000835,38.431830999940175],[-122.59368299971254,38.43190700022819],[-122.59372000042079,38.43192300009345],[-122.5937980002386,38.43195699970742],[-122.59383199967547,38.43196899977433],[-122.59387100003353,38.43198399967921],[-122.59410899968492,38.43206999996508],[-122.59415399989074,38.43208699973943],[-122.59441599983157,38.4321530003157],[-122.59474899991748,38.43219500007522],[-122.59483500013123,38.432223999844666],[-122.59484799965168,38.432232000094466],[-122.59490799992616,38.432270000037434],[-122.59495700032996,38.43232199985293],[-122.59502400027712,38.43241200020287],[-122.5949389998883,38.432455999692],[-122.59469600021404,38.4325899999861],[-122.5946150000232,38.4326359999457],[-122.59456099959652,38.43266500024175],[-122.59440199958786,38.43275400022818],[-122.5943489998844,38.43278399970869],[-122.59441900020462,38.43286600000785],[-122.59448699997668,38.43296599971456],[-122.59450399969514,38.432991000147354],[-122.59458999990885,38.43317899991591],[-122.59475899996323,38.43359900029546],[-122.59477599968167,38.43363900007015],[-122.59485500022271,38.43380800035138],[-122.59502900029999,38.43375600019875],[-122.59512700020927,38.43373000010833],[-122.59516200036936,38.43372100010193],[-122.59524500021006,38.43369499999897],[-122.59533899992137,38.433671999656475],[-122.59554300013586,38.433641999841235],[-122.59566899963427,38.43363600029895],[-122.59578599981012,38.43364800008677],[-122.59587700004673,38.43366999980993],[-122.59595900006248,38.433702000162945],[-122.59602900038269,38.43373000010833],[-122.59621599998044,38.43382299987423],[-122.59636199957029,38.433897000336295],[-122.59648499959393,38.43395499990372],[-122.59665399964837,38.434035999658406],[-122.596776999672,38.43410000002582],[-122.5968339995734,38.43412999965078],[-122.59687700012941,38.43415999996688],[-122.59693200038102,38.43421399966014],[-122.59695800032029,38.43425000013685],[-122.59698400025955,38.43430199993371],[-122.597000999978,38.434367999892594],[-122.597000999978,38.43444700006261],[-122.5969740002138,38.43457799974426],[-122.59695699959707,38.43463099991855],[-122.59685000036525,38.43485000027933],[-122.59698000006158,38.43488900015825],[-122.59722600010888,38.43496200032599],[-122.59737199969877,38.43500900008652],[-122.59750300011832,38.43505100029575],[-122.5976989999369,38.43511100015018],[-122.59780199986905,38.435142999864524],[-122.59819000020659,38.43527000008624],[-122.59828899994078,38.43530699993703],[-122.59847200023887,38.43538900018539],[-122.59852499994234,38.43533200026291],[-122.59855799955429,38.435283000207114],[-122.59870300021757,38.43512299969292],[-122.59882299986815,38.43497399989348],[-122.59884499960947,38.434942000104236],[-122.59888700034058,38.43488399992233],[-122.5989240001505,38.43482000024993],[-122.59903899977822,38.43485599972081],[-122.5990799997861,38.43487099972961],[-122.5995440002916,38.435042999654634],[-122.59957400042885,38.43505499991229],[-122.59969300025453,38.435113999860114],[-122.59973300043748,38.43513400003426],[-122.59977400044538,38.43516200012798],[-122.59984999971505,38.43524200003436],[-122.5999309999059,38.435351999672946],[-122.59994699979941,38.43538200018503],[-122.60004899990666,38.43556800026676],[-122.6002460004485,38.43589700011187],[-122.60033699978676,38.43607200007739],[-122.60036399955092,38.43613299967616],[-122.60037500031993,38.43617900019312],[-122.6003800003428,38.436297000314426],[-122.60037199994684,38.43635599995094],[-122.60035600005334,38.436398000080246],[-122.60032400026628,38.43648699968708],[-122.60029999997684,38.43659200012574],[-122.6003030003499,38.436674000321936],[-122.60032099989324,38.436764000172616],[-122.6003319997639,38.43681600026977],[-122.60033699978676,38.436882000041415],[-122.60032599991611,38.436970999755246],[-122.60031099984748,38.43699799996298],[-122.60030099980176,38.437016999738255],[-122.60026599964165,38.43705900018666],[-122.6001979998696,38.437110000195645],[-122.60010699963298,38.43714199972763],[-122.59997899958647,38.43716600024682],[-122.59989099972294,38.437171000324696],[-122.59977199989724,38.437190000054436],[-122.59964800004869,38.437201999955214],[-122.5994100003973,38.43722599975086],[-122.5994510004052,38.43745099990958],[-122.59950599975846,38.43761700010567],[-122.59954000009365,38.437692999932416],[-122.59955199978923,38.43771800013565],[-122.59958399957627,38.43777700001817],[-122.59961500043674,38.43782900008927],[-122.59964300002582,38.43787199993037],[-122.59967900001082,38.437923000068665],[-122.59975900037678,38.43802299980759],[-122.59986999980654,38.438138000145216],[-122.60001700011964,38.43825500001935],[-122.60012400024975,38.438325000021734],[-122.60023800005254,38.43838800024729],[-122.60066099965186,38.43856500021825],[-122.60111799958635,38.438735999933094],[-122.60135199993807,38.43882500017579],[-122.60205699956968,38.439093000093656],[-122.60218499961621,38.439141999674376],[-122.6022890002716,38.4391900000786],[-122.6023400003252,38.43921300007045],[-122.60248099989224,38.439300999879706],[-122.60256499955783,38.43936800003841],[-122.60272000026683,38.439507000085264],[-122.60289199979596,38.4393829998134],[-122.60306699969814,38.439257000340305],[-122.60324800034643,38.43925599979076],[-122.60346000005852,38.43932600022978],[-122.60393299988652,38.43950300001169],[-122.60439900004188,38.439674000319066],[-122.60479800025004,38.43982000005107],[-122.60598699958034,38.44027399971167],[-122.60607100014421,38.44040599990787],[-122.60607399961894,38.440622999983034],[-122.60619199961972,38.44061099994728],[-122.60628899970409,38.440591999710676],[-122.60638300031373,38.440564000315774],[-122.60650799998722,38.44050999974322],[-122.6065830003303,38.440466000237066],[-122.60665000027744,38.440416000318024],[-122.6066760002167,38.440389999811686],[-122.60681599995881,38.44025000022572],[-122.60688799992882,38.44019500028897],[-122.60696699957154,38.44014600001577],[-122.6070979999911,38.44008699995863],[-122.60726799987043,38.440031000062476],[-122.60742400040434,38.439989999771775],[-122.60752999981123,38.43996799986353],[-122.60754800025289,38.43996499965167],[-122.60794699956274,38.43988299967553],[-122.60808999967789,38.43984299984215],[-122.60825299988453,38.43978199986012],[-122.60836699968732,38.43972700027037],[-122.60852499987105,38.43963199998485],[-122.60862899962814,38.439556000088544],[-122.60901299976769,38.4392180000065],[-122.60921100013441,38.4390389998279],[-122.60928300010444,38.43896200016097],[-122.60934599985363,38.43888100030383],[-122.60940000028032,38.43879499968722],[-122.60944700013599,38.438701999993235],[-122.60948200029607,38.43858400028475],[-122.60949200034183,38.43850300000352]]]},"properties":{"GEOID":"060971516023021"}},{"type":"Feature","geometry":{"type":"Polygon","coordinates":[[[-122.59408899959344,38.429343000116795],[-122.59409199996647,38.429307000008365],[-122.59408500029376,38.429261000039205],[-122.59407000022514,38.42916600005596],[-122.59403300041522,38.42904100033208],[-122.59402099982132,38.429000000133435],[-122.59396300009503,38.42886500022453],[-122.59293500042325,38.430301000201226],[-122.59302099973866,38.43029399970752],[-122.59314700013535,38.430266999807515],[-122.59326500013611,38.430220999746155],[-122.59332200003755,38.43018400010383],[-122.59342499996968,38.430117999838984],[-122.59352000040427,38.43004900029726],[-122.59358900000122,38.42999299965188],[-122.59366799964394,38.42993199979162],[-122.59380300026145,38.42983200010537],[-122.59386900038369,38.42977200008638],[-122.5938900003001,38.42975599974451],[-122.59395700024727,38.429673000157216],[-122.59397999981346,38.42964899996203],[-122.59401499997357,38.42960100025144],[-122.5940250000193,38.42957999997217],[-122.59405099995857,38.42953100023511],[-122.59408399957054,38.42942000019074],[-122.59408899959344,38.429343000116795]]]},"properties":{"GEOID":"060971516023023"}},{"type":"Feature","geometry":{"type":"Polygon","coordinates":[[[-122.59958699994931,38.40615300007072],[-122.599557999637,38.40608999988136],[-122.59946399992565,38.40600400033876],[-122.5993879997577,38.40594999996791],[-122.59937000021435,38.4059420003267],[-122.59917900041863,38.40645100002096],[-122.59900299979321,38.40692300005932],[-122.59915199975613,38.40678200005604],[-122.59958699994931,38.40615300007072]]]},"properties":{"GEOID":"060971516023035"}}]}
