{"type":"FeatureCollection","features":[{"type":"Feature","geometry":{"type":"Polygon","coordinates":[[[-122.63025700010537,38.45703800030166],[-122.63028399986953,38.45702600018148],[-122.62982100008726,38.45679800033239],[-122.6288169998066,38.45630500025926],[-122.6285359995992,38.456215999764346],[-122.62820599988632,38.4560489998199],[-122.62795200034144,38.45594200031781],[-122.62755599960799,38.455763000112206],[-122.62698099967271,38.45550299996972],[-122.62637300012548,38.45521900016105],[-122.62597999976508,38.45503599965243],[-122.62561900009008,38.454868000160715],[-122.62554899976986,38.454834999712105],[-122.62425900015725,38.454228999726254],[-122.62382999981187,38.45402700000678],[-122.62361200025197,38.45392499994054],[-122.62295699995076,38.453617999933044],[-122.6227400002158,38.453517000343886],[-122.62270800042874,38.45345900031394],[-122.62268800033723,38.45336300016192],[-122.6226849999642,38.45326200021582],[-122.62269300036013,38.45316100012838],[-122.62271199972837,38.453096000122656],[-122.62276299978201,38.45297899968346],[-122.62289099982854,38.45277600032317],[-122.62295799977568,38.4527080002885],[-122.62301899987504,38.452682999649234],[-122.6230719995785,38.45267300023527],[-122.62310199971571,38.45265500002045],[-122.62314000024888,38.45262300033084],[-122.62319999962502,38.452613999865996],[-122.62325200040186,38.45258600021043],[-122.62329599988446,38.45254500001677],[-122.6233260000217,38.45248899993772],[-122.62333199986949,38.452447999688935],[-122.62332099999884,38.45238800017517],[-122.62301999969995,38.451908000158184],[-122.62311299958637,38.45189500021735],[-122.62326099972438,38.451850999913304],[-122.62336399965655,38.45179900009489],[-122.62342399993098,38.45175699978134],[-122.62347699963445,38.45170800032255],[-122.62352000019045,38.451654000349286],[-122.62356700004614,38.45156499974493],[-122.6235939998103,38.451481000227886],[-122.62359899983318,38.451412999676286],[-122.62360200020622,38.45138700031742],[-122.6235939998103,38.45132499986043],[-122.62353899955872,38.45114400009364],[-122.62349300042627,38.45102499993745],[-122.62341899990813,38.45088499987482],[-122.62340600038766,38.4508649998437],[-122.62335399961081,38.450786999739776],[-122.62328699966365,38.45069699978558],[-122.62320299999806,38.450583999840546],[-122.62311599995942,38.45048600000017],[-122.62306699955563,38.45044000015842],[-122.62297100019447,38.45034999977149],[-122.62293799968418,38.45031400028879],[-122.62282700025443,38.45018199992132],[-122.62270500005569,38.45000399989624],[-122.62261899984196,38.44984700015393],[-122.62256899961325,38.44973400028482],[-122.62252299958249,38.449605000074726],[-122.62248499994767,38.44944800016784],[-122.62246800022922,38.44937900010517],[-122.62244200028995,38.44887199979311],[-122.62242800004627,38.44875500024346],[-122.62238500038856,38.448580000069924],[-122.6223180004414,38.44841099989752],[-122.62225999981676,38.44830099975586],[-122.62216500028052,38.44815800016523],[-122.62209099976235,38.44806400014718],[-122.62200700009677,38.447975000039676],[-122.62186599963147,38.44785199997125],[-122.62171900021669,38.44775100005006],[-122.62123100032005,38.447479000283764],[-122.62106399991549,38.44739000015835],[-122.62083299993681,38.447281000305765],[-122.62075599994388,38.44724499999558],[-122.6205430004069,38.44715799975804],[-122.62030599968209,38.44707300029804],[-122.62011900008436,38.4470159997516],[-122.61990099962617,38.4469610000456],[-122.61969899995978,38.446920999913345],[-122.61963799986042,38.44690999996101],[-122.61944100021692,38.44688200020271],[-122.61915099978869,38.446850000063634],[-122.61908899986442,38.446842999767505],[-122.61888600037314,38.44682099983738],[-122.61844699998201,38.446781000331086],[-122.61833599965392,38.446771999841054],[-122.61756999992295,38.44672599974243],[-122.61731999967769,38.44670200029111],[-122.6171299997069,38.446673999748604],[-122.616948000132,38.44664800008941],[-122.61669700006185,38.44659899997562],[-122.61659699960443,38.446579000163666],[-122.61656399999245,38.44657300028939],[-122.61630299987657,38.44650599978303],[-122.61620499996727,38.446482000258534],[-122.61595600044522,38.446408000032875],[-122.61582000000278,38.44636099995474],[-122.61572000044367,38.446327000088715],[-122.61544000006121,38.44621899978717],[-122.61538999983249,38.446196999666874],[-122.61526299961088,38.44614299979081],[-122.6146869998507,38.445943999911805],[-122.61463999999502,38.445928000339656],[-122.61431000028213,38.445805000300204],[-122.61393399964021,38.44566400020296],[-122.61392199994465,38.445659999767074],[-122.61344200044391,38.44549099979215],[-122.61292600005989,38.44528799976951],[-122.61281300008199,38.4452309999239],[-122.6126580002713,38.445132999849584],[-122.61248500001894,38.44499900032229],[-122.61232600001027,38.44487000009081],[-122.61224999984226,38.44480799966295],[-122.61200600034311,38.44459500000018],[-122.61192199977921,38.4445269999953],[-122.61186099967985,38.444474000050526],[-122.61170699969406,38.44434099977878],[-122.61138899967675,38.44406800004544],[-122.61043600034803,38.44325000006903],[-122.6101190001556,38.44297800022495],[-122.61002500044428,38.44289499965453],[-122.60986399988748,38.442754000204474],[-122.60973599984095,38.44265899968119],[-122.60968999981023,38.442625000181934],[-122.6096339997337,38.44258899965997],[-122.60950099966433,38.44251099975742],[-122.60936299957206,38.442443999701624],[-122.60929399997511,38.442410000101084],[-122.609082000263,38.44232400017088],[-122.60893800032295,38.44227400013163],[-122.6088150002993,38.442245000177394],[-122.6086539997425,38.442209000169505],[-122.60850800015263,38.442184999919746],[-122.60844500040344,38.44217899968018],[-122.60831999983166,38.4421679997087],[-122.60822799977015,38.44216500029183],[-122.60813700043187,38.44216299997694],[-122.6079549999587,38.44217000002345],[-122.60786399972207,38.442173999949176],[-122.60781000019374,38.44217799987469],[-122.60770100041377,38.44218800003934],[-122.607647999812,38.44219400027821],[-122.60759500010856,38.442202000126784],[-122.60716099974029,38.44229600004056],[-122.60687899970797,38.44236799995164],[-122.60657999995725,38.44245500033465],[-122.6064629997814,38.442492000020934],[-122.60614499976406,38.442573000047666],[-122.60574800010403,38.44269299986804],[-122.6057020000733,38.44256399973646],[-122.6055709996537,38.4423520002903],[-122.60546100004885,38.442209000169505],[-122.60539199955356,38.44213399997816],[-122.60516700032099,38.44192199997259],[-122.60504099992427,38.44179999995269],[-122.60467100002842,38.441444000330534],[-122.60437099955445,38.44116199970773],[-122.60420700042125,38.44097599996644],[-122.60376300000722,38.44052199979576],[-122.6036130002194,38.44037299988145],[-122.60354899974698,38.44030900014967],[-122.6032190000341,38.43998300021747],[-122.60312199994974,38.43990899966092],[-122.60302099966738,38.439814000318485],[-122.60296999961375,38.43975099993016],[-122.60289599999392,38.43967599999931],[-122.60283599971945,38.439623000010556],[-122.60272000026683,38.439507000085264],[-122.60256499955783,38.43936800003841],[-122.60248099989224,38.439300999879706],[-122.6023400003252,38.43921300007045],[-122.6022890002716,38.4391900000786],[-122.60218499961621,38.439141999674376],[-122.60205699956968,38.439093000093656],[-122.60135199993807,38.43882500017579],[-122.60111799958635,38.438735999933094],[-122.60066099965186,38.43856500021825],[-122.60023800005254,38.43838800024729],[-122.60012400024975,38.438325000021734],[-122.60001700011964,38.43825500001935],[-122.59986999980654,38.438138000145216],[-122.59975900037678,38.43802299980759],[-122.59967900001082,38.437923000068665],[-122.59964300002582,38.43787199993037],[-122.59961500043674,38.43782900008927],[-122.59958399957627,38.43777700001817],[-122.59955199978923,38.43771800013565],[-122.59954000009365,38.437692999932416],[-122.59950599975846,38.43761700010567],[-122.5994510004052,38.43745099990958],[-122.5994100003973,38.43722599975086],[-122.59933900025219,38.436857000252274],[-122.59923200012207,38.436301999748814],[-122.59916000015205,38.43607800012097],[-122.59910400007557,38.43597199974696],[-122.5990379999533,38.43586900030321],[-122.59898799972459,38.435804000202836],[-122.59896299961024,38.43577100018367],[-122.59887800011977,38.43567700021685],[-122.59878400040841,38.43558900021187],[-122.59872400013396,38.435540000330505],[-122.59868099957797,38.43550600029276],[-122.59855699972937,38.4354329999714],[-122.59852400011742,38.435416000281165],[-122.59847200023887,38.43538900018539],[-122.59828899994078,38.43530699993703],[-122.59819000020659,38.43527000008624],[-122.59780199986905,38.435142999864524],[-122.5976989999369,38.43511100015018],[-122.59750300011832,38.43505100029575],[-122.59737199969877,38.43500900008652],[-122.59722600010888,38.43496200032599],[-122.59698000006158,38.43488900015825],[-122.59685000036525,38.43485000027933],[-122.59661799966334,38.43477899981424],[-122.59612999976672,38.43461300012926],[-122.5958279996429,38.434511000065704],[-122.59568399970287,38.43445400015368],[-122.5955940001895,38.434410999684125],[-122.59548700005938,38.43437900034903],[-122.59538400012723,38.43434000019463],[-122.59525500025579,38.43425600033186],[-122.59512200018641,38.43414499981036],[-122.59502299955388,38.43404500032923],[-122.5949179999719,38.43391199984066],[-122.59485500022271,38.43380800035138],[-122.59477599968167,38.43363900007015],[-122.59475899996323,38.43359900029546],[-122.59458999990885,38.43317899991591],[-122.59450399969514,38.432991000147354],[-122.59448699997668,38.43296599971456],[-122.59441900020462,38.43286600000785],[-122.5943489998844,38.43278399970869],[-122.59423099988364,38.43267500031684],[-122.59421800036316,38.43266299966361],[-122.5940660000272,38.432554000089105],[-122.5939379999807,38.432481000301394],[-122.59382199962974,38.432429999837225],[-122.59380599973619,38.43242300025362],[-122.59367199984189,38.432376000217126],[-122.593454000282,38.432298999776776],[-122.59280300017875,38.43206900001964],[-122.59276899984359,38.43205699996933],[-122.59258800009361,38.43198800016935],[-122.59246699971978,38.431941999796926],[-122.59235100026716,38.431885999915906],[-122.59221300017488,38.43180299996208],[-122.59219499973322,38.43179199981687],[-122.5920809999304,38.431713000260416],[-122.59196999960231,38.43162700025301],[-122.59192299974666,38.43158999992374],[-122.59153799978218,38.43120699966182],[-122.59140999973566,38.43109899995937],[-122.59127500001645,38.431006000203475],[-122.59125499992497,38.43099499993686],[-122.59111400035799,38.43091900009636],[-122.59099999965682,38.43087099982251],[-122.59087300033354,38.43082700007126],[-122.59074799976177,38.43077699980959],[-122.59070400027915,38.43076199965397],[-122.59019799994087,38.4305920000182],[-122.59001999966561,38.43052999999346],[-122.58979000041015,38.430448999824215],[-122.5897510000521,38.43043500027227],[-122.58901499956005,38.430187000018506],[-122.58894299959002,38.43015600019075],[-122.58891300035108,38.4301439998226],[-122.58878100010664,38.43007199968271],[-122.58869599971781,38.43001699973272],[-122.58848900002859,38.43017900024585],[-122.58835799960902,38.43028400000634],[-122.58800600015482,38.43054900006346],[-122.58790499987249,38.43061399996877],[-122.58785200016904,38.430640999739026],[-122.58775599990959,38.430692000059416],[-122.58761399961934,38.43075000009023],[-122.5874909995957,38.43078600018299],[-122.58745100031103,38.430798999703796],[-122.5872019998907,38.43091900009636],[-122.58714300033947,38.43095100026117],[-122.5870320000114,38.43101399988451],[-122.5869680004373,38.43097500002361],[-122.58683799984264,38.430839000325975],[-122.58672599968962,38.430707000229575],[-122.58664200002403,38.43058700018842],[-122.58652200037344,38.4303880003492],[-122.58645899972593,38.430283000036155],[-122.58614999992945,38.42973900012511],[-122.58608100033248,38.429629999655226],[-122.58596699963135,38.429465000077165],[-122.5858799995927,38.429357999863505],[-122.58583299973705,38.42930899997575],[-122.58574499987348,38.429227999844365],[-122.58564399959117,38.42915000028354],[-122.58554400003206,38.429083999777326],[-122.58543299970397,38.42902299985294],[-122.58528799993901,38.42895899991151],[-122.58517300031129,38.428916999677206],[-122.58496800027186,38.42886000027523],[-122.58479699966934,38.42882799988748],[-122.58478400014884,38.42882599990677],[-122.58461300044465,38.42881000005898],[-122.58453599955342,38.42881000005898],[-122.58449500044385,38.42881000005898],[-122.58424400037367,38.428828999877815],[-122.58412399982477,38.42884799969164],[-122.58398999993047,38.428879000080855],[-122.58390600026489,38.42890799977464],[-122.58376800017261,38.42895799992298],[-122.58366100004253,38.42900700004884],[-122.58358200039979,38.42904400029418],[-122.58345400035327,38.429114000078854],[-122.58332100028389,38.429199000279134],[-122.58310700002365,38.42935099998212],[-122.58299200039592,38.42943399993946],[-122.58254799998188,38.42974400001355],[-122.58253000043854,38.42975599974451],[-122.58189100003086,38.430212999977215],[-122.58170799973274,38.430340999691765],[-122.58131100007272,38.43060800017483],[-122.58116399975962,38.43071899980046],[-122.58115200006408,38.43072800018109],[-122.58107000004829,38.43079999966688],[-122.58091699988742,38.430947999674565],[-122.58076600027468,38.43113499987813],[-122.58063599968001,38.43130500034667],[-122.58059499967214,38.43136900032003],[-122.58052199987722,38.43148399999762],[-122.58045900012803,38.43160699981115],[-122.58037899976208,38.431745000073356],[-122.58016200002712,38.43212299986933],[-122.580090999882,38.432248999830676],[-122.58001600043723,38.43237400033463],[-122.57994000026925,38.43249899991854],[-122.57971599996326,38.43287699998938],[-122.5796409996202,38.433003999974886],[-122.57934699989231,38.43349499965164],[-122.57867099967471,38.43462599966481],[-122.57847200038141,38.434972000083],[-122.57818699997604,38.43546899984028],[-122.57784300001947,38.435325000256974],[-122.57750200043591,38.43518200028879],[-122.57681699999749,38.43488000029634],[-122.57679899955583,38.43487200033994],[-122.57647700023887,38.434730000086816],[-122.5763170004053,38.43465900020733],[-122.57627899987214,38.43464300024468],[-122.57583500035642,38.4344550000661],[-122.57567499962457,38.4343880002734],[-122.5754870002019,38.43430800012438],[-122.5749230001373,38.434071000306155],[-122.57481500018227,38.43402599977181],[-122.57473499981631,38.433991999724775],[-122.57445600015706,38.433874000058154],[-122.57432200026277,38.43381700034693],[-122.57309600022425,38.43330300028882],[-122.57308199998054,38.43329700001461],[-122.57217399995935,38.432906000188616],[-122.570982000256,38.43239199997846],[-122.57079399993506,38.43231099978681],[-122.57075200010226,38.432297999834496],[-122.5707010000486,38.432280000167246],[-122.57066099986565,38.43226600026659],[-122.57039499972687,38.43215899998122],[-122.57020200028133,38.43207499969213],[-122.569988999846,38.43199100000903],[-122.56972199988229,38.43187900027957],[-122.56743999968461,38.43091099970109],[-122.56577400032835,38.430212999977215],[-122.56512400004999,38.42994000029536],[-122.56492999988123,38.429858000191956],[-122.56435099974802,38.42961399998563],[-122.5641580003025,38.42953300019629],[-122.56405199999728,38.429487999648565],[-122.56373399997996,38.429354999914395],[-122.56362900039798,38.429310999943134],[-122.56345699997055,38.429237999691715],[-122.56322699981676,38.429140999706235],[-122.56294399995954,38.42902199986529],[-122.56277300025532,38.42895000001417],[-122.56256499984285,38.42886200025499],[-122.56211700012919,38.42867299980995],[-122.56194399987683,38.42860000032106],[-122.5617370001876,38.42851300013014],[-122.56156999978302,38.428441999767166],[-122.56107199984064,38.42823199966285],[-122.56090600015928,38.42816199972698],[-122.56063300034785,38.42804699968499],[-122.56037600042988,38.427939000182555],[-122.56002999992513,38.42777800027903],[-122.55992899964282,38.42772500000065],[-122.55983099973352,38.427666000348694],[-122.55957700018861,38.427514999922536],[-122.55944599976904,38.42766000030981],[-122.55941800017995,38.427743000099525],[-122.55940399993625,38.427873999980584],[-122.55941099960894,38.42797300026488],[-122.55946000001276,38.42817099972252],[-122.55950900041655,38.42829700024634],[-122.55957200016574,38.42865299995732],[-122.55959200025724,38.42876399977323],[-122.55959200025724,38.42892400030439],[-122.55957800001353,38.42902299985294],[-122.55950100002063,38.42912099998321],[-122.55944599976904,38.42917099998413],[-122.55920100044497,38.42933000033382],[-122.55863499983225,38.429572000132275],[-122.55845400008226,38.42965799977225],[-122.55840499967847,38.429681999964494],[-122.5582230001036,38.429836000011065],[-122.5580769996154,38.430010999889184],[-122.55805099967613,38.430098999655634],[-122.55800700019353,38.43025300022029],[-122.5579929999498,38.430374000081706],[-122.55792299962962,38.4305440002307],[-122.55787400012414,38.43058800015439],[-122.55782499972032,38.430615999899956],[-122.55772699981105,38.43065399998971],[-122.55747599974087,38.43073100007311],[-122.5572730002496,38.43086300012563],[-122.5571960002567,38.43093400021937],[-122.55716100009658,38.430971000181074],[-122.5570990001723,38.43103900028945],[-122.55680500044446,38.431680999729544],[-122.55673500012425,38.43175800012527],[-122.55660299987976,38.43184599987373],[-122.5564630001377,38.43191000007129],[-122.55631599982458,38.4319779999991],[-122.55628099966448,38.432004999963],[-122.55607899999814,38.432109999883124],[-122.55587599960855,38.432197999906336],[-122.55576500017875,38.4322359998672],[-122.55559299975131,38.432314000316815],[-122.55553400020008,38.43234100015507],[-122.5553729996433,38.43242899989675],[-122.55515000006052,38.43252700033043],[-122.55478000016468,38.43273100028963],[-122.55453499994229,38.43288999983749],[-122.5539070003036,38.43337300016698],[-122.55383000031068,38.433412000140024],[-122.5535569996009,38.433493999725926],[-122.55343199992743,38.4335160001997],[-122.55304600013805,38.433490999948695],[-122.55267000039441,38.433467000318814],[-122.55260099989913,38.43347800020879],[-122.55233499976035,38.43356500004734],[-122.55210999962944,38.43363000005242],[-122.55160500001438,38.4337040000086],[-122.55158300027306,38.43360599976505],[-122.55142699973915,38.433785000044885],[-122.5511060002471,38.434125999982946],[-122.55103599992691,38.434185999902404],[-122.55102599988115,38.434191000186665],[-122.55078400003181,38.4343340000066],[-122.55066600003104,38.434428000314675],[-122.55049100012887,38.43460899978451],[-122.5501699997385,38.43497100017768],[-122.54998800016362,38.4351090003435],[-122.54992500041443,38.43513599984026],[-122.54971399962892,38.435271999888464],[-122.54968799968965,38.43529000021713],[-122.54940800020547,38.43555400030001],[-122.54928600000673,38.43564900032286],[-122.5492130002118,38.43570699989015],[-122.54912899964792,38.43576799979732],[-122.5490729995714,38.43579499975131],[-122.54902400006591,38.43583899999349],[-122.54897800003518,38.43586500002805],[-122.5488969998443,38.43591399968884],[-122.54871699991926,38.436021000038735],[-122.54860300011644,38.43607800012097],[-122.54855600026077,38.43610300017981],[-122.54850699985698,38.43611399966824],[-122.54838100035859,38.43619599970369],[-122.54773899957785,38.436542000338],[-122.54771500018671,38.436556999996476],[-122.54759899983576,38.43663599988219],[-122.5474800000101,38.43669599982671],[-122.54742999978139,38.43673500011571],[-122.54735399961338,38.43679499997796],[-122.54676100013478,38.43717999990102],[-122.54663499973809,38.43727300014844],[-122.5464530001632,38.437427000188734],[-122.54616000026026,38.437745000064005],[-122.54608999994005,38.43783900015278],[-122.54604800010725,38.437938000143895],[-122.54601299994715,38.4379819997836],[-122.54598500035806,38.438057999929725],[-122.54594299962696,38.4381239999732],[-122.54579700003708,38.43829400016979],[-122.54576799972479,38.438328000301766],[-122.54569199955678,38.438370999845645],[-122.54559399964748,38.438404000083636],[-122.54511199959866,38.4385310001979],[-122.54487399994727,38.43861300030254],[-122.54474800044889,38.43867899983861],[-122.54459500028801,38.43879999965221],[-122.54437099998202,38.43902499983061],[-122.54395199968236,38.43954100034956],[-122.54389599960587,38.439628999759016],[-122.54375599986379,38.43979999976787],[-122.54307200014858,38.440569000158234],[-122.54302299974479,38.44063999985439],[-122.5429740002393,38.4407280000349],[-122.54291099959178,38.44089799972802],[-122.5428269999262,38.441238999842426],[-122.5427709998497,38.441540999970755],[-122.54272900001688,38.441914000092936],[-122.5427080001005,38.441936000111625],[-122.5427010004278,38.441985999681464],[-122.54265200002403,38.44208500031759],[-122.54258199970381,38.44217300014367],[-122.54250499971091,38.44223899994282],[-122.54242100004534,38.442288000202396],[-122.54219099989155,38.4423369997251],[-122.54199500007299,38.4424030000779],[-122.54175999989634,38.44244699981045],[-122.54155499985693,38.4424850000057],[-122.54146399962033,38.44249599992882],[-122.54140199969605,38.44249100021984],[-122.54123400036488,38.44249599992882],[-122.54112700023474,38.44246199964923],[-122.54111499964087,38.44245799973941],[-122.54104799969373,38.44241899972789],[-122.54097900009675,38.442397999658816],[-122.54091799999738,38.442370000260844],[-122.54087899963932,38.44234699986772],[-122.54083299960855,38.442317000139305],[-122.54079999999661,38.44229200012158],[-122.54076999985939,38.44226499978314],[-122.54070999958492,38.44222199974444],[-122.54041699968198,38.44203500011278],[-122.54018599970327,38.44195800012362],[-122.54001900019699,38.44192500010312],[-122.5391940000165,38.44188100005236],[-122.53897200025864,38.44187499978748],[-122.53857300005048,38.441863999769666],[-122.53839099957727,38.44184799999666],[-122.5382369995915,38.44181999968168],[-122.53805599984153,38.44174300016677],[-122.53774200002215,38.44155100022361],[-122.53757499961759,38.44149299972258],[-122.5375319999599,38.44147900020123],[-122.53723200038424,38.44146300034288],[-122.53688900025256,38.44146800012308],[-122.53673600009168,38.44147900020123],[-122.53672000019816,38.44149299972258],[-122.53659600034959,38.44152900008762],[-122.53622599955543,38.44161600007467],[-122.53594600007125,38.44164399976517],[-122.53559000041912,38.441660000287015],[-122.53538700002953,38.44170399976892],[-122.53531000003663,38.4417610002892],[-122.53515000020306,38.44188000024274],[-122.53510800037027,38.441902000271796],[-122.5350919995784,38.44191599971117],[-122.53498199997355,38.44197900032071],[-122.53487099964549,38.442021999800566],[-122.53486300014788,38.442039000045995],[-122.53466800015421,38.44213199966236],[-122.53450699959741,38.442231000098296],[-122.53429700043343,38.44234100034518],[-122.53426899994602,38.4423740001755],[-122.53419299977804,38.44241199970553],[-122.53412300035617,38.44246700006383],[-122.53401100020317,38.4425330002977],[-122.53354300039803,38.442724999739546],[-122.5334560003594,38.44276500008665],[-122.53336099992485,38.44281099989557],[-122.53331900009206,38.442830000251625],[-122.53319400041858,38.442873999723936],[-122.53306800002188,38.44290700001416],[-122.532774000294,38.442938999790805],[-122.53255800038396,38.44294499996719],[-122.53216000000069,38.44291700007781],[-122.53200600001489,38.44291700007781],[-122.53153800020975,38.44286200006241],[-122.53149100035408,38.44285400028693],[-122.53106299983361,38.4427799998593],[-122.53096499992428,38.44274700021461],[-122.5309509996806,38.44273000013593],[-122.53088100025873,38.442724999739546],[-122.53080500009075,38.44269200006971],[-122.53077699960335,38.442681000176414],[-122.53063699986123,38.44265300018463],[-122.5305640000663,38.442649000285385],[-122.5305210004086,38.442657000083585],[-122.5304850004236,38.44266199978108],[-122.53044400041573,38.4426659996796],[-122.53040900025562,38.4426659996796],[-122.5303720004457,38.442663000283424],[-122.53029499955447,38.442654999782334],[-122.5301969996452,38.4426579998824],[-122.5301199996523,38.44265300018463],[-122.53005699990308,38.44263600008376],[-122.52997900008529,38.442604000172786],[-122.52993800007745,38.44258700006043],[-122.52977800024384,38.44247700018845],[-122.52961699968705,38.44235099978364],[-122.52955200028805,38.44231400002507],[-122.52933100035511,38.44218000018916],[-122.52893999964454,38.44202599973449],[-122.52873700015326,38.44197700000067],[-122.52858399999238,38.44191599971117],[-122.52837399993012,38.44185000032028],[-122.52817200026374,38.44175700034057],[-122.52810899961624,38.44171799995024],[-122.52792000036867,38.4416359998547],[-122.52770399956029,38.441559000143506],[-122.52726400024254,38.441438000029315],[-122.52702599969284,38.441345000222405],[-122.5268099997828,38.441250999773764],[-122.5265649995604,38.44110299977736],[-122.52621599958094,38.44092099987925],[-122.52581100042333,38.44075100024029],[-122.52539200012365,38.440618999971356],[-122.5251269998098,38.440557999941404],[-122.52486800024202,38.44052499998448],[-122.5247910002491,38.44047599993533],[-122.52421899978859,38.44027200004795],[-122.5240509995591,38.440222999827064],[-122.52366700031786,38.440030000227274],[-122.52349200041569,38.43991500008918],[-122.52342999959308,38.43984900027595],[-122.52331099976739,38.43953599973226],[-122.5232270001018,38.439222999942245],[-122.52307399994092,38.43880500032055],[-122.52299699994805,38.43866200020907],[-122.52292099978004,38.438557999822194],[-122.52282299987074,38.438463999966],[-122.52267599955765,38.4383869996857],[-122.52255000005928,38.43834300029285],[-122.52225700015632,38.43826599988349],[-122.52213099975961,38.438210999842354],[-122.52175400019108,38.43799099996247],[-122.52165000043401,38.43795800023932],[-122.52136300037883,38.437930999686984],[-122.52121000021795,38.43789799993637],[-122.52063000025981,38.437881000122964],[-122.51945000025205,38.437743000330286],[-122.51822000001556,38.437693999799976],[-122.51784300044704,38.4376879998907],[-122.51760599972226,38.43767699993848],[-122.51741699957637,38.43765500002904],[-122.51729799975068,38.43763300011284],[-122.5170400000078,38.43753899975584],[-122.51698399993131,38.437489999790714],[-122.51685800043295,38.43741299987882],[-122.51670500027205,38.43729699992043],[-122.51659300011907,38.43719799975398],[-122.51652299979887,38.43717599969851],[-122.51627199972872,38.43702799979102],[-122.51618100039042,38.4370109997727],[-122.51611100007023,38.4370109997727],[-122.5159849996735,38.43704399992879],[-122.51584599975637,38.4371050001136],[-122.51573399960336,38.437171000324696],[-122.51554000033292,38.437244000296],[-122.51542700035499,38.43728599990864],[-122.51510500013974,38.43742299999996],[-122.51493699991025,38.43747200001057],[-122.51477700007668,38.43751099988035],[-122.5146299997636,38.437515999934334],[-122.51448300034879,38.43751099988035],[-122.51436500034802,38.43748299999401],[-122.51428099978412,38.4374449999801],[-122.51421100036225,38.437395000079476],[-122.51413400036935,38.4372359998979],[-122.51408499996553,38.437180999775684],[-122.51401600036857,38.43712600031524],[-122.51393199980467,38.43709800027956],[-122.51375000022979,38.43707600019363],[-122.51346399999952,38.43702099994952],[-122.51328900009734,38.43697200033646],[-122.51322700017307,38.436917000013125],[-122.51321999960204,38.43667500020361],[-122.51317799976925,38.436564999766155],[-122.51307300018728,38.436399999851226],[-122.51305200027087,38.43633400034255],[-122.51301700011076,38.43627900023682],[-122.51289900011,38.43619700029564],[-122.5128499997062,38.43618000008165],[-122.512674999804,38.43616899989967],[-122.51252900021416,38.4361749999352],[-122.51193300036248,38.43625600001389],[-122.51185100034671,38.43626800006993],[-122.51166200020083,38.43628399967247],[-122.51146700020715,38.436262000042134],[-122.51141799980336,38.4362350002628],[-122.51139699988697,38.43618500022781],[-122.51141100013068,38.4360039997833],[-122.5113140000463,38.435817000227615],[-122.51126499964248,38.43576799979732],[-122.51120899956598,38.4357289996896],[-122.5110620001512,38.43566300027119],[-122.51079699983734,38.43557000006073],[-122.51062899960786,38.43547599983227],[-122.51050399993437,38.43530600003641],[-122.51027999962838,38.43530600003641],[-122.51002199988555,38.43534999987294],[-122.50979099990684,38.43547599983227],[-122.50969299999757,38.43554200012525],[-122.50955400008039,38.43556900016375],[-122.5094980000039,38.43556399997498],[-122.50946299984379,38.435547000315594],[-122.5093440000181,38.435388000285904],[-122.50930899985802,38.43536599967892],[-122.50916999994082,38.435348999972916],[-122.50906500035885,38.43538200018503],[-122.50897400012224,38.435425999975244],[-122.50879900022007,38.43555199980187],[-122.5086040002264,38.43567299993106],[-122.50840800040783,38.4357500002915],[-122.50830999960021,38.435810000268695],[-122.50812200017756,38.435810000268695],[-122.50791899978795,38.435787999790314],[-122.50783500012236,38.435787999790314],[-122.50775800012948,38.43579900003034],[-122.50772999964207,38.435820999801706],[-122.50769399965706,38.43583600031369],[-122.50766699989288,38.43584799973593],[-122.50752100030303,38.435963999911564],[-122.50738800023362,38.435990999792246],[-122.50735300007354,38.43598600033632],[-122.50732499958612,38.435963999911564],[-122.50726199983693,38.43594200018372],[-122.50722699967682,38.43591399968884],[-122.50719200041505,38.43590300016999],[-122.50701800033775,38.43589800000431],[-122.50687799969737,38.43595199980495],[-122.50684300043558,38.436002000001345],[-122.506744999628,38.436205000105225],[-122.50671700003889,38.43624300006817],[-122.50661900012962,38.436308999660035],[-122.50655700020532,38.43632599984365],[-122.50647299964142,38.43633099997965],[-122.50589299968327,38.43629300006303],[-122.505802000345,38.43629800020132],[-122.50553700003111,38.436342000136946],[-122.50528599996096,38.43635599995094],[-122.50486599983638,38.43638000002783],[-122.50463599968263,38.43640699975294],[-122.50448900026785,38.43644600019806],[-122.50437700011487,38.436490000043484],[-122.50430699979464,38.436555000229845],[-122.50427900020557,38.4366100001253],[-122.50424400004547,38.43681399980666],[-122.50420899988536,38.43690099984722],[-122.50418100029626,38.43692899995929],[-122.50409000005966,38.436978000305245],[-122.50401300006679,38.43698899966031],[-122.50371299959282,38.43697300021401],[-122.50353900041387,38.43699999971734],[-122.50319600028219,38.43716999974624],[-122.50297299980109,38.43722999995055],[-122.5029030003792,38.43725799993503],[-122.50287499989182,38.43727999996551],[-122.50285399997541,38.43736800002022],[-122.50278399965521,38.43738400008262],[-122.50272099990605,38.43737900001951],[-122.50256699992025,38.43734000007841],[-122.50244899991947,38.43729600004737],[-122.50222499961347,38.437246999917306],[-122.50207200035092,38.4371639997934],[-122.50198799978702,38.43710400023784],[-122.50190400012143,38.43707600019363],[-122.50170900012776,38.43706500014817],[-122.50165300005125,38.437054000101035],[-122.50161100021846,38.43703700008884],[-122.50149900006548,38.43695500030496],[-122.50135199975239,38.43690599994344],[-122.50123399975159,38.43690500006497],[-122.50117799967511,38.43693300017549],[-122.50116400032972,38.436959999693784],[-122.50112900016961,38.43714199972763],[-122.50111099972796,38.43719400025611],[-122.50109400000953,38.4372070000306],[-122.50088099957419,38.43722499987682],[-122.50076900031951,38.437213999854016],[-122.50056000008215,38.437158999715095],[-122.50044799992914,38.43714799968223],[-122.50032200043076,38.43716499966829],[-122.50028700027067,38.437191999803474],[-122.50019600003407,38.43723099982453],[-122.5001340001098,38.43727499989518],[-122.49989700028334,38.43768100011319],[-122.49950599957275,38.43820300025506],[-122.49940099999077,38.4383190001649],[-122.49902400042222,38.43863199965277],[-122.49891200026924,38.43875900006956],[-122.49882900042854,38.43888300000608],[-122.49875900010836,38.43898900032765],[-122.49866100019906,38.43916499968148],[-122.4985990002748,38.439226000184945],[-122.49833300013601,38.439428999666696],[-122.49815200038603,38.43963799973256],[-122.49795599966914,38.43981900021295],[-122.49788700007218,38.43987399973255],[-122.49783799966836,38.439890999780296],[-122.49768700005562,38.439912999711936],[-122.49724400036486,38.43997900017028],[-122.49709000037905,38.440072000329934],[-122.49697900005098,38.440159999795696],[-122.49691100027891,38.44022500019571],[-122.49688100014167,38.44025400025789],[-122.49685299965427,38.44025400025789],[-122.49675499974498,38.44039100034545],[-122.4965880002387,38.44056699979912],[-122.49657399999501,38.440617000317246],[-122.4965809996677,38.44074300023085],[-122.49664400031523,38.440935000212434],[-122.49664400031523,38.44103400017928],[-122.49662300039881,38.441110999746904],[-122.49646299966693,38.44128700025946],[-122.49648399958332,38.441369000047864],[-122.49654700023083,38.4415009996489],[-122.49660300030733,38.44158900018697],[-122.49662400022373,38.44175400020303],[-122.49660300030733,38.44182500014081],[-122.49656800014722,38.44187499978748],[-122.49653999965983,38.44194099985911],[-122.49650799987278,38.441985999681464],[-122.49648399958332,38.442017999866415],[-122.49643599990274,38.44218800003934],[-122.49650500039806,38.44236400003661],[-122.49651899974343,38.442424000145465],[-122.49649899965196,38.44251200026185],[-122.49647100006285,38.44260000027088],[-122.49644299957545,38.442615999877255],[-122.49637999982626,38.44269299986804],[-122.49612899975608,38.44287999990578],[-122.49600300025772,38.44299600003934],[-122.49599599968671,38.443040000114046],[-122.4960099999304,38.443226000165396],[-122.49614999967251,38.44330300020901],[-122.49645699981916,38.443428999655474],[-122.49659699956122,38.4435009998435],[-122.49670899971423,38.443578000297336],[-122.49678599970711,38.44363800010061],[-122.49693999969291,38.44380799997597],[-122.49695700030968,38.443872999905246],[-122.49698200042401,38.44396200014645],[-122.49693300002022,38.444280999856325],[-122.49690500043111,38.44438000015896],[-122.49684900035462,38.444468000001194],[-122.49662599987357,38.44470399968812],[-122.49656999979705,38.44487999988243],[-122.49652200011649,38.4449619998104],[-122.49649399962907,38.44512699985504],[-122.49648699995637,38.44532500011427],[-122.49655700027657,38.44578099983903],[-122.4965720003452,38.4465219999306],[-122.49710999957223,38.4468079996837],[-122.49731200013689,38.44694499999535],[-122.49752899987188,38.44706000018976],[-122.49771800001776,38.447148000282],[-122.49791300001142,38.4472740000514],[-122.49794800017153,38.4473240001446],[-122.49820699973932,38.44807100032486],[-122.49824899957211,38.448153000144906],[-122.49841699980159,38.448395000168745],[-122.49846600020538,38.44845000018895],[-122.49868299994039,38.44859799989428],[-122.49873200034418,38.44861999998618],[-122.49945899971709,38.448861000138166],[-122.49977300043474,38.448986999730806],[-122.50004600024624,38.44915800008237],[-122.50021299975252,38.44927800021058],[-122.50035400021781,38.45029499979242],[-122.50035400021781,38.450420999695226],[-122.50028499972252,38.45089899968227],[-122.50019400038425,38.45119599968058],[-122.50008200023125,38.45147000026717],[-122.50006899981246,38.45159099974311],[-122.49999900039057,38.4517779999412],[-122.49994300031408,38.45197000011429],[-122.49992900007037,38.45214600017587],[-122.49995699965947,38.45232700024311],[-122.50016000004904,38.45277200028153],[-122.50032800027856,38.4528929996846],[-122.50033499995124,38.452931999664045],[-122.50109300018461,38.45349599998672],[-122.50112800034472,38.45353999999112],[-122.50125399984309,38.453655999874165],[-122.50150400008835,38.45383099969662],[-122.50151199958593,38.45384799997429],[-122.50160299982254,38.45396899968331],[-122.50172199964823,38.454079000329926],[-122.5018599997405,38.45418700012366],[-122.50188200038014,38.454204999956346],[-122.502063999955,38.45432599977014],[-122.50225200027599,38.45442499965869],[-122.50262200017183,38.45459599978576],[-122.5029719999762,38.45477199977303],[-122.50312500013708,38.454860000309175],[-122.50325099963545,38.45494200015253],[-122.50333500019934,38.455014000109735],[-122.50338399970485,38.45507400025369],[-122.5037750004154,38.455316000280874],[-122.50392799967797,38.45537099994998],[-122.50405400007466,38.455437000341774],[-122.50413100006755,38.4554650002979],[-122.50428500005334,38.45548699970303],[-122.50437499956672,38.45548699970303],[-122.50469699978197,38.455514000019065],[-122.50483599969917,38.45553600011278],[-122.50491299969207,38.45555800019974],[-122.50544400014472,38.45556999986068],[-122.50583499995696,38.45564100027565],[-122.50596800002636,38.45569100019906],[-122.5051679999602,38.456090000132676],[-122.50400200019614,38.455911999909524],[-122.49785600011003,38.45497299988888],[-122.49666100003365,38.45479099979397],[-122.49687299974578,38.455713999856684],[-122.49692700017243,38.455680999795035],[-122.49696900000522,38.45565699980471],[-122.49701099983803,38.45561799989128],[-122.49709000037905,38.45557500007053],[-122.49712600036408,38.45554599983338],[-122.49715599960298,38.45550600023915],[-122.49731700015978,38.45549999970015],[-122.49747500034353,38.45549999970015],[-122.49777200044444,38.45542400033335],[-122.49782199977484,38.45542899984985],[-122.49788500042234,38.45542499995529],[-122.4979380001258,38.455419000112975],[-122.4980169997685,38.45546599991927],[-122.49813200029455,38.455517999908686],[-122.49819900024171,38.455541999945304],[-122.49827200003664,38.455564999650434],[-122.49832499974009,38.45557700001368],[-122.498585999856,38.455495000188535],[-122.49872800014623,38.45548200019055],[-122.49883899957597,38.455512000074165],[-122.49902799972185,38.45555499993246],[-122.49925899970056,38.45559199993727],[-122.49930899992927,38.455593999879945],[-122.49941799970922,38.45563600007037],[-122.49945500041744,38.45566500027135],[-122.49952200036459,38.45569300013899],[-122.4995640001974,38.455711999917334],[-122.49963199996945,38.455792999878966],[-122.49966200010667,38.45585500001399],[-122.49969999974154,38.45588699967705],[-122.49976300038904,38.45588699967705],[-122.4998660003212,38.45586099981998],[-122.50001500028408,38.45579899969012],[-122.50007399983532,38.455781000255165],[-122.50012300023914,38.45577600005959],[-122.5001709999197,38.45579499981608],[-122.50018900036139,38.455825999889385],[-122.50020199988185,38.455847999887965],[-122.50024500043786,38.455880999873166],[-122.50026399980612,38.45588699967705],[-122.50028700027067,38.45591599977709],[-122.50038199980692,38.45595000004937],[-122.50043299986054,38.45596100003057],[-122.50049200031006,38.45596100003057],[-122.5005709999528,38.45594400025078],[-122.50065200014366,38.45595999971259],[-122.50072400011368,38.455966000213316],[-122.50079699990862,38.455964999895414],[-122.50086999970354,38.45593700013339],[-122.50096400031318,38.45591300022817],[-122.50101500036679,38.4558959997336],[-122.50109499983445,38.45588999993052],[-122.50120399961438,38.45589500011819],[-122.50138600008758,38.45593399988188],[-122.50144499963879,38.45595099966402],[-122.50150599973816,38.455984999919814],[-122.50163999963246,38.45601299966326],[-122.50174299956463,38.456050999749905],[-122.50186499976334,38.45609299967429],[-122.50202899979489,38.45612100007923],[-122.50212699970419,38.45615599986671],[-122.50221700011588,38.456177000153104],[-122.50232599989583,38.45619100034068],[-122.50240500043684,38.456219000004126],[-122.50248999992736,38.456247999970756],[-122.50261799997388,38.45628099977305],[-122.50289300033347,38.456402999934255],[-122.50291800044785,38.45643699997699],[-122.50296199993043,38.45650500001445],[-122.5030129999841,38.45653900000916],[-122.50310800041862,38.45656200009991],[-122.50316600014497,38.45658799970434],[-122.50319600028219,38.45663100032825],[-122.50324499978768,38.456706999830445],[-122.50334299969695,38.45678699977535],[-122.50343399993356,38.45683499969971],[-122.5034640000708,38.456862999816664],[-122.50353199984283,38.456874999964015],[-122.50361200020879,38.456885999804165],[-122.50369900024742,38.45693100015606],[-122.50375100012596,38.45698200019267],[-122.50380899985228,38.45701099985253],[-122.5038389999895,38.45706199983257],[-122.5038609997308,38.45712499988232],[-122.5038609997308,38.457182000181355],[-122.5038669995786,38.45722200025321],[-122.50393400042408,38.45727100018795],[-122.504007000219,38.45728000007185],[-122.50405599972449,38.45728000007185],[-122.50415899965665,38.45724599972296],[-122.50426699961169,38.45721200006147],[-122.50437000044217,38.45716899978386],[-122.50447900022209,38.457135000086126],[-122.50455200001704,38.45711099987599],[-122.50467900023864,38.45709600026822],[-122.50476399972914,38.45709600026822],[-122.5049150002402,38.45707599984841],[-122.50506699967785,38.45706600033982],[-122.50516700013527,38.45706300013527],[-122.50580999984261,38.457117999879465],[-122.50594399973691,38.4571800002827],[-122.50606199973768,38.45719999997023],[-122.50638499977786,38.45720300016909],[-122.50652299987013,38.45720300016909],[-122.50658999981727,38.45720699996507],[-122.50668699990165,38.45721099976083],[-122.50678399998604,38.45722099995272],[-122.50685699978098,38.45724899991991],[-122.50691799988034,38.457290999850294],[-122.50699700042138,38.4573530001048],[-122.50709399960743,38.45743400033432],[-122.50714100036141,38.457455000248736],[-122.50719099969182,38.45746600000046],[-122.50764099995361,38.45760599995559],[-122.50790200006952,38.45765500033297],[-122.50815399996459,38.45769700002698],[-122.50818400010183,38.45769399984867],[-122.508218000437,38.4577050002674],[-122.5083089997753,38.4577050002674],[-122.50835099960808,38.4577050002674],[-122.50844799969248,38.45767999995276],[-122.50852100038573,38.4576749998888],[-122.50860000002842,38.457660999989265],[-122.508647999709,38.457636999954175],[-122.50869000044014,38.457607999842445],[-122.50876900008285,38.45756499980093],[-122.50886500034231,38.457545000214544],[-122.50896800027446,38.45752100014086],[-122.5090350002216,38.45749700005914],[-122.50909299994792,38.45746700029755],[-122.50918500000944,38.457443999791884],[-122.50936800030755,38.45741900009025],[-122.50948299993527,38.457403999843066],[-122.50956699960085,38.45741999968454],[-122.5096179996545,38.457476999750504],[-122.50963600009615,38.45756999987251],[-122.50964100011902,38.45764300031542],[-122.50964199994394,38.45769399984867],[-122.50965700001255,38.45778600010167],[-122.50967200008115,38.457842999878444],[-122.50971599956378,38.457893999973756],[-122.50974499987608,38.457933999650876],[-122.50977400018843,38.457979000052454],[-122.50977800038638,38.45802300013663],[-122.5097790002113,38.45807999972614],[-122.5097790002113,38.458123000164115],[-122.50977300036351,38.45818499970357],[-122.50975599974674,38.45822800007901],[-122.5097380002034,38.45828000018797],[-122.50970800006615,38.458332999841026],[-122.5096960003706,38.45836100008007],[-122.5096469999668,38.458376000128254],[-122.50958099984457,38.45839499990344],[-122.50952099957011,38.458443000164785],[-122.50947200006462,38.4584769999495],[-122.50943000023182,38.45850099970519],[-122.50937599980516,38.45854899989595],[-122.50930399983513,38.458610999772716],[-122.50923699988799,38.458683000288865],[-122.50915300022241,38.45874500005046],[-122.50908700010014,38.45879300007886],[-122.50906899965851,38.458836000091885],[-122.50900900028235,38.45890299970117],[-122.50895999987856,38.458964999977084],[-122.50888799990852,38.45902799977176],[-122.50882799963406,38.4590760003153],[-122.50876099968693,38.4590999998717],[-122.50869499956468,38.459129000087025],[-122.50868399969403,38.45914500024935],[-122.50856900006629,38.45918399966292],[-122.50859400018065,38.45933300013234],[-122.50858699960963,38.45935299992641],[-122.508575999739,38.45942499970195],[-122.50856999989121,38.459476999651436],[-122.50857099971613,38.45955299967256],[-122.50858300031,38.45959599993594],[-122.50859599983049,38.459649000029],[-122.50860199967826,38.45974899991277],[-122.50860300040146,38.45980100033218],[-122.50857300026426,38.45991099982416],[-122.50857400008918,38.459972999937186],[-122.50856800024138,38.460063999836294],[-122.50854499977683,38.46015400006427],[-122.50854499977683,38.46024499973504],[-122.50854599960175,38.460315999769534],[-122.50858400013492,38.46045299975736],[-122.508687999892,38.46068200026515],[-122.50899699968848,38.460934000149585],[-122.5092820000938,38.461107000113245],[-122.50937699963005,38.46119900023394],[-122.50940900031543,38.46128599972021],[-122.50950800004962,38.461620999834494],[-122.50956199957798,38.46169000014773],[-122.50960500013402,38.46175599968219],[-122.50962400040058,38.46182300009635],[-122.50964799979172,38.46189399998438],[-122.50967899975386,38.46194200002761],[-122.50972800015765,38.46195599979973],[-122.50976099976964,38.46198100003915],[-122.50975300027203,38.4620300002583],[-122.509745999701,38.46207599974469],[-122.50973200035563,38.46216200005142],[-122.50970300004329,38.462208000157034],[-122.50966700005829,38.462264999956666],[-122.50962400040058,38.462333999653794],[-122.50959500008825,38.4624199996529],[-122.50957800036983,38.46245099969287],[-122.50953700036196,38.462481999719515],[-122.50952499976806,38.4625289998479],[-122.50951300007252,38.46257299997031],[-122.50949499963085,38.46258600009726],[-122.50945899964582,38.462667000077964],[-122.50942299966081,38.46273000015632],[-122.50935800026181,38.46278700024684],[-122.50924199991086,38.46289100018481],[-122.50914800019952,38.46297700022319],[-122.50910499964348,38.463016999895245],[-122.50907600022948,38.463073999758954],[-122.50909100029811,38.46311999998633],[-122.50908100025238,38.463135999966745],[-122.50902099997792,38.46321299986704],[-122.50894900000789,38.46324600000012],[-122.50891100037305,38.4632519998948],[-122.50890299997715,38.46325900000571],[-122.50884799972555,38.46328999968509],[-122.50876099968693,38.46331100000488],[-122.50873599957256,38.46333299983092],[-122.50866399960253,38.46340199991315],[-122.50856999989121,38.46350599966774],[-122.5085260004086,38.46355200032299],[-122.50850399976896,38.4635729998631],[-122.50849000042359,38.46360599983142],[-122.50844799969248,38.463687000073364],[-122.50841199970746,38.46374899975426],[-122.50835900000403,38.46383500017633],[-122.50829799990466,38.463902000066014],[-122.50826199991963,38.46395000017967],[-122.50824500020121,38.46402699991434],[-122.50822699975953,38.4640839996832],[-122.50820900021618,38.46412199973858],[-122.50813700024615,38.46422700006505],[-122.50809500041335,38.46428000027227],[-122.50801699969728,38.46435600015641],[-122.50791399976511,38.464480999921285],[-122.50787000028247,38.464504000293296],[-122.5076529996492,38.464524000060386],[-122.507485000318,38.464440999654315],[-122.50736200029435,38.46432599973048],[-122.50723300042293,38.464207000215595],[-122.50717899999626,38.46417900013575],[-122.50714200018633,38.46416500009172],[-122.50710600020133,38.46416500009172],[-122.50707299969105,38.4641639998875],[-122.50703300040638,38.464127000059],[-122.50698999985038,38.46410400027015],[-122.50685099993318,38.464114000209854],[-122.50682800036697,38.46411800032597],[-122.50670699999313,38.464057999966954],[-122.50609199987491,38.464108999888474],[-122.50582200043651,38.464493000208066],[-122.5058440001778,38.46452599975543],[-122.50582900010916,38.464557000297006],[-122.50580499981972,38.46460499997474],[-122.5058180002385,38.46469500016366],[-122.5058729995918,38.46477100031388],[-122.50594600028504,38.464851999950774],[-122.50606900030868,38.464980000138105],[-122.50613000040805,38.46502299997975],[-122.50626299957914,38.46508399972743],[-122.50636100038673,38.46513599981751],[-122.50644599987723,38.465164000229215],[-122.50657399992375,38.46522099980286],[-122.50667699985591,38.46531099992646],[-122.50669600012249,38.465368000087295],[-122.50671399966586,38.46542100015941],[-122.5067389997802,38.465486999796646],[-122.50675800004679,38.465539999781306],[-122.50679400003179,38.46556299981559],[-122.50684900028337,38.46559600028018],[-122.5069160002305,38.46561999977726],[-122.50697700032988,38.465642999786084],[-122.50707400041428,38.46567600021401],[-122.50715300005697,38.46573800029516],[-122.50719599971468,38.46577600018239],[-122.50726299966185,38.46581900025276],[-122.50729399962398,38.465851999896834],[-122.50734200020288,38.465909000333426],[-122.50739699955615,38.46597100021425],[-122.50748899961765,38.46604600024846],[-122.50757999985426,38.46607000029917],[-122.50767100009085,38.4661029998284],[-122.50774999973356,38.46612199967833],[-122.50778499989364,38.46613700022271],[-122.50791600031323,38.46614100022667],[-122.50802199972011,38.466160000066594],[-122.50811999962941,38.46614400005366],[-122.5081330000482,38.466133999692055],[-122.50818699957657,38.46615899989004],[-122.50817499988099,38.46619600008278],[-122.50817599970591,38.46626299988926],[-122.50818800029978,38.466309999663856],[-122.50820099982029,38.466358000285],[-122.50821900026192,38.46639099968239],[-122.50826199991963,38.466458000011066],[-122.50829299988176,38.46650999981383],[-122.508323000019,38.46654299984504],[-122.50840199966171,38.46660499988414],[-122.50848200002767,38.46667599998831],[-122.50859800037863,38.46674700002252],[-122.50871300000635,38.46681299985294],[-122.50884100005285,38.46688399975232],[-122.50893200028945,38.466946000201624],[-122.50901799960486,38.4669880001127],[-122.50909100029811,38.467020999925175],[-122.50916999994082,38.46704999976927],[-122.50933399997237,38.46710599979893],[-122.50943100005674,38.46716800005737],[-122.50955300025548,38.46720999983915],[-122.50960199976096,38.467238000149024],[-122.50966899970813,38.467286000152434],[-122.50970499969313,38.467325000087754],[-122.5097599999447,38.46734499977591],[-122.50990999973254,38.46736299984213],[-122.51012300016787,38.4673560001295],[-122.51025700006217,38.46736199968227],[-122.51039099995647,38.467348999712875],[-122.51050099956134,38.46729199971103],[-122.51056000001087,38.467287000313355],[-122.51062000028533,38.46725799986125],[-122.51068100038471,38.46722399999544],[-122.51072900006528,38.467200000328724],[-122.51075599982947,38.46718299968082],[-122.51103899968668,38.467156000215745],[-122.51106299997612,38.46717899973465],[-122.51110700035704,38.4672359998258],[-122.51113699959598,38.467251000138425],[-122.51114199961884,38.46732200030989],[-122.51115500003763,38.46737900028803],[-122.51124000042643,38.46746999998692],[-122.51131300022138,38.467516999678246],[-122.51141699997844,38.46754499986886],[-122.51147800007782,38.4675640000423],[-122.51154400020008,38.46757800012982],[-122.51159299970556,38.467582000053866],[-122.51163500043667,38.467606000296804],[-122.51167800009438,38.467663000050415],[-122.51171499990427,38.467710999771],[-122.5117519997142,38.46774900002534],[-122.51178299967633,38.46777700012587],[-122.51184600032384,38.467792999776506],[-122.51192599979147,38.4678270000774],[-122.5119629996014,38.46786099965897],[-122.51202100022604,38.46794700010106],[-122.51205800003596,38.46798100032935],[-122.51207300010456,38.46801499983825],[-122.51207300010456,38.46806099972757],[-122.5120820003254,38.46809800035112],[-122.51211199956431,38.46813299995405],[-122.51214900027254,38.46818100006514],[-122.51218600008247,38.46823800006761],[-122.51226499972519,38.46830399994016],[-122.51229300021261,38.46832500020663],[-122.51236699983242,38.46835099979129],[-122.51246599956664,38.46836499972602],[-122.51254500010768,38.468383999683404],[-122.51258100009268,38.468383999683404],[-122.51262299992547,38.468383999683404],[-122.51265999973539,38.468393000290725],[-122.5127939996297,38.4684540000013],[-122.51296400040734,38.468558000207544],[-122.51305599957051,38.46862499992959],[-122.5131099999972,38.46866299970229],[-122.51313500011156,38.46869600015498],[-122.51317199992147,38.46873899989092],[-122.5132020000587,38.468791000158916],[-122.51323899986862,38.46882899984414],[-122.51331800040965,38.468842999686125],[-122.51338500035682,38.46885700022869],[-122.51346200034969,38.46888499989902],[-122.51347599969509,38.46888999988924],[-122.51349999998453,38.468892000166576],[-122.51358500037335,38.46889899973013],[-122.51366400001608,38.46889899973013],[-122.51372500011544,38.46888899975056],[-122.51378500038987,38.46889800029491],[-122.51385200033707,38.468940999910444],[-122.51389499999475,38.469006999842875],[-122.51393799965244,38.46905000009676],[-122.51395600009413,38.469073999851084],[-122.51395699991902,38.469107000115685],[-122.5139629997668,38.46918799980593],[-122.51396399959172,38.469255000349314],[-122.5139760001856,38.469312000206195],[-122.5139770000105,38.46935500027815],[-122.51399499955386,38.46940700010195],[-122.51401299999553,38.469430999737455],[-122.51404399995765,38.469473999738504],[-122.51409900020924,38.46950699982005],[-122.51413600001916,38.46954499983125],[-122.5141600003086,38.46960700010276],[-122.51419100027074,38.46965899974483],[-122.51424599962404,38.46971100005273],[-122.51430699972342,38.469778000110175],[-122.51432500016507,38.469806000126226],[-122.51439799996,38.4698489999036],[-122.51446599973205,38.46991499970836],[-122.51450799956484,38.46993899987812],[-122.51458100025809,38.46997199974681],[-122.51464800020526,38.46999499977426],[-122.51473299969575,38.47000900009321],[-122.51475899963502,38.47002499995195],[-122.51486099974227,38.47003700001955],[-122.51492799968943,38.47005600023967],[-122.51497000042052,38.47006100014872],[-122.51504300021544,38.47008400014777],[-122.5150959999189,38.47009700032745],[-122.51513299972882,38.47011699995015],[-122.51515299982032,38.47014100005269],[-122.5151949996531,38.47018400033363],[-122.51521999976745,38.470230999662704],[-122.5152440000569,38.470273999889976],[-122.51530000013341,38.470344999898415],[-122.51539100036999,38.47043499995714],[-122.51543400002771,38.47048799982197],[-122.51552600008921,38.47058700003575],[-122.51569599996854,38.470719999753726],[-122.5157999997256,38.47079100002628],[-122.51583700043383,38.47081499990448],[-122.51590600003082,38.4708759996762],[-122.51600099956705,38.470898000007814],[-122.51605900019167,38.47088700019449],[-122.51609299962857,38.47084499974102],[-122.51616399977365,38.47081800024037],[-122.51630299969085,38.4707219999803],[-122.51638100040695,38.470669000287465],[-122.51643099973735,38.47063000005072],[-122.51645400020189,38.47061200009665],[-122.5165379998675,38.47057799970221],[-122.51665900024132,38.47051600026565],[-122.51678599956459,38.47047200006591],[-122.5168209997247,38.470463999834934],[-122.51696600038798,38.4704529999554],[-122.51718300012297,38.47048899993848],[-122.51724699969705,38.4705080000395],[-122.51730199994863,38.47051699967844],[-122.51738099959135,38.47051699967844],[-122.51745400028459,38.470530999895985],[-122.51752000040683,38.47054000023538],[-122.51764300043047,38.47052499990353],[-122.51775899988314,38.47053599977209],[-122.51784000007399,38.470553000332856],[-122.51794200018124,38.470581000047964],[-122.51800599975535,38.470624000066515],[-122.51806699985468,38.470643000131965],[-122.51813399980185,38.470651999754054],[-122.5182429995818,38.47065600021091],[-122.51832799997062,38.470642000017584],[-122.518425000055,38.47063200027979],[-122.51858200041383,38.47061200009665],[-122.51866699990434,38.47059199990797],[-122.51874600044535,38.47058300027839],[-122.5187639999887,38.47057700029027],[-122.51883000011092,38.470558000207426],[-122.51886600009595,38.47051500014952],[-122.51892100034753,38.47050099992882],[-122.51896400000523,38.470553000332856],[-122.51898200044691,38.47060999986703],[-122.5189830002718,38.4706480000003],[-122.5190190002568,38.47068600011359],[-122.51905600006675,38.47073799968089],[-122.51909899972448,38.470786000167855],[-122.51913499970948,38.470818999648976],[-122.51918400011327,38.47087099982368],[-122.51920900022763,38.470886000083496],[-122.51928799987036,38.470960999929204],[-122.51950100030568,38.47105599976244],[-122.51965899959112,38.471126999704154],[-122.5197079999949,38.47115000006651],[-122.5197630002465,38.471178999656736],[-122.51983600004142,38.47120200000251],[-122.51991499968416,38.471225999743915],[-122.5199690001108,38.47125399990096],[-122.52003600005798,38.471278000328375],[-122.52006100017233,38.47131600010961],[-122.52010300000512,38.471358000288774],[-122.52014700038605,38.471405000259224],[-122.52023400042471,38.47139499992392],[-122.52043299971801,38.47131600010961],[-122.52052700032766,38.47129000018745],[-122.52076300032923,38.471178999656736],[-122.5209120002921,38.471131000134655],[-122.52099199975974,38.47110899987414],[-122.52133099969345,38.47102999974648],[-122.52201199993395,38.4707569997163],[-122.52263700009792,38.47018499975103],[-122.52307899996379,38.470214999849674],[-122.52357100005838,38.47034100012763],[-122.52375299963326,38.470416999954395],[-122.52393299955833,38.47046700018542],[-122.5241219997042,38.470473000182636],[-122.52418600017663,38.47046800030222],[-122.52431599987295,38.470528000251484],[-122.5248039997696,38.47026099974221],[-122.52491300044784,38.47024600005572],[-122.52501300000698,38.47021100007168],[-122.52514000022857,38.47016799980683],[-122.52520700017574,38.470143000295266],[-122.52537200003216,38.47008900005487],[-122.52540399981922,38.470085999688656],[-122.52541800006291,38.470079999659184],[-122.52552099999507,38.47006600005741],[-122.52569699972217,38.470030999986],[-122.52579999965432,38.47000699984686],[-122.52583599963933,38.46998800031715],[-122.52589000006601,38.4699209997515],[-122.52594399959439,38.469868000173264],[-122.52601700028764,38.46979600027243],[-122.52605900012043,38.469739000094805],[-122.52615500037989,38.46968599967945],[-122.52626400015984,38.46967599980902],[-122.52635500039642,38.46967099987334],[-122.52647699969685,38.46970399986468],[-122.52659200022289,38.469769999802146],[-122.52669000013218,38.469835999679205],[-122.52676299992712,38.46991200003823],[-122.5268099997828,38.46992699979421],[-122.5268669996842,38.46994499991928],[-122.52695799992078,38.46995400033182],[-122.52704199958637,38.469948999712024],[-122.52714500041688,38.46992500024892],[-122.52722400005956,38.46990499986968],[-122.52733299983952,38.469862000125644],[-122.5274299999239,38.46982800008096],[-122.52758100043494,38.469807999674806],[-122.52769000021489,38.46979400002017],[-122.52784800039863,38.46975899981675],[-122.52793799991201,38.469715999985695],[-122.52802900014859,38.469681999872115],[-122.52810100011862,38.46963400005685],[-122.52822800034025,38.46960999978557],[-122.52828900043959,38.469599999904595],[-122.52838599962567,38.469599999904595],[-122.52856800009884,38.46960399971648],[-122.528859000352,38.46959800035024],[-122.52903500007909,38.4695679999949],[-122.52921099980618,38.46952399992008],[-122.52949899968628,38.46954999977573],[-122.52951399975488,38.46955200003475],[-122.5296049999915,38.46957000025342],[-122.52962500008297,38.46959299970581],[-122.52967199993864,38.46964600018947],[-122.52970299990078,38.4696939999968],[-122.52970299990078,38.46979899994738],[-122.52969200003011,38.46986499979785],[-122.52977900006876,38.47093299965833],[-122.52963099993075,38.471544999885054],[-122.52963799960345,38.47155799980138],[-122.52967500031168,38.47164400005422],[-122.52972999966498,38.4717769999325],[-122.52987699997807,38.47195699987941],[-122.52996900003959,38.47209499965165],[-122.52999400015392,38.47217600020527],[-122.53001300042051,38.472281000058096],[-122.53001300042051,38.47233299988175],[-122.52997400006242,38.47244999987527],[-122.53002299956793,38.472573000204775],[-122.52962599990789,38.473129999722126],[-122.52963400030379,38.4731530001488],[-122.52962900028095,38.473163000240326],[-122.52963799960345,38.47317900010252],[-122.52965000019732,38.4732839999013],[-122.52967600013659,38.47347399965089],[-122.52971399977143,38.47368900000366],[-122.5297389998858,38.4737410002184],[-122.5297759996957,38.47386900010034],[-122.52979499996228,38.473931000170275],[-122.52980099981006,38.4740220000402],[-122.52985100003879,38.474131000281886],[-122.52988100017599,38.47415499975166],[-122.52994200027537,38.474207000333585],[-122.53000400019967,38.47429799985516],[-122.53007699999459,38.474383000293756],[-122.53011399980454,38.47445900007982],[-122.53012100037552,38.474568999720745],[-122.53011499962943,38.474630999892],[-122.53012200020044,38.47475900030366],[-122.53012899987311,38.47479300013307],[-122.53025000024697,38.47484899977577],[-122.53033499973745,38.47486800013441],[-122.53039599983683,38.4748869997848],[-122.53044500024065,38.474914999926696],[-122.53047500037785,38.47495299990097],[-122.53048799989833,38.47498700034218],[-122.53049399974611,38.47502000001041],[-122.53049399974611,38.475063000194766],[-122.53048299987546,38.475162999804745],[-122.53053200027925,38.47521499965964],[-122.5305620004165,38.4752250001684],[-122.53057900013494,38.475229999719005],[-122.53060500007417,38.47523900017513],[-122.53066600017355,38.47528100017884],[-122.5307520003873,38.475385999729454],[-122.53082500018222,38.475452000092105],[-122.53083199985491,38.47546099981723],[-122.53084699992354,38.47548700034515],[-122.53099500006152,38.47574600014229],[-122.53111999973501,38.475965000211424],[-122.53111999973501,38.476022999726574],[-122.5311209995599,38.47608500005386],[-122.5311209995599,38.47617600001806],[-122.53113999982648,38.47625600016992],[-122.53121400034465,38.47635600023489],[-122.53125000032968,38.47638899997976],[-122.53123199988799,38.47643700022102],[-122.53120199975078,38.476480000263486],[-122.53114200037462,38.476556999981064],[-122.53108799994796,38.476613999691615],[-122.53103400041961,38.47666199978307],[-122.53101599997795,38.47670999984257],[-122.53097400014515,38.47682499970855],[-122.53096900012225,38.47695299974113],[-122.53097499997006,38.47703299973397],[-122.53086199999214,38.4772500000676],[-122.53106000035888,38.47778399967228],[-122.53123400043611,38.47817399966552],[-122.53123299971291,38.478195999880015],[-122.53122799969005,38.47825799974496],[-122.53122199984224,38.478320000259835],[-122.53123500026105,38.47843499966718],[-122.53128399976654,38.47853500022579],[-122.53136999998026,38.478638999956296],[-122.53146799988956,38.47871000016621],[-122.53156499997394,38.47879100032033],[-122.53162000022552,38.478832999661165],[-122.53171200028703,38.478946999657445],[-122.53174900009695,38.47901400027434],[-122.53179199975463,38.47913299996754],[-122.53181699986901,38.479199999708364],[-122.53187799996837,38.479284999993155],[-122.5319640001821,38.479394000013116],[-122.53201299968757,38.47943699969826],[-122.53206799993919,38.47947500010183],[-122.53215900017577,38.47953600028221],[-122.53223199997069,38.47962200016068],[-122.53228100037448,38.47966899966653],[-122.53234199957556,38.479702000004494],[-122.53239699982716,38.47978299974711],[-122.53252599969858,38.47990200028047],[-122.53257500010237,38.479949000307045],[-122.53265999959288,38.47999700028754],[-122.5327449999817,38.48005300010717],[-122.53281199992884,38.48010999986634],[-122.53285499958655,38.48016700028368],[-122.53296500008972,38.48027199975014],[-122.53303200003688,38.48032400013915],[-122.53314800038784,38.480385000304295],[-122.53322100018276,38.48040899980175],[-122.53348800014645,38.48068399980217],[-122.53349599964405,38.48072200025163],[-122.53349700036729,38.480797999684],[-122.53349700036729,38.48084599980232],[-122.53351499991062,38.480884000166384],[-122.53351599973556,38.480974999698326],[-122.53352499995637,38.480997999731855],[-122.53355900029155,38.481083999975596],[-122.53357799965981,38.48115100001263],[-122.5336460003302,38.48127400026487],[-122.53367599956911,38.48131700023496],[-122.53375599993507,38.48134999981845],[-122.53383299992794,38.48135099978428],[-122.53413500005173,38.48143499967755],[-122.53422899976307,38.4814430000976],[-122.53433300041846,38.48147099980279],[-122.53439299979459,38.48148500000292],[-122.53450300029776,38.48157600018249],[-122.53466800015421,38.48171799966919],[-122.53472300040578,38.4817560002767],[-122.53485099955401,38.48183100006606],[-122.5349419997906,38.481887999825666],[-122.5350699998371,38.48200199991282],[-122.53517399959419,38.48208299988372],[-122.5352170001502,38.48214000014726],[-122.53527800024958,38.4821769998747],[-122.53543600043332,38.48222900029583],[-122.53567900010758,38.482290000255226],[-122.53580700015408,38.48233700013103],[-122.5359219997818,38.48237900021858],[-122.53601999969112,38.48240800021455],[-122.53607999996555,38.48244100000169],[-122.53614199988985,38.482501999781675],[-122.53616399963114,38.48253700012777],[-122.53619700014143,38.482554999917454],[-122.53632400036302,38.48262499983802],[-122.5363920001351,38.482705999811955],[-122.53641700024944,38.4827819999652],[-122.53641700024944,38.48286800018999],[-122.53641800007436,38.48298699984932],[-122.53642599957197,38.48315899970708],[-122.53643800016584,38.483248999943285],[-122.53644499983855,38.48332999991915],[-122.53648199964844,38.483430000015545],[-122.53650099991503,38.48351099978799],[-122.5365260000294,38.48361600000866],[-122.53656899968712,38.48374000020614],[-122.53660100037249,38.483848999817944],[-122.53663700035749,38.48392500017227],[-122.53668599986297,38.48397799996484],[-122.53673500026679,38.48403500013608],[-122.53683300017606,38.484109999663566],[-122.53689400027542,38.48416300002326],[-122.5369429997809,38.48425299970893],[-122.53696200004748,38.48435299993106],[-122.53702899999462,38.48443400007257],[-122.53710299961448,38.48447600034445],[-122.53715799986608,38.484524000122974],[-122.53716999956166,38.48457099994836],[-122.53717700013266,38.48469000031184],[-122.537202000247,38.48478999992763],[-122.53720700026987,38.484837000282745],[-122.5372509997525,38.48485700003552],[-122.53733000029351,38.48487599986592],[-122.53739700024067,38.48490899992945],[-122.53750000017284,38.48496099978587],[-122.53752500028719,38.48499900008987],[-122.53757399979268,38.48512200010394],[-122.5376240000214,38.48521800017488],[-122.5376659998542,38.48526500025088],[-122.53774600022012,38.48531200029621],[-122.53776999961126,38.4853360002627],[-122.53783099971062,38.485383000261685],[-122.53794100021379,38.48541600009311],[-122.53800200031317,38.48545899970156],[-122.53800899998585,38.48547299983022],[-122.53800899998585,38.485677999795094],[-122.53798499969643,38.48570200034282],[-122.5379500004346,38.48571800023473],[-122.5379289996199,38.48575199981755],[-122.53792199994724,38.48579800034429],[-122.53793700001582,38.4858380000142],[-122.53794700006158,38.48585000026244],[-122.5379500004346,38.48589300031513],[-122.53792199994724,38.48594699996883],[-122.5379200002974,38.486144000094356],[-122.53795399973427,38.486249999892706],[-122.53795499955919,38.48633000011486],[-122.5379560002824,38.486420999802554],[-122.5379200002974,38.48651299997269],[-122.53790299968065,38.486602000346544],[-122.53792500032027,38.48663700010791],[-122.5379620001302,38.48668399996165],[-122.53798700024456,38.486731999675925],[-122.53803599975004,38.48680299964871],[-122.53809100000164,38.48686999999472],[-122.53820700035257,38.4869450000877],[-122.538328999653,38.487015999850684],[-122.53839599960014,38.487034999815016],[-122.53852299982175,38.487076999977425],[-122.5386940004243,38.48715299974031],[-122.53891899965689,38.48730899996474],[-122.53905400027443,38.48742299991519],[-122.53927400038245,38.48765500019492],[-122.53959700042263,38.487968999990116],[-122.53969500033192,38.48806800010538],[-122.53980499993678,38.4881679999559],[-122.53991500043993,38.488248000158265],[-122.54005500018202,38.48833400018891],[-122.54017099963467,38.4883899998593],[-122.54026299969617,38.48848499992889],[-122.5403489999099,38.48863699992042],[-122.54036700035155,38.488666000210806],[-122.5403919995676,38.48881799982055],[-122.54043000010077,38.48895200021899],[-122.5404190002301,38.489065999679646],[-122.5404190002301,38.489082000230994],[-122.5404140002072,38.48911300005859],[-122.54041599985705,38.489147000149046],[-122.54036099960547,38.48925299974901],[-122.54032299997063,38.489460999771175],[-122.54029899968117,38.48963800030763],[-122.54034499971195,38.48971500003192],[-122.54037599967408,38.48979599977177],[-122.54041199965909,38.48985699965462],[-122.54045000019224,38.48998099966075],[-122.54047500030659,38.490128999933106],[-122.54053100038308,38.49035699987178],[-122.54057499986573,38.49056699989872],[-122.5405890001094,38.490691000089285],[-122.5405959997821,38.49081999994197],[-122.54064600001081,38.491029000194175],[-122.54066399955417,38.491109999863134],[-122.54067699997297,38.49117699972016],[-122.54070200008731,38.49125300008076],[-122.5407210003539,38.491314999964004],[-122.54072700020168,38.49135299972998],[-122.54075800016382,38.491386000343105],[-122.54078800030105,38.49142899990494],[-122.5408490004004,38.4915000001717],[-122.54088600021032,38.49154299966545],[-122.54086799976866,38.49158599983666],[-122.5408750003397,38.49167200010214],[-122.54088200001237,38.49176700006347],[-122.54093700026397,38.49184299980175],[-122.54096800022609,38.491913999660554],[-122.54099900018822,38.49201399979858],[-122.54104199984594,38.49209499976647],[-122.54111600036408,38.49220000013615],[-122.5412929999161,38.492418000321344],[-122.541446000077,38.49258399990388],[-122.54156200042793,38.492683999815114],[-122.54161099993343,38.49272200026531],[-122.54162299962898,38.492749999807074],[-122.54163000020002,38.492788000222404],[-122.54164199989556,38.49281700024838],[-122.54166000033725,38.492854999925314],[-122.54170999966762,38.49295500016353],[-122.54173399995707,38.493006999838826],[-122.54174700037586,38.49309299981432],[-122.541778000338,38.493188000011365],[-122.5419120002323,38.493297000097876],[-122.54199800044604,38.49337300033156],[-122.54207100024097,38.49343499979677],[-122.54211399989867,38.49347699974435],[-122.54226100021177,38.4936289997518],[-122.54237599983948,38.49369500028424],[-122.54254099969594,38.49380400030683],[-122.54264500035131,38.493893999904465],[-122.54268800000904,38.49394199973765],[-122.54275499995617,38.49399400010673],[-122.54279799961388,38.49404599973524],[-122.54285200004054,38.49407499995796],[-122.542912000315,38.49409800002927],[-122.54295599979763,38.49414100008183],[-122.54298699975976,38.49418799996274],[-122.5430660003008,38.49424000015428],[-122.54318799960123,38.49436400035144],[-122.54323100015726,38.49440599975747],[-122.54330399995219,38.494477999686644],[-122.54334099976208,38.4945250000508],[-122.543377999572,38.49459200024765],[-122.54340900043248,38.494644000147645],[-122.54343799984649,38.494669000302494],[-122.54345799993796,38.494686999874276],[-122.54350599961852,38.49471500005857],[-122.54356099987012,38.49472400019084],[-122.5436160001217,38.494734000102085],[-122.54364000041116,38.494753000140584],[-122.54369499976443,38.494781000299234],[-122.54376199971156,38.49482399994416],[-122.54384700010039,38.494875999676644],[-122.54390200035196,38.494918000190324],[-122.54397500014692,38.49496999985501],[-122.54405499961453,38.4950179996744],[-122.54417599998835,38.49506499968628],[-122.54423700008773,38.49509299972362],[-122.5442980001871,38.49512099975012],[-122.54435900028648,38.495154000043584],[-122.54438500022572,38.49517200019727],[-122.5444889999828,38.49529300017632],[-122.54473300038026,38.495675000095524],[-122.54490099971143,38.496285000261295],[-122.54484999965783,38.49638199998226],[-122.5448539998558,38.4964149996981],[-122.54487899997014,38.49649600034265],[-122.54488499981794,38.49656800029226],[-122.54488599964286,38.4966009999229],[-122.5448820003432,38.496623000136985],[-122.54488300016808,38.49666300012546],[-122.54488300016808,38.49674399978814],[-122.5448759995971,38.496777999792954],[-122.54481100019808,38.49685300011912],[-122.54474599990077,38.4969040000432],[-122.54471400011369,38.49692399996223],[-122.54471199956555,38.49693599977036],[-122.54468800017445,38.496968999935504],[-122.54463399974776,38.49701699982909],[-122.54458600006717,38.49708899996111],[-122.54455599992995,38.49716999984781],[-122.54453300036374,38.4972510003465],[-122.5445090000743,38.497299000052195],[-122.5444730000893,38.49735199985125],[-122.54441899966261,38.49744199993796],[-122.54436500013423,38.49751400034821],[-122.54432300030145,38.49756199987873],[-122.54432999997412,38.497656999807184],[-122.54430599968471,38.49776199980441],[-122.54423999956246,38.497862999998844],[-122.54418600003412,38.49791999973276],[-122.5440959996224,38.497996999745816],[-122.54406600038351,38.4980449996575],[-122.54404200009405,38.4981070000234],[-122.5440239996524,38.49815499986179],[-122.54398799966737,38.49819300023842],[-122.54397000012402,38.498225999827724],[-122.54395199968236,38.49826499989805],[-122.54392800029123,38.49827900035081],[-122.54383700005465,38.49834599986855],[-122.54379500022182,38.49838499987395],[-122.54376500008462,38.49845100026759],[-122.54371700040406,38.49853299975632],[-122.54366299997737,38.49858500032685],[-122.54356099987012,38.498634000275786],[-122.54344000039461,38.49869100010275],[-122.54332499986856,38.498729999921316],[-122.54318500012647,38.49877800004762],[-122.54307200014858,38.498814999669115],[-122.54303600016358,38.498846000230415],[-122.54297800043724,38.49888599968759],[-122.542840000345,38.498973000099994],[-122.54280400035996,38.49900699975588],[-122.54270300007764,38.49906499971072],[-122.54262299971168,38.499094000022154],[-122.54252099960445,38.499111999894424],[-122.5423540000982,38.49914100018693],[-122.54217199962497,38.49916999976472],[-122.54201199979143,38.499183000323214],[-122.5418960003388,38.499199999752044],[-122.54180099990424,38.499201000173244],[-122.54167700005567,38.499189999757675],[-122.54150899982616,38.4991510001881],[-122.54130499961167,38.49912300032191],[-122.54121099990034,38.49909100016015],[-122.54115300017403,38.49908199987045],[-122.54096099965507,38.499010000324375],[-122.54092100037043,38.498996999734665],[-122.54085299970006,38.49896500022004],[-122.54077999990511,38.49892500010363],[-122.54072999967639,38.49890400031489],[-122.54064699983573,38.49890500003715],[-122.54052100033735,38.49886200001594],[-122.54044299962122,38.498813000222086],[-122.54040099978842,38.498762999967674],[-122.54035200028294,38.498714999831364],[-122.54024799962754,38.49861600028407],[-122.5401930002743,38.498596999858286],[-122.54012700015205,38.49858800020992],[-122.5400540003571,38.498573999817204],[-122.53991999956449,38.49853600034456],[-122.53981699963232,38.498513000284],[-122.53976200027905,38.498503999922086],[-122.53969799980666,38.498513000284],[-122.53939099965997,38.49855099976878],[-122.53931200001726,38.49853299975632],[-122.53919300019157,38.49850300019426],[-122.53905900029727,38.49843499968768],[-122.53896300003781,38.498366999820014],[-122.53884500003704,38.49830000032181],[-122.53872600021135,38.49828200024664],[-122.53845800042275,38.49829500026228],[-122.53837999970662,38.49830100005241],[-122.5383219999803,38.49827900035081],[-122.53822700044408,38.49825600020821],[-122.53813200000951,38.49824000028803],[-122.53802300022956,38.4982289997257],[-122.53796999962779,38.498220999763106],[-122.53792100012232,38.498183000104255],[-122.53786699969564,38.49815499986179],[-122.53781800019016,38.49816499999984],[-122.53778999970275,38.498181999668915],[-122.5377579999157,38.49820299966819],[-122.53769199979347,38.49828899976865],[-122.53765599980844,38.49835099992449],[-122.53763300024222,38.498397000141765],[-122.53761999982343,38.49842300012925],[-122.53758399983843,38.498480000123166],[-122.53756000044729,38.49857599997392],[-122.53757399979268,38.49875700021603],[-122.5375679999449,38.49881899996905],[-122.53755100022647,38.498880999668785],[-122.537490999952,38.498976999688175],[-122.53744900011921,38.49903399994672],[-122.53734600018704,38.499154000047604],[-122.5372440000798,38.499273000231405],[-122.537202000247,38.49930699974568],[-122.53720899991971,38.49938799995053],[-122.53721499976747,38.49943099965775],[-122.5372459997296,38.49948800026007],[-122.53726400017129,38.499535000167775],[-122.53724699955453,38.49958799972775],[-122.53721700031561,38.499635999985365],[-122.53715000036847,38.49969299972243],[-122.53710199978957,38.499731999701545],[-122.53707800039844,38.49978400010956],[-122.53706099978167,38.49985600028808],[-122.53701899994891,38.49995100000332],[-122.53699499965946,38.49997000007196],[-122.53697700011612,38.50003700012594],[-122.53697799994102,38.50015200003141],[-122.53695399965156,38.50022300013807],[-122.53694199995601,38.50028099981683],[-122.53692500023756,38.50034699987935],[-122.53688300040477,38.50038999971707],[-122.53682800015319,38.50042900002184],[-122.53677999957429,38.50046199999282],[-122.53673199989373,38.50049599964892],[-122.536653000251,38.50052500008721],[-122.53660499967212,38.50056299991667],[-122.53656299983932,38.500606000328474],[-122.53651400033382,38.50065899980344],[-122.53645999990717,38.50071699983416],[-122.53639399978492,38.50078399989634],[-122.53634000025657,38.50085999996485],[-122.5362309995783,38.50094200022641],[-122.53616500035437,38.500984999708926],[-122.53612500017142,38.5009939997609],[-122.53610500007993,38.50101500034639],[-122.53591599993403,38.501077000265],[-122.53579999958309,38.50112500023334],[-122.53568099975739,38.50114899985403],[-122.53556600012968,38.50118799974784],[-122.53548800031186,38.50124499966281],[-122.53539100022748,38.50137499999084],[-122.53538000035682,38.50142099968297],[-122.53536199991515,38.501494000020465],[-122.53536199991515,38.50154599985947],[-122.53533299960284,38.501612999853535],[-122.53530900021174,38.50169000013699],[-122.53532699975507,38.50171299988615],[-122.53536399956498,38.50176599995256],[-122.5354129999688,38.501818000298215],[-122.53546800022038,38.50191300023787],[-122.53553000014465,38.50198899981813],[-122.5356389999246,38.50206500002123],[-122.53571300044277,38.5021219999452],[-122.53579799993324,38.50221199969624],[-122.53593199982754,38.50228299988138],[-122.53609599985909,38.50230099965977],[-122.53614699991272,38.50231000025027],[-122.53620499963904,38.50231999981148],[-122.53628800037802,38.50234100001036],[-122.5363360000586,38.50232700034716],[-122.53638600028731,38.50229199977117],[-122.53638600028731,38.50221199969624],[-122.53640700020371,38.50209199976882],[-122.53655899964136,38.50204000032401],[-122.53676600022892,38.50205199998291],[-122.53708699972097,38.50210099968247],[-122.53757299996776,38.50221799986313],[-122.53763900009001,38.502224000029514],[-122.53774799986996,38.502176000090536],[-122.53783300025876,38.502134999970835],[-122.53798600041964,38.50217199997697],[-122.53824099978945,38.502269000206894],[-122.53848099998896,38.502384999737686],[-122.53847199976812,38.50244800025915],[-122.53846400027054,38.502508999975035],[-122.53844599982885,38.50258600000357],[-122.53844699965377,38.50270500014145],[-122.53847199976812,38.50278600004012],[-122.53852100017194,38.50286699984771],[-122.53854799993613,38.50289399999767],[-122.53858200027129,38.50292799991174],[-122.53861900008121,38.50297100031767],[-122.53870399957172,38.503022999793295],[-122.53883199961825,38.50304599981979],[-122.5389050003115,38.50305500031719],[-122.53897100043373,38.50306000004625],[-122.539025999787,38.503068999838945],[-122.53908699988635,38.50307800033347],[-122.53916600042741,38.503064000110506],[-122.5392080002602,38.503053999949515],[-122.53928699990291,38.50304900022004],[-122.53937200029173,38.503034000326494],[-122.53942099979722,38.50303099992562],[-122.53946400035325,38.503043999787195],[-122.5395589998895,38.503112000160684],[-122.53962699966152,38.50311400019134],[-122.53968199991313,38.503133000128635],[-122.53981499998251,38.50312799970163],[-122.53992999961025,38.50311299982449],[-122.54007000025064,38.50309799994427],[-122.54017900003059,38.50308300006094],[-122.54033600038942,38.5030580000141],[-122.54048799982708,38.50304300012238],[-122.54059699960702,38.50303299995852],[-122.54061099985073,38.50303499999143],[-122.54067600014804,38.50304199975459],[-122.54074899994298,38.50307999966211],[-122.54081599989011,38.503147000338195],[-122.54086500029393,38.503208000165074],[-122.5408779998144,38.50323700021443],[-122.54090799995161,38.50327999973286],[-122.54095099960934,38.50330299967729],[-122.54098800031757,38.50333700010124],[-122.54102400030257,38.50337000014592],[-122.54102599995241,38.50338000026298],[-122.54104699986881,38.503403000175474],[-122.54107600018112,38.503459999743505],[-122.54110600031836,38.50349499975194],[-122.54111299999106,38.50353500014242],[-122.54110600031836,38.50360300005228],[-122.54109200007466,38.503648999727496],[-122.54105600008965,38.50370100011962],[-122.54105699991455,38.503831999886536],[-122.54105799973946,38.50391800029621],[-122.54108600022687,38.50396700013223],[-122.54117499991531,38.504003000248744],[-122.54133300009907,38.50404499965894],[-122.54152100042006,38.50405899969126],[-122.54156499990266,38.504076000078264],[-122.54157599977333,38.504122000154325],[-122.54156200042793,38.50420200021666],[-122.54154200033645,38.504356000086396],[-122.54149899978042,38.504499999666734],[-122.54149399975758,38.504739999733346],[-122.54146600016847,38.50495700029435],[-122.54145199992479,38.505072000077085],[-122.54146699999336,38.505139999941726],[-122.5414970001306,38.50518600004118],[-122.54156300025285,38.50524300030704],[-122.54163600004777,38.505305999734425],[-122.54169499959902,38.505357000000394],[-122.54176099972126,38.50540800023029],[-122.5418629998285,38.50544199966054],[-122.54195800026307,38.505469999882216],[-122.54209700018023,38.50553800007404],[-122.54212700031744,38.505543000333724],[-122.54216300030247,38.505572000145854],[-122.54220599996019,38.50561400004702],[-122.54226100021177,38.505642999830556],[-122.54233999985448,38.50567600022453],[-122.54239500010607,38.505712000189746],[-122.54296199964543,38.506256999827386],[-122.54279699978899,38.50674299989362],[-122.5427709998497,38.506817000073056],[-122.54273400003977,38.50692999977286],[-122.54269600040496,38.50704100007672],[-122.54267100029058,38.50711600026119],[-122.54266299989466,38.50713899968348],[-122.54265700004687,38.50715699965412],[-122.54270200025272,38.50718699982956],[-122.54272300016912,38.507200999954],[-122.54274099971246,38.50721199984904],[-122.54279799961388,38.50724200000156],[-122.54298400028503,38.50737500026938],[-122.54316000001212,38.50749299992083],[-122.5438899997581,38.50727799988686],[-122.54552699970034,38.50679799970176],[-122.54635000023104,38.50783099992538],[-122.54635600007883,38.50795899971675],[-122.54635100005594,38.508012000107456],[-122.54631400024604,38.50806400016107],[-122.5462480001238,38.50812199985214],[-122.54618100017663,38.50816499996867],[-122.54617000030598,38.508171999936195],[-122.54609099976497,38.508223000281355],[-122.54599399968059,38.50829499975612],[-122.54595799969556,38.50831899979936],[-122.54595799969556,38.50838099975689],[-122.5459590004188,38.50842300012862],[-122.5459590004188,38.50845700024425],[-122.54597199993927,38.50852400013565],[-122.54597199993927,38.50859999976913],[-122.54597299976417,38.50864800034721],[-122.54599799987851,38.508742999712936],[-122.54603399986354,38.50878600016159],[-122.54608300026733,38.508852000162705],[-122.54607900006938,38.508913000077975],[-122.54611800042747,38.50898700013629],[-122.54625999981934,38.509186999970446],[-122.54633699981225,38.50928399989027],[-122.5464170001782,38.50940199992817],[-122.54653600000387,38.50957799969699],[-122.54655600009536,38.50959399991022],[-122.54677100018051,38.50980099997632],[-122.54689199965603,38.5099209997116],[-122.54704599964182,38.510078999679],[-122.54721999971908,38.510338000276946],[-122.5475439995842,38.510492999942215],[-122.5475519999801,38.51050899995213],[-122.54767500000376,38.510631999997685],[-122.54772299968435,38.510675000021216],[-122.54777200008814,38.510721999657854],[-122.54779499965436,38.510746000298056],[-122.54785800030186,38.510813000168376],[-122.54790699980737,38.51084099970754],[-122.54796799990673,38.51087399982827],[-122.54801200028766,38.51087999997636],[-122.54803999987674,38.51088300005027],[-122.54810099997611,38.510892999826964],[-122.548326000107,38.51094900023804],[-122.5484600000013,38.51099099981484],[-122.54856399975839,38.51107599985408],[-122.54858300002496,38.51113099986736],[-122.54861700036012,38.511162000048024],[-122.54868500013221,38.51119300021535],[-122.54875799992713,38.51121599974132],[-122.54886000003438,38.511267000039254],[-122.54896700016452,38.5113129997395],[-122.54898999973074,38.51130799988047],[-122.54908699981513,38.511287999737945],[-122.54918399989948,38.51127800001611],[-122.54931799979379,38.511262999727755],[-122.54936600037269,38.511262999727755],[-122.54947500015261,38.5112530000024],[-122.54954799994756,38.51121899980117],[-122.54963199961314,38.51117100023398],[-122.54970500030639,38.511146999735494],[-122.54977200025355,38.51116099979296],[-122.54985699974404,38.511174999847704],[-122.54995999967619,38.51116000024082],[-122.55001300027796,38.51115200030864],[-122.55002199960046,38.511176999654445],[-122.55002499997354,38.511193999766974],[-122.55000900008001,38.51121200012986],[-122.54987000016283,38.51127499995866],[-122.54979700036789,38.51131399999246],[-122.54973100024566,38.51135199975266],[-122.54964000000906,38.511399999902075],[-122.54957399988683,38.511471999714765],[-122.54942900012189,38.51157299966262],[-122.54921099966367,38.51166900033771],[-122.54899300010378,38.511717999820206],[-122.54882999989717,38.51173799984324],[-122.54874500040665,38.51175700031691],[-122.5485930000707,38.51178200015558],[-122.5484240000163,38.51183000001833],[-122.54829099994691,38.511859000110306],[-122.54823499987042,38.511851000255795],[-122.54793399957153,38.511969000304425],[-122.5478609997766,38.51200399969193],[-122.54775199999663,38.51206700023358],[-122.54768000002663,38.51213400028047],[-122.54760700023171,38.512157999747075],[-122.5475229996678,38.512192000207804],[-122.54744999987285,38.51226899972406],[-122.54740200019229,38.5123360002859],[-122.54731199978059,38.51240799986551],[-122.54725800025224,38.512451000234186],[-122.54716700001562,38.51250799966981],[-122.54712500018283,38.512541999965265],[-122.54707099975617,38.51257600024465],[-122.54688300033352,38.51261899981012],[-122.54665800020261,38.51263500005053],[-122.54646999988165,38.512654999818835],[-122.54637399962218,38.51268400028144],[-122.54630099982724,38.51271700026033],[-122.5462840001088,38.51272699978236],[-122.54625899999442,38.51274100023547],[-122.54621600033674,38.51274599999499],[-122.5461500002145,38.51273299977604],[-122.54612500010013,38.51272800001566],[-122.54606999984854,38.51270400003614],[-122.54598500035806,38.51268100028257],[-122.54583899986987,38.512653000053156],[-122.54566999981546,38.51264800028717],[-122.54554799961674,38.51264500028686],[-122.54546899997403,38.51263600028511],[-122.54537199988965,38.51262199981153],[-122.54519000031478,38.51261299980689],[-122.54497699987944,38.51260399980114],[-122.54493500004665,38.51260500003616],[-122.5448620002517,38.51260000026684],[-122.54472900018231,38.51259100025947],[-122.54463700012082,38.51257699977713],[-122.5445650001508,38.512578000012525],[-122.54438900042369,38.5126170000434],[-122.5439829996445,38.51268100028257],[-122.54383200003177,38.51272399978533],[-122.54378199980306,38.512753000220094],[-122.54336400022663,38.51282200009261],[-122.54313200042301,38.51288600014956],[-122.54273900006264,38.512984999763155],[-122.54256499998537,38.51302000006259],[-122.54239699975588,38.51300899964901],[-122.54223699992232,38.5129759998039],[-122.54208399976145,38.513021999818136],[-122.54187399969916,38.51312599968077],[-122.54172399991131,38.51328000014763],[-122.54171800006354,38.51330599968275],[-122.54168299990346,38.513411000061815],[-122.5416720000328,38.51355000010722],[-122.5416729998577,38.51364999973113],[-122.54167899970548,38.51370700032624],[-122.54168000042873,38.513787999799455],[-122.54169799997207,38.51381600029036],[-122.54173499978197,38.51386400020291],[-122.54175999989634,38.513930999983344],[-122.54177199959192,38.51399700018873],[-122.54180299955405,38.51407299966865],[-122.54181000012505,38.51413500029478],[-122.54184000026227,38.51418299999463],[-122.5418710002244,38.51423000015297],[-122.54191399988211,38.51430199994717],[-122.54194499984428,38.51434900002781],[-122.54197499998148,38.514381999946444],[-122.54200599994364,38.514406000069464],[-122.54206100019523,38.51444899994773],[-122.54212800014237,38.51446799970591],[-122.54222500022674,38.51450499970165],[-122.54232200031115,38.51453800025162],[-122.54245000035765,38.514585000178194],[-122.54252900000037,38.51461799998865],[-122.54261500021408,38.51471800023787],[-122.54281100003267,38.51492199972501],[-122.54290899994197,38.51505499986495],[-122.54297000004132,38.515126000039885],[-122.54303699998849,38.51519300005161],[-122.54310499976054,38.51525400021794],[-122.54311700035443,38.51530199987458],[-122.54312900004999,38.515344999920565],[-122.54312400002712,38.515430999935454],[-122.54310599958546,38.515483000254214],[-122.54314300029367,38.51555400000704],[-122.5431740002558,38.515673999994384],[-122.5431929996241,38.51574000000759],[-122.54327299999005,38.515821000004976],[-122.54334599978498,38.51586300025412],[-122.54344899971714,38.51590099972208],[-122.54357699976366,38.51593400033502],[-122.54361399957358,38.51594599978744],[-122.54362799981726,38.51594999983875],[-122.54421500034641,38.51603100030274],[-122.54430599968471,38.5160500003463],[-122.54449999985346,38.51605300020473],[-122.5446580000372,38.51608600004516],[-122.54480399962706,38.516143000117296],[-122.54488999984078,38.51620899970053],[-122.5449819999023,38.51633199984862],[-122.54510400010105,38.516499000027586],[-122.54516600002532,38.51659899977252],[-122.5452699997824,38.51669299971539],[-122.54528900004898,38.51671200028711],[-122.54528200037628,38.51689100028509],[-122.54508999985734,38.5170160003182],[-122.544996000146,38.51717199983573],[-122.5449390002446,38.51733800000542],[-122.54490999993227,38.51746400013266],[-122.54487399994727,38.51750399979225],[-122.54482299989364,38.517510000090674],[-122.54469999986999,38.51749899966028],[-122.54463999959555,38.51747399969823],[-122.54461899967914,38.517485000132446],[-122.54450300022651,38.51744899972744],[-122.54439299972334,38.517431999686124],[-122.54424700013347,38.51741000020556],[-122.54405799998759,38.517388000015345],[-122.54389800015399,38.51739999992822],[-122.54376699973446,38.517435000189835],[-122.5436370000381,38.5175499997247],[-122.5435650000681,38.51763599991691],[-122.54353400010594,38.51764899995334],[-122.54342699997582,38.51774500025801],[-122.54342100012803,38.51776500001251],[-122.54337900029525,38.51782300032341],[-122.54333099971635,38.51790900018948],[-122.54327100034021,38.51797999965818],[-122.5432289996091,38.518028000308625],[-122.54322299976134,38.51809499972811],[-122.54325399972348,38.518170999801804],[-122.54328499968561,38.518265999956846],[-122.54331099962486,38.518432999866256],[-122.5433540001809,38.5185379997961],[-122.54336400022663,38.51856300009155],[-122.54349599957278,38.518661000181865],[-122.54367399984802,38.51876900022724],[-122.54433599982193,38.519172000248204],[-122.54389300013115,38.51996599966089],[-122.54451900012,38.52042399995072],[-122.5445650001508,38.520549000174256],[-122.54462000040239,38.52062499976548],[-122.54467300010582,38.52069800031451],[-122.54474500007585,38.52073899970465],[-122.54492199962786,38.52080999989618],[-122.5449679996586,38.52084200024663],[-122.54503999962863,38.52086099972319],[-122.54508300018466,38.52086600032441],[-122.54513099986521,38.52084200024663],[-122.54516100000245,38.52079899997004],[-122.5451910001397,38.520760000154674],[-122.5453190001862,38.520736000041495],[-122.54546399995115,38.52073999982664],[-122.54553500009627,38.52073999982664],[-122.54565200027211,38.52072000019588],[-122.54585899996137,38.52072799976771],[-122.54599200003075,38.52074200007057],[-122.54610800038171,38.520789000163575],[-122.54622999968214,38.520841000126055],[-122.5463329996143,38.52089300005098],[-122.5464120001553,38.52093099967501],[-122.54649199962294,38.5209780003475],[-122.54657100016398,38.52103000017343],[-122.54801399993748,38.51982800018998],[-122.54829500014486,38.51953199979074],[-122.5487479998814,38.51905699979037],[-122.5488459997907,38.51900200020929],[-122.5489229997836,38.51893599967255],[-122.54901400002018,38.51888099999902],[-122.54928699983165,38.51879300029343],[-122.54934999958084,38.5187600002882],[-122.54937800006823,38.51875500024354],[-122.54939200031194,38.51873299976153],[-122.54954600029774,38.518656000130264],[-122.54959499980322,38.51862300006229],[-122.54962900013841,38.5185680001496],[-122.54967799964392,38.51854100025372],[-122.54970600013131,38.51848000006131],[-122.54981800028429,38.518391999865486],[-122.55004199969197,38.51822800033157],[-122.55058099964222,38.517892999715464],[-122.5507689999632,38.51787099967287],[-122.5510579996682,38.51785600005533],[-122.55109799985118,38.51785399973125],[-122.55135700031725,38.51781000031842],[-122.55152499964844,38.517793999822395],[-122.55228000040708,38.51774500025801],[-122.55269899980843,38.51774500025801],[-122.55273399996851,38.51775599994795],[-122.55279000004504,38.517801999719424],[-122.55282799967985,38.51783699978557],[-122.5528529997942,38.51785399973125],[-122.55290200019802,38.517875999778994],[-122.5529649999472,38.51788200004641],[-122.55301699982573,38.5178790002642],[-122.55306299985651,38.517875999778994],[-122.55309399981863,38.51786500010739],[-122.55312800015379,38.51785200010993],[-122.55317199963643,38.51782799973001],[-122.55323100008596,38.517793999822395],[-122.55335699958437,38.51776100006206],[-122.55341299966085,38.51775599994795],[-122.55353900005757,38.51767899997447],[-122.55374099972391,38.5176179997544],[-122.5543430003217,38.51746400013266],[-122.55457400030035,38.51745399986289],[-122.55470599964652,38.51747499986553],[-122.5549369996252,38.517436999822735],[-122.55503500043281,38.51741000020556],[-122.55516199975611,38.51731400015699],[-122.55519600009129,38.51728900013063],[-122.55525899984048,38.517173000007276],[-122.55546200023007,38.516947999719825],[-122.55553199965195,38.516887999758694],[-122.55567800014013,38.516804999905766],[-122.5557760000494,38.51671200028711],[-122.55585300004233,38.516624000038505],[-122.55590900011882,38.516535999682326],[-122.55596500019531,38.51641500024691],[-122.55606300010459,38.516343999937526],[-122.55614699977018,38.51632200012441],[-122.5562730001669,38.516266999859404],[-122.55644800006907,38.516217999958506],[-122.55652500006197,38.51616799983876],[-122.55663600039006,38.51603599983378],[-122.5570139997835,38.515838999913946],[-122.55708800030166,38.515783999982766],[-122.55724499976218,38.51566800024576],[-122.55753199981739,38.515504000129006],[-122.55760100031267,38.51542699985531],[-122.55761499965801,38.51536100025804],[-122.55778299988754,38.51493200034653],[-122.55790199971322,38.51480000018388],[-122.5579999996225,38.51465799982386],[-122.55802800010991,38.51455299985766],[-122.5580769996154,38.51443799975243],[-122.55816100017933,38.51431700030523],[-122.55830799959406,38.514151999708886],[-122.55846900015086,38.51400400029215],[-122.55872699989374,38.51386100025326],[-122.55903099966736,38.51366400000481],[-122.5590840002691,38.51363000023922],[-122.5592170003385,38.51357500002622],[-122.5593500004079,38.51350399972749],[-122.55960800015077,38.51339399976983],[-122.55972000030376,38.51336100010124],[-122.55979700029663,38.51334999973976],[-122.55986699971852,38.51334999973976],[-122.5601329998573,38.51331700005095],[-122.5602240000939,38.51332799971461],[-122.56032200000321,38.51332799971461],[-122.5603570001633,38.51331700005095],[-122.56044000000396,38.51323499982159],[-122.56057300007336,38.5130260000319],[-122.56060099966247,38.51300399990775],[-122.56064300039355,38.51298700022258],[-122.56088100004494,38.512938000197884],[-122.56101400011431,38.51296600031652],[-122.56113299994001,38.512971000060354],[-122.5612519997657,38.512960000342204],[-122.56141900017029,38.51288799990882],[-122.56143300041398,38.512883000159164],[-122.56165000014897,38.51272399978533],[-122.56202800044073,38.51250400013017],[-122.56219599977193,38.51244899975992],[-122.56234899993278,38.51241599965814],[-122.56272700022456,38.512389000266545],[-122.56286699996666,38.51236699994775],[-122.56297900011964,38.512300999653995],[-122.5632229996188,38.51207000025798],[-122.56334900001549,38.51198800001422],[-122.56337199958173,38.511986999770635],[-122.5634400002521,38.51196000021817],[-122.56397199963135,38.511871999784155],[-122.56410399987581,38.511828000229734],[-122.56414099968573,38.51180399995021],[-122.5643209996108,38.51169100016686],[-122.56448899984028,38.51160900019433],[-122.56459400032058,38.5115980002681],[-122.56499199980553,38.511587000340135],[-122.56529999977711,38.51155899968526],[-122.5654050002574,38.51152599987849],[-122.56553099975578,38.51146600031888],[-122.56574699966585,38.51127300015465],[-122.56585200014615,38.5112079998153],[-122.56616699979043,38.511124999740126],[-122.5662649996997,38.51107599985408],[-122.56627200027073,38.51105800016012],[-122.56632099977621,38.511014999662386],[-122.5663419996926,38.51098200030927],[-122.56633500001989,38.51086700012341],[-122.5662789999434,38.510784999915394],[-122.56613900020132,38.51069700015408],[-122.56599899956092,38.51064199980929],[-122.56592199956805,38.51059800020616],[-122.56585899981883,38.51055399987315],[-122.56575400023688,38.51044900024798],[-122.56569899998526,38.51035600015089],[-122.56567800006887,38.51029000012244],[-122.56564299990879,38.51003200032553],[-122.56562199999236,38.5099930003003],[-122.56535599985358,38.509756999859285],[-122.56525799994431,38.509697000231455],[-122.56516000003502,38.50965300005082],[-122.56506899979843,38.50962500004968],[-122.56499199980553,38.50960899984334],[-122.56471999981896,38.509587000080934],[-122.56455199958947,38.509554000073365],[-122.56443299976378,38.50950499982111],[-122.56439099993099,38.50947699976243],[-122.56405500037033,38.509395000080275],[-122.56390899988213,38.509328999873915],[-122.56383199988923,38.50928500017135],[-122.56370100036798,38.50912899973127],[-122.56365699998706,38.50907600016271],[-122.56342600000839,38.50882899988161],[-122.5633420003428,38.50877900025381],[-122.56308399970163,38.50858700020745],[-122.56303500019612,38.50856000008301],[-122.56288100021035,38.50854899969092],[-122.56250299991858,38.50847699976722],[-122.56230000042731,38.50842199983551],[-122.56217499985551,38.508366999861856],[-122.56207699994621,38.50830199971101],[-122.56197200036424,38.50820299998489],[-122.56190200004404,38.508126000338144],[-122.56179699956374,38.50797700018538],[-122.56160800031618,38.50762599972513],[-122.56137800016239,38.507284999940595],[-122.5613430000023,38.507208000015225],[-122.56132899975857,38.50713699976459],[-122.56137800016239,38.506604000063476],[-122.56146199982798,38.50607099993229],[-122.5614059997515,38.505604000240105],[-122.5614199999952,38.505203000162204],[-122.5614059997515,38.5051320000437],[-122.5612800002531,38.50475299998949],[-122.5612519997657,38.504631999732034],[-122.5612519997657,38.50452200028021],[-122.5612590003367,38.504390000013295],[-122.56130799984221,38.50415400018992],[-122.561357000246,38.50399399986982],[-122.56143400023888,38.50388499979968],[-122.56151799990448,38.503670000241826],[-122.56174800005827,38.50323100013244],[-122.56186000021125,38.50290699988402],[-122.56196899999118,38.50267199979213],[-122.56201400019702,38.50257700015057],[-122.5621470002664,38.50224700031116],[-122.56226600009212,38.501867999838055],[-122.56244699984208,38.50158300016817],[-122.56247500032947,38.501356999981034],[-122.56253800007869,38.50109899981507],[-122.56262199974425,38.50094500001127],[-122.56268500039178,38.50079700016352],[-122.56271299998086,38.50069799996257],[-122.56286699996666,38.500336000341775],[-122.56286000029395,38.50017599997624],[-122.56279699964645,38.50009400024877],[-122.56278300030105,38.499907000195186],[-122.56286600014174,38.49974899970386],[-122.56292200021825,38.49961100014811],[-122.56299199964012,38.49947900001993],[-122.56303400037123,38.49942499996175],[-122.56304100004391,38.499397000201995],[-122.56303400037123,38.49921600016198],[-122.5630059998838,38.49917199990489],[-122.56294999980733,38.49901800019939],[-122.56298499996741,38.49890799990685],[-122.56302000012752,38.498836999910054],[-122.56328500044138,38.49850199976337],[-122.56331999970317,38.498441000169194],[-122.56334099961957,38.498381000252905],[-122.56333399994688,38.49828200024664],[-122.5633060003578,38.49823200032665],[-122.56323600003759,38.4981770003043],[-122.5631590000447,38.49813300011556],[-122.56305500028762,38.49810100021707],[-122.56303400037123,38.498083999825816],[-122.56297800029472,38.49807299994272],[-122.56294300013462,38.49805100017151],[-122.56260699967565,38.497924999818274],[-122.56255099959914,38.49780900013523],[-122.56252300001006,38.49743600007629],[-122.56252999968274,38.49734800017284],[-122.56258599975925,38.49716699990568],[-122.56264900040675,38.497050999705124],[-122.56276099966145,38.49695199998016],[-122.56303400037123,38.4967930002863],[-122.5630479997166,38.49677100012411],[-122.56309700012042,38.49675499987416],[-122.563180999786,38.49665599974243],[-122.5632500002813,38.4965510002423],[-122.56327100019769,38.496491000157945],[-122.56336200043428,38.49635899993699],[-122.56343199985615,38.49628800024009],[-122.56348200008489,38.496248999802525],[-122.56362799967475,38.49613900020313],[-122.56396999998151,38.49594199998307],[-122.56404699997441,38.495881000330364],[-122.56413099964,38.49574899969478],[-122.56418000004379,38.495645000046345],[-122.5641940002875,38.49553500022778],[-122.56418000004379,38.495182999820294],[-122.5642009999602,38.49504100014776],[-122.56425700003669,38.494826000204945],[-122.56431300011319,38.49468900013891],[-122.56437599986238,38.49461800020231],[-122.56452300017547,38.49434299993615],[-122.56474599975822,38.494068000026495],[-122.56480199983473,38.49394199973765],[-122.56487200015493,38.49349699991167],[-122.56489200024642,38.49342099980879],[-122.56499799965331,38.49303000025108],[-122.5650329998134,38.49277700023377],[-122.56502600014072,38.492337999826844],[-122.5650470000571,38.49220000013615],[-122.5651099998063,38.4920299996953],[-122.56520100004289,38.49186000025953],[-122.56531300019587,38.49173299980301],[-122.56532700043961,38.49170000005195],[-122.56604700013982,38.49137599996717],[-122.56634099986768,38.49122000010985],[-122.56641000036298,38.4911839999325],[-122.56685800007664,38.49098099982652],[-122.56693400024461,38.490937000164564],[-122.5671159998195,38.49080500031435],[-122.56726300013258,38.49066800033656],[-122.56758399962465,38.490409999855956],[-122.56809499998579,38.49009100022475],[-122.56835299972867,38.489854999958965],[-122.56838799988876,38.489794000074426],[-122.56840399978228,38.48973899993829],[-122.56846499988166,38.48954699976039],[-122.56855600011826,38.48935999975091],[-122.56866800027124,38.48920100017698],[-122.56878000042423,38.489118000052244],[-122.5692690001458,38.48892100032214],[-122.56937399972777,38.48885500033852],[-122.56940100039027,38.48883100013771],[-122.56946499996435,38.48877799969529],[-122.56954799980504,38.488672999963995],[-122.56958999963784,38.48860199972411],[-122.56970799963861,38.488469999815216],[-122.57018499966459,38.48778800006693],[-122.57023800026633,38.48773100005139],[-122.570277999551,38.487625000322005],[-122.57039499972687,38.48748899980405],[-122.57044400013066,38.48745500033762],[-122.57068599998,38.48723099989474],[-122.57076600034596,38.487109999736276],[-122.57078100041456,38.4870520000009],[-122.57079200028521,38.48695499967231],[-122.57077600039169,38.48687500014397],[-122.57074700007936,38.48681000028598],[-122.57073299983568,38.48675200030915],[-122.57068299960694,38.48666599979688],[-122.57065199964481,38.4865760003119],[-122.57062400005573,38.486344000074276],[-122.57063199955334,38.48620500025609],[-122.57071799976706,38.4857410001611],[-122.57072299978992,38.485632999801325],[-122.57077700021661,38.485315999939615],[-122.57082900009515,38.48513299985487],[-122.57083199956988,38.48505500024241],[-122.57078600043742,38.48478000004261],[-122.57077700021661,38.48466199974764],[-122.57079399993506,38.48423199986264],[-122.57080999982855,38.48413100024861],[-122.57084099979072,38.484046999981345],[-122.57091100011091,38.48392199967871],[-122.57096800001231,38.4838579999011],[-122.5710659999216,38.483726999673756],[-122.57108099999023,38.48368099993462],[-122.57108799966292,38.48359899971539],[-122.57108199981514,38.48351700010607],[-122.57098899992873,38.48324300030605],[-122.57097100038536,38.48313599965992],[-122.570982000256,38.483102000249396],[-122.57103999998233,38.482996999983115],[-122.57107000011958,38.48296499969078],[-122.57120099964082,38.48288000022956],[-122.57139499980957,38.482889999674995],[-122.57168900043575,38.48288100017411],[-122.57179499984265,38.48285700009337],[-122.5719739999428,38.48279100018158],[-122.57231700007448,38.48264099970989],[-122.57244400029607,38.482575000303534],[-122.5724889996036,38.48254499972234],[-122.57259800028187,38.4824910003324],[-122.5726769999246,38.482473999773774],[-122.57277599965879,38.48246199966667],[-122.5729389998654,38.482489999679174],[-122.57329000039297,38.482621999993505],[-122.57338900012722,38.48267300014609],[-122.57369299990083,38.482805000125325],[-122.57378499996233,38.482827000332755],[-122.57387500037402,38.482831000114004],[-122.57396400006247,38.48282000001174],[-122.5743249997375,38.48272400026265],[-122.57453800017284,38.48265900017677],[-122.57478500004504,38.48256100031513],[-122.57487299990856,38.4825390000265],[-122.57531899997241,38.48248699982902],[-122.5754589997145,38.48246199966667],[-122.57551399996609,38.48244599975506],[-122.5755640001948,38.48242300018359],[-122.57568499967032,38.482342999843695],[-122.57567399979965,38.48225799964894],[-122.57558400028627,38.482139000192376],[-122.57547399978311,38.482063000064336],[-122.5753900001175,38.482016999966405],[-122.57530399990378,38.481950000031134],[-122.57525200002527,38.481901999944796],[-122.57517800040543,38.481799999918806],[-122.57517900023035,38.481703000256594],[-122.57522500026107,38.481618000010315],[-122.57527399976657,38.48157600018249],[-122.57539599996531,38.481510999764545],[-122.57548300000396,38.481478000254775],[-122.57559000013407,38.48145099981358],[-122.5759030001285,38.48141099981848],[-122.57631999988001,38.48141800027635],[-122.57651099967573,38.481380000193816],[-122.57668499975301,38.481314000336],[-122.57673099978378,38.48128799980003],[-122.57680699995173,38.481229000334146],[-122.57688499976956,38.48114900007545],[-122.57693699964811,38.48102199972844],[-122.57693400017335,38.48092499972241],[-122.57687999974667,38.48061400010617],[-122.57688700031768,38.48052800000488],[-122.57690599968595,38.480466999960754],[-122.57693900019625,38.48040799982286],[-122.57699899957238,38.480336999878936],[-122.57706200021988,38.48028700016369],[-122.57723799994697,38.48017600012342],[-122.57731999996274,38.48014699993266],[-122.57746499972768,38.48006399992849],[-122.57762000043671,38.47999600030292],[-122.57781500043039,38.47995400023322],[-122.5779509999745,38.47993199985209],[-122.57806999980019,38.479940999721116],[-122.57823399983171,38.4799759999044],[-122.57832900026627,38.48004700020389],[-122.57844300006909,38.4801640003369],[-122.57848200042714,38.48023899967308],[-122.57850400016846,38.480330000019364],[-122.5784930002978,38.480487000222986],[-122.57843700022133,38.48061800001028],[-122.57837600012195,38.480741999739884],[-122.5782609995959,38.48089599983304],[-122.57822899980886,38.48096999984292],[-122.5782260003341,38.48098899999479],[-122.57824200022765,38.48107700018858],[-122.57827400001469,38.48111499972762],[-122.57831900022053,38.481148000106806],[-122.5783379995888,38.48115100001263],[-122.57834500015981,38.48116199966644],[-122.57842100032778,38.48118500034347],[-122.57856400044291,38.48119500002411],[-122.5792249996936,38.48106799975815],[-122.57927200044757,38.48106399987901],[-122.57934900044047,38.4810800000974],[-122.57941300001455,38.48110500003589],[-122.57944800017466,38.48117999979946],[-122.57949699968015,38.48138799991674],[-122.57954299971091,38.48148500000292],[-122.57958000041911,38.48153400033026],[-122.5796409996202,38.48158499984631],[-122.57966099971168,38.481594000212176],[-122.57976600019198,38.481612000237305],[-122.58020100038514,38.481661999736666],[-122.58031099999002,38.48167899978354],[-122.58037899976208,38.481695999826464],[-122.58053000027314,38.48169799974847],[-122.58063800022818,38.48167499993831],[-122.58076200007673,38.481636000029454],[-122.58083499987166,38.481602999873694],[-122.58095000039769,38.481563999925825],[-122.58126500004195,38.48141600034651],[-122.58139300008848,38.4813689998701],[-122.58150000021863,38.48134100012529],[-122.58174700009083,38.48129199966673],[-122.58226000010181,38.48121000024559],[-122.58230100010968,38.48119500002411],[-122.5824640003163,38.48115899976103],[-122.58266299960961,38.48110600000512],[-122.58281699959541,38.48107500024928],[-122.58313999963559,38.480974999698326],[-122.58323300042034,38.48095199965746],[-122.58325500016166,38.480936000113886],[-122.58352700014822,38.480846999775146],[-122.58373399983745,38.48082299972029],[-122.58409200003771,38.48080500020136],[-122.584334999712,38.480774000316],[-122.58445100006293,38.48074600034012],[-122.58481000008813,38.480676000001104],[-122.58496900009678,38.48065499981583],[-122.58505299976237,38.48063800023062],[-122.58525100012909,38.48057700027958],[-122.58534300019059,38.48053999973081],[-122.58543600007702,38.48051800023171],[-122.585540999659,38.48047499978501],[-122.58563600009356,38.48041599965366],[-122.58575200044451,38.48032800005935],[-122.58600400033959,38.48011399979842],[-122.58620000015819,38.479971999964725],[-122.58637400023544,38.47989800033668],[-122.58642500028907,38.479882999842125],[-122.58647700016759,38.479878999897224],[-122.58670599959814,38.47990900018166],[-122.58675800037499,38.47990900018166],[-122.58681000025354,38.47990100029458],[-122.58698099995776,38.4798419996934],[-122.58704399970695,38.4798150000458],[-122.58712999992068,38.47976699994411],[-122.58734199963278,38.479631000068416],[-122.58735900024953,38.47960299964846],[-122.58759400042618,38.47940999989896],[-122.59748899987461,38.477349000138936],[-122.5976279997918,38.4773140000866],[-122.59830599965922,38.47723599974819],[-122.59857199979801,38.477213999944],[-122.59926399990913,38.47708799972152],[-122.59964100037598,38.47703799986246],[-122.59985100043828,38.477027000282604],[-122.60022800000684,38.476982999836785],[-122.60057100013849,38.476900999733296],[-122.60090599987426,38.47676300001761],[-122.60098299986716,38.476703000334005],[-122.6012759997701,38.47651600005037],[-122.6014010003419,38.47644399975541],[-122.60154199990887,38.4763619997421],[-122.60173000022984,38.47631800029689],[-122.60185599972824,38.476312000082736],[-122.60199600036864,38.476322999771696],[-122.60217100027084,38.47635100005915],[-122.60267400023606,38.47638399980631],[-122.60294600022264,38.47637800030092],[-122.60310000020841,38.4763619997421],[-122.60335899977619,38.47630599986814],[-122.60350600008928,38.47625700020643],[-122.60391100014523,38.47607599970341],[-122.6040919998952,38.47600399967229],[-122.6043930001941,38.47582800015297],[-122.60477700033364,38.475734999662066],[-122.60491700007573,38.47571300010314],[-122.60510600022161,38.47570200032111],[-122.60540800034539,38.475706999838636],[-122.60564400034697,38.4757120000591],[-122.6058319997696,38.47572900010272],[-122.60595800016632,38.47572299983955],[-122.60647500037527,38.47566800021711],[-122.60659400020096,38.47564599993447],[-122.60670600035394,38.47560800032546],[-122.60697800034052,38.47549199987759],[-122.60734200038858,38.47542100001454],[-122.60755099972764,38.47541000018801],[-122.60785200002653,38.47544200031811],[-122.6080830000052,38.4754309997915],[-122.60835499999178,38.4753759999463],[-122.60842500031195,38.4753269996525],[-122.60847399981743,38.47521699976152],[-122.60849499973384,38.475106999702696],[-122.60848700023622,38.4748820002104],[-122.60829899991523,38.47457999967564],[-122.60827100032618,38.47450800026028],[-122.60823600016607,38.47439799982293],[-122.60822199992236,38.474255999982034],[-122.60822899959507,38.47415100019222],[-122.60840299967232,38.47376100023692],[-122.60852900006903,38.47356299994992],[-122.60862600015342,38.47347000005368],[-122.60868899990258,38.47343699967598],[-122.6087590002228,38.47341500011908],[-122.60887100037581,38.47339800023312],[-122.60896900028507,38.47339800023312],[-122.60907399986706,38.47341500011908],[-122.60936000009734,38.47343699967598],[-122.6098570002148,38.47353499998625],[-122.61029700043083,38.47360099993351],[-122.61037400042376,38.47360099993351],[-122.61050599976993,38.47357899972335],[-122.6105900003338,38.47355199983991],[-122.61088400006169,38.47340299991041],[-122.61109300029905,38.473320999954716],[-122.61126800020125,38.473271000296215],[-122.61148499993621,38.4732269996678],[-122.61156100010422,38.47322199997835],[-122.61173600000639,38.47325399967299],[-122.61186900007576,38.47329800028488],[-122.61200200014514,38.47335900006585],[-122.61210000005447,38.47341400004316],[-122.61242100044483,38.47362799979865],[-122.6127639996782,38.47386900010034],[-122.61293199990766,38.47395699984339],[-122.61309199974124,38.47402799974165],[-122.61323200038163,38.47406099984884],[-122.61337200012372,38.47407199988118],[-122.6135889998587,38.47406099984884],[-122.61364400011028,38.47403899977904],[-122.61376999960866,38.47395699984339],[-122.61394500040915,38.47378599990063],[-122.61401499983106,38.47373699993276],[-122.61414700007553,38.47367100010994],[-122.61427299957391,38.47362200006391],[-122.61435700013782,38.47356099980217],[-122.61462900012438,38.47332999994586],[-122.61472000036098,38.47327499990447],[-122.61485300043034,38.473219999821126],[-122.61498599960144,38.47318200034003],[-122.61525799958798,38.4731379996573],[-122.61539499985537,38.473129000345494],[-122.61553799997048,38.47312099970602],[-122.61564199972754,38.4730990000527],[-122.61570500037504,38.473066000208505],[-122.61580300028436,38.472995000066255],[-122.61594999969914,38.47283500017282],[-122.61618700042392,38.47254900020842],[-122.61634800008238,38.47232900022125],[-122.61651499958866,38.47194999990939],[-122.61660599982524,38.47183999978922],[-122.61666199990177,38.471807000072054],[-122.61676700038207,38.47177400033984],[-122.61716499986699,38.47168100024592],[-122.61718599978339,38.47166399995111],[-122.6173189998528,38.47161499994769],[-122.61736099968559,38.47158699993078],[-122.61741599993717,38.47157099971531],[-122.61752800009015,38.47149400029899],[-122.6178279996658,38.47105400024846],[-122.6178910003133,38.47093399976867],[-122.61796099973519,38.470768999662035],[-122.6179819996516,38.47066399971731],[-122.61799599989531,38.470642000017584],[-122.61805799981958,38.47031800021054],[-122.61809200015477,38.47022199998808],[-122.61812499976672,38.47015099985858],[-122.6181649999497,38.47009899986798],[-122.61826500040712,38.46986700004813],[-122.61833700037715,38.469791999767864],[-122.61884299981712,38.4693519998814],[-122.61898799958207,38.469122000039114],[-122.6191089999559,38.46895800014391],[-122.61943500036915,38.468626000071936],[-122.61993099976338,38.468234000179955],[-122.62011800025944,38.46813900014552],[-122.62018199983355,38.4680809999149],[-122.62053500001097,38.467846000176536],[-122.62110400009844,38.46754099994277],[-122.62139000032872,38.46745000033348],[-122.62199700005102,38.46718700033013],[-122.62215400040985,38.46709100015946],[-122.62228900012907,38.466975000075834],[-122.62235899955095,38.466845999745544],[-122.62237500034281,38.466785000081465],[-122.62175900039965,38.46644899986555],[-122.62173799958494,38.46611899985042],[-122.62169599975213,38.46590500031658],[-122.62179299983654,38.46566900033764],[-122.62184200024033,38.465619000296606],[-122.62195400039332,38.46555899977956],[-122.62212900029552,38.465486999796646],[-122.62239399971105,38.465404999982475],[-122.62249199962035,38.46535499975841],[-122.62268099976623,38.465239999885206],[-122.62289000000362,38.46506899966741],[-122.62304399998939,38.46489300018391],[-122.62312000015737,38.46476700023393],[-122.62321100039398,38.464646000348246],[-122.62325300022678,38.464519999966726],[-122.62329500005957,38.464326999932446],[-122.62330199973225,38.46423400008138],[-122.62327300031825,38.46389300030492],[-122.62327300031825,38.463755999816996],[-122.62332900039476,38.46339300008966],[-122.62338499957295,38.463163000233465],[-122.62344700039553,38.462976000002506],[-122.62345700044126,38.462955999806155],[-122.6235379997338,38.46278400028023],[-122.6237610002149,38.462465000069606],[-122.62413100011074,38.461987000039066],[-122.62439600042462,38.46159099967771],[-122.62451699990014,38.46139399997949],[-122.62510799972891,38.46043699988517],[-122.62529900042293,38.46009599974267],[-122.62545699970836,38.459816000080934],[-122.62554100027229,38.459684000215155],[-122.62570799977854,38.459458999727275],[-122.62584099984791,38.45931599974026],[-122.62591799984081,38.45925500003829],[-122.62608299969725,38.459178000133285],[-122.62614700016967,38.45914500024935],[-122.62670000036364,38.45903299974194],[-122.6268810001136,38.45899699966754],[-122.62733499967504,38.458831999682786],[-122.62808299986268,38.45832200022151],[-122.62862199981294,38.45784999981089],[-122.62906899970167,38.45746000032794],[-122.6297819997292,38.45713100028615],[-122.63008800005096,38.457070999742584],[-122.63025700010537,38.45703800030166]]]},"properties":{"GEOID":"06097151601"}},{"type":"Feature","geometry":{"type":"Polygon","coordinates":[[[-122.65145000038939,38.454079999970496],[-122.65129600040359,38.453711999750965],[-122.65133200038862,38.45364599989161],[-122.65136599982546,38.45358500031967],[-122.6513180001449,38.45338199985043],[-122.65122699990832,38.45283299983733],[-122.65111999977817,38.452524999742316],[-122.65110300005976,38.45242499969366],[-122.65107399974744,38.452392999902045],[-122.65107399974744,38.45201999976772],[-122.65099000008185,38.45165099991967],[-122.65080400030902,38.451562999690566],[-122.65068600030823,38.451525999730116],[-122.65042199981926,38.45140300008632],[-122.65031300003933,38.45117900018502],[-122.65031399986425,38.45113199969663],[-122.65028399972701,38.451077999995775],[-122.65020099988635,38.45083799989845],[-122.65009600030434,38.450579999677394],[-122.65007100019,38.45050199996885],[-122.65003299965683,38.450383000160876],[-122.64990799998338,38.449992000013175],[-122.64986199995262,38.44952999983026],[-122.64976900006621,38.448585000060646],[-122.64974800014981,38.448487000319616],[-122.6497129999897,38.44843200032762],[-122.64962500012615,38.44822100025104],[-122.6495029999274,38.4479290000043],[-122.64928100016957,38.447398999867694],[-122.64915800014593,38.447159000198056],[-122.64902300042671,38.4468969998233],[-122.64877099963333,38.446408000032875],[-122.64863900028716,38.44615099990531],[-122.64862300039363,38.446111000027614],[-122.64851600026351,38.44583799995383],[-122.648536000355,38.44580900002448],[-122.64892200014438,38.445779000327924],[-122.64890799990067,38.44553300023502],[-122.64880800034156,38.44553399999399],[-122.64850899969248,38.445539000195765],[-122.64840999995829,38.44554200017595],[-122.64838099964598,38.445337999831565],[-122.64843900027061,38.44518000002387],[-122.64847199988259,38.44509099987751],[-122.64876499978553,38.44483300021637],[-122.6488240002351,38.444810999673514],[-122.64896099960413,38.44476099994994],[-122.64938599975156,38.444706999703065],[-122.64975800019555,38.444660999695344],[-122.64991800002912,38.44464100004997],[-122.65019699968838,38.44453099979041],[-122.65030999966628,38.444430999920726],[-122.65042799966704,38.44432799988191],[-122.65063000023173,38.44406800004544],[-122.65088499960156,38.443737999661906],[-122.6512670000913,38.443246000202926],[-122.65132300016778,38.4429820001059],[-122.65130999974899,38.442944000172346],[-122.65127700013703,38.44284500001082],[-122.6512040003421,38.442625000181934],[-122.6510019997774,38.44243800018714],[-122.65092499978454,38.442367000148764],[-122.65062500020888,38.442239999747414],[-122.65055800026171,38.44222199974444],[-122.6502129995819,38.44213000005016],[-122.64973800010408,38.442031000179355],[-122.64961300043059,38.442031000179355],[-122.64958400011828,38.442031000179355],[-122.64954899995817,38.44200399974323],[-122.64935399996452,38.44194899973578],[-122.64912499963566,38.44183600016456],[-122.64907399958203,38.44181099998019],[-122.64870700005922,38.4415639999171],[-122.648640999937,38.44152000034985],[-122.64861099979976,38.44148200035018],[-122.64859699955605,38.441464999973554],[-122.64855499972326,38.441414000226814],[-122.64854200020275,38.44139799965044],[-122.64849000032424,38.44133400012383],[-122.64841800035421,38.44124500016014],[-122.64838700039208,38.44117699981349],[-122.64836399992753,38.44112699968333],[-122.64832999959236,38.441054000120566],[-122.64829199995752,38.44097100015211],[-122.64825599997252,38.44074599970681],[-122.64824400027695,38.44066799992343],[-122.64826400036841,38.440248999689935],[-122.64826500019333,38.440222999827064],[-122.64821599978954,38.43993200012727],[-122.64820999994176,38.43989499983231],[-122.64819300022333,38.43979599971059],[-122.64813999962156,38.439481999797884],[-122.64812299990314,38.439394000209276],[-122.64810199998672,38.439282000001974],[-122.64806699982661,38.438981000122986],[-122.64803199966653,38.43883500010132],[-122.64797700031326,38.43874400016497],[-122.64795399984871,38.43864499987195],[-122.6477820003196,38.43823400014608],[-122.6477069999765,38.43805299991333],[-122.64761800028805,38.437888999745894],[-122.64739300015717,38.437476000196675],[-122.64734799995132,38.43716999974624],[-122.64730500029361,38.43687600006471],[-122.64723999999626,38.43643199969791],[-122.64712500036855,38.43623299978358],[-122.64693299984961,38.435900999681586],[-122.64689100001682,38.43582799975956],[-122.64687799959803,38.43565600029734],[-122.64685599985674,38.43548399972173],[-122.64685500003182,38.435467999941906],[-122.6468609998796,38.4354349997691],[-122.64685699968163,38.43537699998325],[-122.64673100018325,38.435113999860114],[-122.6467129997416,38.43509099996971],[-122.64627800044671,38.43450900024234],[-122.64591500022357,38.434207000249486],[-122.64518100027963,38.43405299967357],[-122.64479700014006,38.433903999777],[-122.64441300000051,38.43385999976288],[-122.64387200040044,38.43368500006514],[-122.6437850003618,38.43365700010226],[-122.64324700023647,38.4331619996949],[-122.64287700034063,38.43263999969607],[-122.64231900012378,38.43208499984899],[-122.64188599958042,38.43152400024027],[-122.64172599974687,38.43115099991444],[-122.64132800026191,38.43050800001729],[-122.64118900034474,38.4299579998422],[-122.64063100012791,38.42930999995947],[-122.64063100012791,38.42925500013285],[-122.64031700030854,38.42895299998006],[-122.63975800026682,38.42852900004368],[-122.63923400038517,38.42823799965421],[-122.6389690000713,38.4279630002423],[-122.63878099975032,38.42752399999871],[-122.63897699956892,38.426590000184994],[-122.63887299981184,38.42609499989072],[-122.63867699999325,38.42584800024654],[-122.6380400001337,38.42539099983712],[-122.63791000043737,38.425297999767736],[-122.63728100007543,38.42506199997737],[-122.63705799959433,38.42503400018961],[-122.63653399971273,38.4250500001702],[-122.63604499999116,38.42514399989652],[-122.6349970002279,38.425182000050626],[-122.63411900034392,38.42419500015684],[-122.6333369998211,38.42327499975649],[-122.63097599998066,38.42065700008755],[-122.63060899955956,38.42021199982121],[-122.62996099982935,38.41942600015511],[-122.62914300021981,38.41850699967454],[-122.62742500008672,38.41659800019957],[-122.62660900012702,38.41556400013407],[-122.62609500029114,38.414911999884545],[-122.62548500019578,38.4142799997009],[-122.6254450000128,38.4142219998169],[-122.62525800041506,38.41407100014334],[-122.62467799955861,38.413412999979705],[-122.62413500030871,38.41317000003017],[-122.6226060003215,38.41242200029882],[-122.62028700031385,38.411464999806505],[-122.61868399980847,38.410844999796964],[-122.61607400044602,38.40962500020847],[-122.61101799995599,38.40728900029665],[-122.61051599981566,38.40707500017902],[-122.61057799973993,38.406993000163446],[-122.60606500029643,38.40495500013677],[-122.60329299965396,38.40368900031068],[-122.60325400019421,38.40378599998027],[-122.60061499962113,38.402612999919256],[-122.6006630002,38.40248699965013],[-122.59881799984528,38.40179699991347],[-122.59198700021908,38.39859099980412],[-122.59142900000225,38.398352000241196],[-122.59142200032953,38.397705000278734],[-122.5914189999565,38.39737200006608],[-122.59102999979406,38.39718900006357],[-122.59089699972466,38.397145000213165],[-122.5906180000654,38.39707399999813],[-122.58985700035731,38.396815999859186],[-122.58978000036441,38.39676599999315],[-122.58936799973746,38.39631600034707],[-122.58924899991177,38.39619999985906],[-122.58912400023831,38.39609600028299],[-122.5890050004126,38.39601899989114],[-122.58857199986925,38.39581600019326],[-122.58853699970916,38.3957890000795],[-122.5881879997297,38.39566200013933],[-122.58777600000106,38.39556899981985],[-122.58679199981185,38.39524500020278],[-122.58656800040421,38.39519599970617],[-122.58655300033557,38.39518199965878],[-122.58649899990891,38.395163000143285],[-122.58623399959505,38.39510499970165],[-122.58609399985296,38.3950750000619],[-122.58591200027809,38.39501400028666],[-122.58568200012432,38.39490999970865],[-122.58547899973473,38.39476699998967],[-122.58515800024266,38.3944269998767],[-122.58501099992957,38.39433900030765],[-122.5848090002632,38.39424499992961],[-122.58452300003293,38.39416300014414],[-122.58434099955976,38.3941249998686],[-122.58419499996988,38.39406399999589],[-122.58406899957319,38.39402599966834],[-122.58365000017186,38.393927000036584],[-122.58264500006626,38.39377900022052],[-122.5823930001712,38.39371299978629],[-122.58170199988496,38.39358700019803],[-122.58143699957112,38.393569999812094],[-122.58118600039926,38.393569999812094],[-122.58096899976596,38.39358700019803],[-122.58078499964297,38.393609000153134],[-122.58060600044112,38.393631000101564],[-122.57983200031421,38.393658000317124],[-122.57965700041204,38.39361999977613],[-122.57933600002168,38.39352100029256],[-122.5791190002867,38.39343300032493],[-122.57901499963131,38.393406000025315],[-122.57855400039718,38.393339999954634],[-122.57828200041061,38.39343300032493],[-122.5781419997702,38.393438999686076],[-122.57796799969293,38.39342199996938],[-122.57773699971425,38.39332900028906],[-122.5774160002222,38.393213999716444],[-122.57692699960235,38.39309300027566],[-122.57665499961577,38.393000000172194],[-122.57655699970648,38.392982999648254],[-122.57607600038087,38.392773999755285],[-122.57590099958038,38.39267000017969],[-122.57485399964202,38.39181299970882],[-122.57466500039442,38.391709000159224],[-122.57436499992045,38.39156599974227],[-122.5742050000869,38.391461999837446],[-122.57391200018392,38.39119799984065],[-122.57369500044895,38.39106000027479],[-122.57366699996156,38.391021999776655],[-122.57350700012796,38.39091799979359],[-122.57345799972417,38.390901000188315],[-122.57334599957119,38.39083499994344],[-122.57314399990481,38.39074700022734],[-122.57261300035049,38.39054399980975],[-122.57208299972275,38.39040099990534],[-122.57182400015498,38.39029100011138],[-122.5715449995974,38.39005000022118],[-122.57132200001462,38.38973099965437],[-122.57117499970154,38.38955500024457],[-122.5707560003002,38.3892089998521],[-122.57068900035306,38.389144999846344],[-122.57030199984044,38.38877499991302],[-122.57021899999978,38.38873099987114],[-122.56966699963074,38.38853399989942],[-122.56910199974119,38.38822000033629],[-122.569038999992,38.388198999998444],[-122.56900399983192,38.388166000058796],[-122.56885800024205,38.38809400033014],[-122.56877399967814,38.38803400014943],[-122.56856399961588,38.387835999833705],[-122.5683200001167,38.38777600014314],[-122.56776899957258,38.3875669999872],[-122.56743399983681,38.38748999966634],[-122.56720299985814,38.387412999967594],[-122.56677699988579,38.38723699984543],[-122.5665750002194,38.38714399995597],[-122.56642200005852,38.38706099999904],[-122.56568899993952,38.38696199998526],[-122.56556300044113,38.38696199998526],[-122.56552300025817,38.38697000031861],[-122.56548399990012,38.386981000247395],[-122.56545600031103,38.38696600015207],[-122.56538199979288,38.38696399971663],[-122.5653569996785,38.3869600002539],[-122.56535599985358,38.38691099977592],[-122.56535400020377,38.386813999996455],[-122.56535800040174,38.3867669998605],[-122.56536300042461,38.38671999969405],[-122.56511200035443,38.38671999969405],[-122.56482199992622,38.386721000267215],[-122.56479299961389,38.3867220001362],[-122.56465899971958,38.38673200023387],[-122.5644970002362,38.38675699976773],[-122.56440000015184,38.38678000026076],[-122.56431499976303,38.386808999953466],[-122.56407299991368,38.38693799968413],[-122.5639549999129,38.386989999739775],[-122.56380500012507,38.387043000326685],[-122.56374200037585,38.38705699983755],[-122.56364299974335,38.38706199986339],[-122.56354700038221,38.38704699978487],[-122.56328700009122,38.386967999883275],[-122.56300099986096,38.38689300006622],[-122.5628779998373,38.38685299975647],[-122.56276099966145,38.38680700021787],[-122.56269399971428,38.38678000026076],[-122.5626300001402,38.386759000208905],[-122.56232499964334,38.386685999914114],[-122.56222500008423,38.38666200022553],[-122.56204500015919,38.38660300013578],[-122.56192200013551,38.38654900005915],[-122.56178599969309,38.38643499984316],[-122.56170600022544,38.38635199977678],[-122.56160400011821,38.38621800032534],[-122.56156999978302,38.38616399996126],[-122.56152299992736,38.386059000154965],[-122.56149399961504,38.38597599965702],[-122.56143900026177,38.385902000099904],[-122.5614009997286,38.38584200021312],[-122.56137399996443,38.38581099966533],[-122.56135300004803,38.385785999804426],[-122.56129699997155,38.38573600005674],[-122.56123400022236,38.38569300016161],[-122.56100700044163,38.38555099970397],[-122.56099200037303,38.38554200003248],[-122.56094999964192,38.38551500030727],[-122.56093600029652,38.38550599992719],[-122.56091399965689,38.38549200011616],[-122.56085000008281,38.385449999962496],[-122.56082900016641,38.38543600014058],[-122.56066900033282,38.385330999981605],[-122.5603930001483,38.38511300007676],[-122.5602020003526,38.38494300005673],[-122.55978800007581,38.3845919999358],[-122.55964099976272,38.38447000025119],[-122.55934600020993,38.38426099969572],[-122.55921999981324,38.384162000074156],[-122.55898999965946,38.38402800008612],[-122.55881599958218,38.38393999983282],[-122.55864200040325,38.38386999993891],[-122.55830599994428,38.38372999994797],[-122.55804599965326,38.38364900012119],[-122.55761200018331,38.3834929996776],[-122.55755500028188,38.3834690003378],[-122.55748099976373,38.383446000200195],[-122.55689099975986,38.38326699982844],[-122.55670099978906,38.38321399999526],[-122.55618299975521,38.38302200008853],[-122.55610400011248,38.38298600013728],[-122.55605999973156,38.38296100000415],[-122.55593099986014,38.38287800017612],[-122.55581500040746,38.38278999993202],[-122.55556699981206,38.38257499989359],[-122.55540500032865,38.38241299967502],[-122.55527300008418,38.38229999991196],[-122.5551130002506,38.38217899981416],[-122.55493800034843,38.38206599968556],[-122.55476599992097,38.381972000254216],[-122.55435599984214,38.38178400032084],[-122.55378299955672,38.38152799973081],[-122.55327299991876,38.381296999655845],[-122.55266199999849,38.38101899990151],[-122.55252499973112,38.38095399974147],[-122.5524519999362,38.38090799997216],[-122.5523869996389,38.38085599976902],[-122.55236300024774,38.38082299999991],[-122.5520500002533,38.380783999805246],[-122.55203199981163,38.38082299999991],[-122.55200199967443,38.380891000126546],[-122.55199500000171,38.380946000151084],[-122.55185500025962,38.38136400009801],[-122.55182699977223,38.38158299997522],[-122.55185500025962,38.382291999766245],[-122.55189000041973,38.382753999865315],[-122.5519039997651,38.38285800032205],[-122.55193899992521,38.38298400029598],[-122.5520080004205,38.38317100000909],[-122.5521620004063,38.38352299989734],[-122.55238499998906,38.38397300029242],[-122.55248999957107,38.38419800014427],[-122.5524949995939,38.384228999975136],[-122.55251100038575,38.384242000127365],[-122.55257300031005,38.384467999746754],[-122.55259400022643,38.38461100011637],[-122.55256599973902,38.38485799989688],[-122.55249700014204,38.38504499969421],[-122.55244100006556,38.38510999969879],[-122.55234300015627,38.38519299978222],[-122.55158900012087,38.38562700009264],[-122.5512889996469,38.38582500011877],[-122.5512750003015,38.38584700032296],[-122.55124000014139,38.3858569998374],[-122.55123299957037,38.38587499980493],[-122.5511420002321,38.38595599995544],[-122.55101699966032,38.38610500016935],[-122.55087699991823,38.386297000341976],[-122.55076499976524,38.3864839999395],[-122.55070299984096,38.38663199989946],[-122.55069600016827,38.38667099975761],[-122.55075800009254,38.387121000282846],[-122.55075100041987,38.38725799975849],[-122.55077900000894,38.38735700007117],[-122.55079300025265,38.38757699996798],[-122.55081400016905,38.38765900018078],[-122.55082099984173,38.38777500028867],[-122.55084900032915,38.38785700027697],[-122.55099499991901,38.388104000238044],[-122.55116999982121,38.388313000250356],[-122.55130200006566,38.388439999720205],[-122.55162400028095,38.38867600013319],[-122.55179800035825,38.38882399983216],[-122.55216099968307,38.3892089998521],[-122.55221699975957,38.38929100032677],[-122.55233499976035,38.389522000219515],[-122.55244699991336,38.38991199987276],[-122.55245399958604,38.39002200024321],[-122.55243299966962,38.39015400004441],[-122.55235599967673,38.39039399976982],[-122.55232800008766,38.390482999732484],[-122.55219599984315,38.39113199986685],[-122.55208399969017,38.39146700026283],[-122.55205600010109,38.39150000010435],[-122.5520490004284,38.3915269997075],[-122.55201699974303,38.39158399969704],[-122.5518390003661,38.39190599993082],[-122.55182799959715,38.39191900011131],[-122.55168600020522,38.39210900004528],[-122.55156700037955,38.39230699992709],[-122.55132999965477,38.39263100003631],[-122.55122500007279,38.3928020000758],[-122.55118999991268,38.392878999669215],[-122.55114800007989,38.39297700024929],[-122.55107199991191,38.393244999907154],[-122.55101800038354,38.39343300032493],[-122.5510009997668,38.393494000025846],[-122.55097700037567,38.39360000007629],[-122.55095899993401,38.3936860002953],[-122.55096599960669,38.393850999921504],[-122.55097300017769,38.39389699990806],[-122.55098499987325,38.39397699975374],[-122.5510080003378,38.39412000033109],[-122.55112499961535,38.39444700005185],[-122.55116200032357,38.39454899966217],[-122.55120900017926,38.394664000223656],[-122.55125199983695,38.394767999747415],[-122.55136399998996,38.39499899974542],[-122.5514600002494,38.39515400025993],[-122.55150399973205,38.395223999792876],[-122.55155999980855,38.395285000095],[-122.5516639995656,38.395367000016066],[-122.55186699995521,38.39550499981069],[-122.55196400003958,38.39561399967144],[-122.55198099975803,38.39565300031803],[-122.5520550002762,38.395822999803876],[-122.55206500032193,38.39588099966954],[-122.55208299986528,38.39597899970099],[-122.55209700010899,38.396053999951434],[-122.55218800034557,38.39633399982345],[-122.55222299960737,38.396399999977305],[-122.55227799985894,38.396558999940574],[-122.55247500040075,38.39692999990314],[-122.55253700032502,38.39704800008044],[-122.55257099976188,38.39716899994288],[-122.55257999998273,38.39725500014096],[-122.55258500000559,38.39729600005202],[-122.5525430001728,38.397525000278115],[-122.55250899983761,38.397713000127546],[-122.5525020001649,38.397904999753784],[-122.5525220002564,38.3981580002683],[-122.55259300040152,38.39833000032126],[-122.5526200001657,38.398393999941774],[-122.5527110004023,38.3985780001192],[-122.55282199983206,38.398801000184854],[-122.55289200015226,38.39899900004539],[-122.55289899982496,38.399059000280104],[-122.55289200015226,38.39912000016258],[-122.55282199983206,38.39940000012843],[-122.55281500015938,38.39949900001018],[-122.55284199992354,38.39971700019633],[-122.55288499958125,38.399855999823295],[-122.55293399998507,38.39996000032658],[-122.55296199957415,38.40010300033432],[-122.55301799965063,38.400246000059234],[-122.55303799974213,38.40033600024808],[-122.55305299981073,38.40040000020474],[-122.55324100013172,38.40074700022611],[-122.5533740002011,38.400993000133084],[-122.55341600003389,38.4010420002206],[-122.55352700036198,38.40137200001682],[-122.55356099979885,38.401534999669664],[-122.55357800041561,38.401548999894764],[-122.55359699978388,38.40163000008814],[-122.55361100002757,38.4016469999868],[-122.55362000024842,38.40176700023464],[-122.55364600018767,38.40206999965709],[-122.55363199994396,38.402301000259385],[-122.55352700036198,38.402728999972865],[-122.55348499963087,38.40284400019422],[-122.5532899996372,38.40309199999377],[-122.55319900029893,38.40328899972486],[-122.55313599965143,38.40348699996416],[-122.55306600022953,38.403635999957274],[-122.55300299958202,38.40373999995],[-122.55289999964985,38.403864999810885],[-122.55278699967195,38.40400399990923],[-122.55273800016647,38.404026000214266],[-122.5526750004173,38.404079999910714],[-122.5525840001807,38.404140999780026],[-122.55208899971306,38.40425100032589],[-122.5519930003519,38.40428200000791],[-122.55160699966419,38.40440999991665],[-122.55152999967132,38.40444799971395],[-122.55143900033305,38.40452000005313],[-122.55120199960824,38.40473999982386],[-122.55116700034647,38.40480000022107],[-122.55113200018636,38.404898999746834],[-122.55113899985908,38.405058000024056],[-122.55116700034647,38.405222999742584],[-122.55122000004992,38.405287999912254],[-122.55132700018004,38.40542100031557],[-122.551543999915,38.40556900023315],[-122.5516419998243,38.405612999883836],[-122.55187199997808,38.405750999830424],[-122.55225000026984,38.40594299992995],[-122.55246500035499,38.40605299984512],[-122.55261400031792,38.406135999823924],[-122.55270300000637,38.40618499994474],[-122.5534360001254,38.406513999895644],[-122.55351200029338,38.40655899997362],[-122.55372900002834,38.40671199974755],[-122.55395199961112,38.40693699994476],[-122.55398000009852,38.40699800021856],[-122.5540079996876,38.407020000316194],[-122.55402199993131,38.40705800014909],[-122.5540849996805,38.407145999722545],[-122.5541619996734,38.40731600033886],[-122.5542179997499,38.4074759998083],[-122.55425200008509,38.40777200007509],[-122.55423100016867,38.40800300005222],[-122.5541690002444,38.40820600001984],[-122.5540920002515,38.40836600033457],[-122.55398000009852,38.408492000209904],[-122.55389600043293,38.408562999769146],[-122.55381900044003,38.40865699983176],[-122.55372200035565,38.40882199978083],[-122.55364500036275,38.409062999746176],[-122.55363699996683,38.409091000093085],[-122.55352599963877,38.4095359998767],[-122.55351899996606,38.40963499995421],[-122.55352599963877,38.409832999702296],[-122.55356099979885,38.41006899997326],[-122.55363000029415,38.410245000126956],[-122.55379099995264,38.41065100027033],[-122.55382699993764,38.4107790001616],[-122.55383299978543,38.41079900003616],[-122.55382799976253,38.410968999802094],[-122.55382199991477,38.41117099965002],[-122.55381900044003,38.41132100022406],[-122.55377199968605,38.41177500028002],[-122.55377000003624,38.41179900007953],[-122.55377199968605,38.41197800021007],[-122.55377699970892,38.41234899987078],[-122.55383299978543,38.41265700034667],[-122.55384000035643,38.412695000030986],[-122.5539509997862,38.412898000191916],[-122.55400699986271,38.41298100005185],[-122.5541469996048,38.413134000307025],[-122.55433300027593,38.41332400009014],[-122.55458000014814,38.41357400022905],[-122.5549919998768,38.414144999729146],[-122.55509300015912,38.41426100027797],[-122.55543200009284,38.414651000211485],[-122.5555500000936,38.414770999984064],[-122.555787999745,38.4150129999985],[-122.55606300010459,38.41526500028049],[-122.55609499989164,38.41529399980965],[-122.55620700004465,38.415364999724254],[-122.55629699955803,38.41544199991952],[-122.55642999962741,38.41553500000943],[-122.55657699994052,38.41562900015277],[-122.5566189997733,38.41567300001308],[-122.55677199993417,38.415732999779415],[-122.55723999973934,38.41597500009085],[-122.55755399955868,38.41606800019853],[-122.55795899961463,38.41615600006153],[-122.55796700001055,38.41616600031111],[-122.558203999837,38.41624399981733],[-122.5583150001651,38.41626599991547],[-122.55850400031098,38.41632599989319],[-122.55865099972576,38.41636300030042],[-122.55883200037405,38.416409000038335],[-122.55892299971232,38.41644199975579],[-122.55920899994258,38.416590000329364],[-122.55946199966257,38.41673399996872],[-122.55953700000566,38.41677699970275],[-122.56019200030684,38.41690700031431],[-122.56020800020039,38.41692000022181],[-122.56037499970664,38.416969000068796],[-122.56050799977605,38.41704099989853],[-122.56054299993613,38.417045999962255],[-122.56056399985252,38.4170790000926],[-122.5606400000205,38.41713400004169],[-122.56085699975549,38.417369999693435],[-122.56102499998498,38.417612000152246],[-122.5610459999014,38.41766199967483],[-122.56107299966556,38.41768900006423],[-122.56114999965845,38.41787600011206],[-122.56123400022236,38.41826600023899],[-122.56126199981144,38.41833200007384],[-122.56129000029884,38.4183630000501],[-122.56140199955351,38.41849099965224],[-122.56145699980512,38.41852999992037],[-122.56151799990448,38.418560999811675],[-122.56166699986741,38.418639999678824],[-122.56193899985396,38.41873799982164],[-122.5620619998776,38.41879099965674],[-122.56214200024355,38.41882599995145],[-122.56237200039732,38.418953000013836],[-122.56247699997932,38.41903499983023],[-122.56260300037599,38.419095999744854],[-122.56288899970795,38.41918300001852],[-122.56305000026475,38.419204999925505],[-122.56315400002181,38.41923799977341],[-122.56319599985461,38.41923799977341],[-122.56399900029382,38.41938699966688],[-122.56407799993657,38.41940699997402],[-122.564166999625,38.41943100005376],[-122.56435499994598,38.41950200012559],[-122.56439000010609,38.419798999808386],[-122.56443199993889,38.41994199997613],[-122.56450200025907,38.42011200004838],[-122.56463500032848,38.42033700004638],[-122.56468499965888,38.42045800033419],[-122.56480900040573,38.420760000115955],[-122.56482299975113,38.42083700019158],[-122.56483000032212,38.420946999956136],[-122.56480199983473,38.42120000004579],[-122.56473200041285,38.4213919999174],[-122.56463500032848,38.4215509997987],[-122.56450899993176,38.421694000017084],[-122.56444600018257,38.42173299996354],[-122.56436900018967,38.42176000023898],[-122.5642229997015,38.42183699995238],[-122.56379000005644,38.42196900007453],[-122.56357999999419,38.4220680000078],[-122.56321000009832,38.42228200006104],[-122.56296599970084,38.422441000094615],[-122.56279099979866,38.42259999977817],[-122.56269299988936,38.422727000243356],[-122.56265799972928,38.422782000115035],[-122.56264400038388,38.42283100020862],[-122.56253999972849,38.42303999976039],[-122.5624560000629,38.42314399997878],[-122.56233700023724,38.423264999787186],[-122.56224600000064,38.42332599964869],[-122.56189000034846,38.42347899981298],[-122.5615689999581,38.42352900020118],[-122.5614779997215,38.42355599980527],[-122.56143599988872,38.42357500030256],[-122.56140800029964,38.423588999776804],[-122.56137999981222,38.42361700012474],[-122.56133200013163,38.42364399969594],[-122.56117800014586,38.42382600021727],[-122.56101699958906,38.4239460002328],[-122.56089899958829,38.42400099988009],[-122.56061900010411,38.42407800001963],[-122.56022800029187,38.424133000270174],[-122.55961399999853,38.42424299994176],[-122.55955100024934,38.42426000015118],[-122.55949799964758,38.424298000066614],[-122.55944599976904,38.424335999962054],[-122.55943200042366,38.424364000020404],[-122.55942499985265,38.42451199984686],[-122.55947400025644,38.424578000308834],[-122.55974600024301,38.4248140002732],[-122.55977600038025,38.424906000217405],[-122.55978100040312,38.42491900009296],[-122.55977399983212,38.42502299971706],[-122.55974600024301,38.425168000181394],[-122.55973199999933,38.425183000091444],[-122.55958600040945,38.42522100022504],[-122.55957200016574,38.425242999700615],[-122.55957800001353,38.42528099980263],[-122.55960599960261,38.425331000350894],[-122.5596550000064,38.42537499993206],[-122.55969000016654,38.42547400012328],[-122.55967599992283,38.42565999968904],[-122.55968299959551,38.42585299970066],[-122.55967599992283,38.425957000091074],[-122.55969699983919,38.42619299977195],[-122.55983699958128,38.426385999766694],[-122.56000399998588,38.42656699969057],[-122.56008099997878,38.42670999983066],[-122.56008799965146,38.4268030001931],[-122.56006799955996,38.426963000142784],[-122.56005300038967,38.42709400003127],[-122.56003199957496,38.42714400002807],[-122.55998300006948,38.427210000196084],[-122.55985800039599,38.42733600028541],[-122.55969000016654,38.427434999899724],[-122.55963400009003,38.42745100005211],[-122.55957700018861,38.427514999922536],[-122.55983099973352,38.427666000348694],[-122.55992899964282,38.42772500000065],[-122.56002999992513,38.42777800027903],[-122.56037600042988,38.427939000182555],[-122.56063300034785,38.42804699968499],[-122.56090600015928,38.42816199972698],[-122.56107199984064,38.42823199966285],[-122.56156999978302,38.428441999767166],[-122.5617370001876,38.42851300013014],[-122.56194399987683,38.42860000032106],[-122.56211700012919,38.42867299980995],[-122.56256499984285,38.42886200025499],[-122.56277300025532,38.42895000001417],[-122.56294399995954,38.42902199986529],[-122.56322699981676,38.429140999706235],[-122.56345699997055,38.429237999691715],[-122.56362900039798,38.429310999943134],[-122.56373399997996,38.429354999914395],[-122.56405199999728,38.429487999648565],[-122.5641580003025,38.42953300019629],[-122.56435099974802,38.42961399998563],[-122.56492999988123,38.429858000191956],[-122.56512400004999,38.42994000029536],[-122.56577400032835,38.430212999977215],[-122.56743999968461,38.43091099970109],[-122.56972199988229,38.43187900027957],[-122.569988999846,38.43199100000903],[-122.57020200028133,38.43207499969213],[-122.57039499972687,38.43215899998122],[-122.57066099986565,38.43226600026659],[-122.5707010000486,38.432280000167246],[-122.57075200010226,38.432297999834496],[-122.57079399993506,38.43231099978681],[-122.570982000256,38.43239199997846],[-122.57217399995935,38.432906000188616],[-122.57308199998054,38.43329700001461],[-122.57309600022425,38.43330300028882],[-122.57432200026277,38.43381700034693],[-122.57445600015706,38.433874000058154],[-122.57473499981631,38.433991999724775],[-122.57481500018227,38.43402599977181],[-122.5749230001373,38.434071000306155],[-122.5754870002019,38.43430800012438],[-122.57567499962457,38.4343880002734],[-122.57583500035642,38.4344550000661],[-122.57627899987214,38.43464300024468],[-122.5763170004053,38.43465900020733],[-122.57647700023887,38.434730000086816],[-122.57679899955583,38.43487200033994],[-122.57681699999749,38.43488000029634],[-122.57750200043591,38.43518200028879],[-122.57784300001947,38.435325000256974],[-122.57818699997604,38.43546899984028],[-122.57847200038141,38.434972000083],[-122.57867099967471,38.43462599966481],[-122.57934699989231,38.43349499965164],[-122.5796409996202,38.433003999974886],[-122.57971599996326,38.43287699998938],[-122.57994000026925,38.43249899991854],[-122.58001600043723,38.43237400033463],[-122.580090999882,38.432248999830676],[-122.58016200002712,38.43212299986933],[-122.58037899976208,38.431745000073356],[-122.58045900012803,38.43160699981115],[-122.58052199987722,38.43148399999762],[-122.58059499967214,38.43136900032003],[-122.58063599968001,38.43130500034667],[-122.58076600027468,38.43113499987813],[-122.58091699988742,38.430947999674565],[-122.58107000004829,38.43079999966688],[-122.58115200006408,38.43072800018109],[-122.58116399975962,38.43071899980046],[-122.58131100007272,38.43060800017483],[-122.58170799973274,38.430340999691765],[-122.58189100003086,38.430212999977215],[-122.58253000043854,38.42975599974451],[-122.58254799998188,38.42974400001355],[-122.58299200039592,38.42943399993946],[-122.58310700002365,38.42935099998212],[-122.58332100028389,38.429199000279134],[-122.58345400035327,38.429114000078854],[-122.58358200039979,38.42904400029418],[-122.58366100004253,38.42900700004884],[-122.58376800017261,38.42895799992298],[-122.58390600026489,38.42890799977464],[-122.58398999993047,38.428879000080855],[-122.58412399982477,38.42884799969164],[-122.58424400037367,38.428828999877815],[-122.58449500044385,38.42881000005898],[-122.58453599955342,38.42881000005898],[-122.58461300044465,38.42881000005898],[-122.58478400014884,38.42882599990677],[-122.58479699966934,38.42882799988748],[-122.58496800027186,38.42886000027523],[-122.58517300031129,38.428916999677206],[-122.58528799993901,38.42895899991151],[-122.58543299970397,38.42902299985294],[-122.58554400003206,38.429083999777326],[-122.58564399959117,38.42915000028354],[-122.58574499987348,38.429227999844365],[-122.58583299973705,38.42930899997575],[-122.5858799995927,38.429357999863505],[-122.58596699963135,38.429465000077165],[-122.58608100033248,38.429629999655226],[-122.58614999992945,38.42973900012511],[-122.58645899972593,38.430283000036155],[-122.58652200037344,38.4303880003492],[-122.58664200002403,38.43058700018842],[-122.58672599968962,38.430707000229575],[-122.58683799984264,38.430839000325975],[-122.5869680004373,38.43097500002361],[-122.5870320000114,38.43101399988451],[-122.58714300033947,38.43095100026117],[-122.5872019998907,38.43091900009636],[-122.58745100031103,38.430798999703796],[-122.5874909995957,38.43078600018299],[-122.58761399961934,38.43075000009023],[-122.58775599990959,38.430692000059416],[-122.58785200016904,38.430640999739026],[-122.58790499987249,38.43061399996877],[-122.58800600015482,38.43054900006346],[-122.58835799960902,38.43028400000634],[-122.58848900002859,38.43017900024585],[-122.58869599971781,38.43001699973272],[-122.58878100010664,38.43007199968271],[-122.58891300035108,38.4301439998226],[-122.58894299959002,38.43015600019075],[-122.58901499956005,38.430187000018506],[-122.5897510000521,38.43043500027227],[-122.58979000041015,38.430448999824215],[-122.59001999966561,38.43052999999346],[-122.59019799994087,38.4305920000182],[-122.59070400027915,38.43076199965397],[-122.59074799976177,38.43077699980959],[-122.59087300033354,38.43082700007126],[-122.59099999965682,38.43087099982251],[-122.59111400035799,38.43091900009636],[-122.59125499992497,38.43099499993686],[-122.59127500001645,38.431006000203475],[-122.59140999973566,38.43109899995937],[-122.59153799978218,38.43120699966182],[-122.59192299974666,38.43158999992374],[-122.59196999960231,38.43162700025301],[-122.5920809999304,38.431713000260416],[-122.59219499973322,38.43179199981687],[-122.59221300017488,38.43180299996208],[-122.59235100026716,38.431885999915906],[-122.59246699971978,38.431941999796926],[-122.59258800009361,38.43198800016935],[-122.59276899984359,38.43205699996933],[-122.59280300017875,38.43206900001964],[-122.593454000282,38.432298999776776],[-122.59367199984189,38.432376000217126],[-122.59380599973619,38.43242300025362],[-122.59382199962974,38.432429999837225],[-122.5939379999807,38.432481000301394],[-122.5940660000272,38.432554000089105],[-122.59421800036316,38.43266299966361],[-122.59423099988364,38.43267500031684],[-122.5943489998844,38.43278399970869],[-122.59441900020462,38.43286600000785],[-122.59448699997668,38.43296599971456],[-122.59450399969514,38.432991000147354],[-122.59458999990885,38.43317899991591],[-122.59475899996323,38.43359900029546],[-122.59477599968167,38.43363900007015],[-122.59485500022271,38.43380800035138],[-122.5949179999719,38.43391199984066],[-122.59502299955388,38.43404500032923],[-122.59512200018641,38.43414499981036],[-122.59525500025579,38.43425600033186],[-122.59538400012723,38.43434000019463],[-122.59548700005938,38.43437900034903],[-122.5955940001895,38.434410999684125],[-122.59568399970287,38.43445400015368],[-122.5958279996429,38.434511000065704],[-122.59612999976672,38.43461300012926],[-122.59661799966334,38.43477899981424],[-122.59685000036525,38.43485000027933],[-122.59698000006158,38.43488900015825],[-122.59722600010888,38.43496200032599],[-122.59737199969877,38.43500900008652],[-122.59750300011832,38.43505100029575],[-122.5976989999369,38.43511100015018],[-122.59780199986905,38.435142999864524],[-122.59819000020659,38.43527000008624],[-122.59828899994078,38.43530699993703],[-122.59847200023887,38.43538900018539],[-122.59852400011742,38.435416000281165],[-122.59855699972937,38.4354329999714],[-122.59868099957797,38.43550600029276],[-122.59872400013396,38.435540000330505],[-122.59878400040841,38.43558900021187],[-122.59887800011977,38.43567700021685],[-122.59896299961024,38.43577100018367],[-122.59898799972459,38.435804000202836],[-122.5990379999533,38.43586900030321],[-122.59910400007557,38.43597199974696],[-122.59916000015205,38.43607800012097],[-122.59923200012207,38.436301999748814],[-122.59933900025219,38.436857000252274],[-122.5994100003973,38.43722599975086],[-122.5994510004052,38.43745099990958],[-122.59950599975846,38.43761700010567],[-122.59954000009365,38.437692999932416],[-122.59955199978923,38.43771800013565],[-122.59958399957627,38.43777700001817],[-122.59961500043674,38.43782900008927],[-122.59964300002582,38.43787199993037],[-122.59967900001082,38.437923000068665],[-122.59975900037678,38.43802299980759],[-122.59986999980654,38.438138000145216],[-122.60001700011964,38.43825500001935],[-122.60012400024975,38.438325000021734],[-122.60023800005254,38.43838800024729],[-122.60066099965186,38.43856500021825],[-122.60111799958635,38.438735999933094],[-122.60135199993807,38.43882500017579],[-122.60205699956968,38.439093000093656],[-122.60218499961621,38.439141999674376],[-122.6022890002716,38.4391900000786],[-122.6023400003252,38.43921300007045],[-122.60248099989224,38.439300999879706],[-122.60256499955783,38.43936800003841],[-122.60272000026683,38.439507000085264],[-122.60283599971945,38.439623000010556],[-122.60289599999392,38.43967599999931],[-122.60296999961375,38.43975099993016],[-122.60302099966738,38.439814000318485],[-122.60312199994974,38.43990899966092],[-122.6032190000341,38.43998300021747],[-122.60354899974698,38.44030900014967],[-122.6036130002194,38.44037299988145],[-122.60376300000722,38.44052199979576],[-122.60420700042125,38.44097599996644],[-122.60437099955445,38.44116199970773],[-122.60467100002842,38.441444000330534],[-122.60504099992427,38.44179999995269],[-122.60516700032099,38.44192199997259],[-122.60539199955356,38.44213399997816],[-122.60546100004885,38.442209000169505],[-122.6055709996537,38.4423520002903],[-122.6057020000733,38.44256399973646],[-122.60574800010403,38.44269299986804],[-122.60614499976406,38.442573000047666],[-122.6064629997814,38.442492000020934],[-122.60657999995725,38.44245500033465],[-122.60687899970797,38.44236799995164],[-122.60716099974029,38.44229600004056],[-122.60759500010856,38.442202000126784],[-122.607647999812,38.44219400027821],[-122.60770100041377,38.44218800003934],[-122.60781000019374,38.44217799987469],[-122.60786399972207,38.442173999949176],[-122.6079549999587,38.44217000002345],[-122.60813700043187,38.44216299997694],[-122.60822799977015,38.44216500029183],[-122.60831999983166,38.4421679997087],[-122.60844500040344,38.44217899968018],[-122.60850800015263,38.442184999919746],[-122.6086539997425,38.442209000169505],[-122.6088150002993,38.442245000177394],[-122.60893800032295,38.44227400013163],[-122.609082000263,38.44232400017088],[-122.60929399997511,38.442410000101084],[-122.60936299957206,38.442443999701624],[-122.60950099966433,38.44251099975742],[-122.6096339997337,38.44258899965997],[-122.60968999981023,38.442625000181934],[-122.60973599984095,38.44265899968119],[-122.60986399988748,38.442754000204474],[-122.61002500044428,38.44289499965453],[-122.6101190001556,38.44297800022495],[-122.61043600034803,38.44325000006903],[-122.61138899967675,38.44406800004544],[-122.61170699969406,38.44434099977878],[-122.61186099967985,38.444474000050526],[-122.61192199977921,38.4445269999953],[-122.61200600034311,38.44459500000018],[-122.61224999984226,38.44480799966295],[-122.61232600001027,38.44487000009081],[-122.61248500001894,38.44499900032229],[-122.6126580002713,38.445132999849584],[-122.61281300008199,38.4452309999239],[-122.61292600005989,38.44528799976951],[-122.61344200044391,38.44549099979215],[-122.61392199994465,38.445659999767074],[-122.61393399964021,38.44566400020296],[-122.61431000028213,38.445805000300204],[-122.61463999999502,38.445928000339656],[-122.6146869998507,38.445943999911805],[-122.61526299961088,38.44614299979081],[-122.61538999983249,38.446196999666874],[-122.61544000006121,38.44621899978717],[-122.61572000044367,38.446327000088715],[-122.61582000000278,38.44636099995474],[-122.61595600044522,38.446408000032875],[-122.61620499996727,38.446482000258534],[-122.61630299987657,38.44650599978303],[-122.61656399999245,38.44657300028939],[-122.61659699960443,38.446579000163666],[-122.61669700006185,38.44659899997562],[-122.616948000132,38.44664800008941],[-122.6171299997069,38.446673999748604],[-122.61731999967769,38.44670200029111],[-122.61756999992295,38.44672599974243],[-122.61833599965392,38.446771999841054],[-122.61844699998201,38.446781000331086],[-122.61888600037314,38.44682099983738],[-122.61908899986442,38.446842999767505],[-122.61915099978869,38.446850000063634],[-122.61944100021692,38.44688200020271],[-122.61963799986042,38.44690999996101],[-122.61969899995978,38.446920999913345],[-122.61990099962617,38.4469610000456],[-122.62011900008436,38.4470159997516],[-122.62030599968209,38.44707300029804],[-122.6205430004069,38.44715799975804],[-122.62075599994388,38.44724499999558],[-122.62083299993681,38.447281000305765],[-122.62106399991549,38.44739000015835],[-122.62123100032005,38.447479000283764],[-122.62171900021669,38.44775100005006],[-122.62186599963147,38.44785199997125],[-122.62200700009677,38.447975000039676],[-122.62209099976235,38.44806400014718],[-122.62216500028052,38.44815800016523],[-122.62225999981676,38.44830099975586],[-122.6223180004414,38.44841099989752],[-122.62238500038856,38.448580000069924],[-122.62242800004627,38.44875500024346],[-122.62244200028995,38.44887199979311],[-122.62246800022922,38.44937900010517],[-122.62248499994767,38.44944800016784],[-122.62252299958249,38.449605000074726],[-122.62256899961325,38.44973400028482],[-122.62261899984196,38.44984700015393],[-122.62270500005569,38.45000399989624],[-122.62282700025443,38.45018199992132],[-122.62293799968418,38.45031400028879],[-122.62297100019447,38.45034999977149],[-122.62306699955563,38.45044000015842],[-122.62311599995942,38.45048600000017],[-122.62320299999806,38.450583999840546],[-122.62328699966365,38.45069699978558],[-122.62335399961081,38.450786999739776],[-122.62340600038766,38.4508649998437],[-122.62341899990813,38.45088499987482],[-122.62349300042627,38.45102499993745],[-122.62353899955872,38.45114400009364],[-122.6235939998103,38.45132499986043],[-122.62360200020622,38.45138700031742],[-122.62359899983318,38.451412999676286],[-122.6235939998103,38.451481000227886],[-122.62356700004614,38.45156499974493],[-122.62352000019045,38.451654000349286],[-122.62347699963445,38.45170800032255],[-122.62342399993098,38.45175699978134],[-122.62336399965655,38.45179900009489],[-122.62326099972438,38.451850999913304],[-122.62311299958637,38.45189500021735],[-122.62301999969995,38.451908000158184],[-122.62332099999884,38.45238800017517],[-122.62333199986949,38.452447999688935],[-122.6233260000217,38.45248899993772],[-122.62329599988446,38.45254500001677],[-122.62325200040186,38.45258600021043],[-122.62319999962502,38.452613999865996],[-122.62314000024888,38.45262300033084],[-122.62310199971571,38.45265500002045],[-122.6230719995785,38.45267300023527],[-122.62301899987504,38.452682999649234],[-122.62295799977568,38.4527080002885],[-122.62289099982854,38.45277600032317],[-122.62276299978201,38.45297899968346],[-122.62271199972837,38.453096000122656],[-122.62269300036013,38.45316100012838],[-122.6226849999642,38.45326200021582],[-122.62268800033723,38.45336300016192],[-122.62270800042874,38.45345900031394],[-122.6227400002158,38.453517000343886],[-122.62295699995076,38.453617999933044],[-122.62361200025197,38.45392499994054],[-122.62382999981187,38.45402700000678],[-122.62425900015725,38.454228999726254],[-122.62554899976986,38.454834999712105],[-122.62561900009008,38.454868000160715],[-122.62597999976508,38.45503599965243],[-122.62637300012548,38.45521900016105],[-122.62698099967271,38.45550299996972],[-122.62755599960799,38.455763000112206],[-122.62795200034144,38.45594200031781],[-122.62820599988632,38.4560489998199],[-122.6285359995992,38.456215999764346],[-122.6288169998066,38.45630500025926],[-122.62982100008726,38.45679800033239],[-122.63028399986953,38.45702600018148],[-122.63055099983323,38.45691099969046],[-122.63079500023072,38.456883999897315],[-122.63135500009737,38.45671900000369],[-122.6314920003647,38.45670300000675],[-122.63182999957519,38.45666500026351],[-122.63238899961695,38.456720000311144],[-122.63341600036212,38.45668199987347],[-122.63460300004257,38.456699000182816],[-122.63509299958903,38.456506999931825],[-122.63521999981064,38.45646999969282],[-122.63572199995097,38.45632599979886],[-122.63645800044306,38.45632599979886],[-122.63665099988857,38.45632599979886],[-122.63696700025606,38.45619100034068],[-122.63729399959588,38.45605200006663],[-122.63765000014635,38.45655199981667],[-122.63767799973543,38.45659099992865],[-122.63804099995862,38.45690399966689],[-122.63813899986792,38.45696400034935],[-122.63849100022041,38.4571800002827],[-122.638574999886,38.45722200025321],[-122.63859599980239,38.45724500012626],[-122.63870700013048,38.45726600009564],[-122.63899599983547,38.45731100021051],[-122.63943100002867,38.45736199997846],[-122.64020900035354,38.45742499976617],[-122.64024600016344,38.457429000253306],[-122.64173099976973,38.457548999991566],[-122.64213400017586,38.45756999987251],[-122.64263999961582,38.457574999943745],[-122.64351599985,38.45753100028978],[-122.64507099977648,38.457412999710364],[-122.64530299958007,38.45739600027273],[-122.64539899983953,38.457391000189034],[-122.64559499965812,38.45738799999799],[-122.64583599968253,38.457396999867335],[-122.64622400002006,38.45742699965803],[-122.64653299981653,38.45745700013977],[-122.64669100000027,38.45747999993784],[-122.64679499975736,38.45749500016922],[-122.64714100026207,38.45756699968892],[-122.64726599993556,38.45759500022522],[-122.6473470001264,38.45761299991104],[-122.64758999980063,38.457667000348515],[-122.64767199981642,38.457685000016426],[-122.64774399978643,38.45770099979558],[-122.64796100041974,38.457748999815244],[-122.64803400021466,38.45776500028366],[-122.64808799974301,38.45777700028091],[-122.64825199977454,38.45781300026074],[-122.64830700002614,38.45782599983868],[-122.64833999963811,38.45783299977278],[-122.64844099992042,38.45785600015443],[-122.64847500025562,38.45786399967381],[-122.64849899964675,38.457774999695296],[-122.64851899973826,38.45760700025075],[-122.64855100042362,38.457514999769465],[-122.648564999769,38.4574349999284],[-122.64856899996697,38.457354999998664],[-122.64855700027141,38.45726900029176],[-122.64854300002767,38.457157999986855],[-122.64852100028638,38.45699300001651],[-122.64850600021778,38.45688799971097],[-122.64844400029348,38.4565650003253],[-122.64842199965388,38.456451999721814],[-122.6484019995624,38.45640200032587],[-122.64836300010263,38.45635700034742],[-122.64830700002614,38.45632599979886],[-122.64826299964521,38.456314999873314],[-122.64821699961443,38.45631200034094],[-122.6481709995837,38.45631800010898],[-122.64751600018081,38.45647800006932],[-122.64739599963188,38.456508000242216],[-122.64692700000182,38.456617999831465],[-122.6469100002834,38.45652699980593],[-122.64691199993324,38.45646599985598],[-122.64692799982674,38.45639799978179],[-122.64697999970527,38.45629899978672],[-122.64717999972184,38.455920000347895],[-122.64733899973048,38.45560400029598],[-122.64741900009643,38.455395000035494],[-122.64742699959405,38.455376000173615],[-122.64745099988346,38.455087999951786],[-122.64745699973125,38.45506399976419],[-122.64790000032036,38.45509700010806],[-122.64819300022333,38.4551530002733],[-122.64833799998829,38.45518100033965],[-122.64875200026506,38.4552300002537],[-122.6489449997106,38.455215999879684],[-122.64945900044482,38.45508099975133],[-122.65002699980907,38.45488100026933],[-122.65033499978065,38.45473799964906],[-122.65050499965994,38.45466099984706],[-122.65079300043837,38.45444799971996],[-122.65099199973167,38.45445699995602],[-122.65103100008973,38.4544240000229],[-122.65145000038939,38.454079999970496]]]},"properties":{"GEOID":"06097151602"}}]}
