{"type":"FeatureCollection","features":[{"type":"Feature","geometry":{"type":"Polygon","coordinates":[[[-122.60607,38.44062],[-122.60607,38.44041],[-122.60599,38.44027],[-122.6048,38.43982],[-122.6044,38.43967],[-122.60436,38.43983],[-122.60427,38.43996],[-122.6041,38.4401],[-122.60361,38.44037],[-122.60376,38.44052],[-122.60421,38.44098],[-122.60457,38.44075],[-122.60467,38.44071],[-122.60474,38.44069],[-122.60492,38.44066],[-122.60503,38.44065],[-122.60574,38.44064],[-122.60607,38.44062]]]},"properties":{"GEOID":"060971516023009","POP100":21,"HU100":28,"TRACT":"151602"}},{"type":"Feature","geometry":{"type":"Polygon","coordinates":[[[-122.58064,38.43131],[-122.58077,38.43113],[-122.5806,38.43106],[-122.58059,38.43106],[-122.58033,38.43096],[-122.5801,38.43088],[-122.57993,38.43084],[-122.5799,38.43098],[-122.57986,38.4311],[-122.57985,38.43112],[-122.57977,38.43132],[-122.5797,38.43147],[-122.57962,38.43161],[-122.5795,38.43181],[-122.57948,38.43182],[-122.57935,38.43206],[-122.57924,38.43222],[-122.57902,38.43263],[-122.57894,38.43275],[-122.57964,38.433],[-122.57972,38.43288],[-122.57994,38.4325],[-122.58002,38.43237],[-122.58009,38.43225],[-122.58016,38.43212],[-122.58038,38.43175],[-122.58046,38.43161],[-122.58052,38.43148],[-122.58059,38.43137],[-122.58064,38.43131]]]},"properties":{"GEOID":"060971516022002","POP100":24,"HU100":17,"TRACT":"151602"}},{"type":"Feature","geometry":{"type":"Polygon","coordinates":[[[-122.5887,38.43002],[-122.5885,38.42985],[-122.58834,38.42972],[-122.58791,38.42936],[-122.58772,38.4292],[-122.58758,38.42909],[-122.58736,38.4289],[-122.58718,38.42875],[-122.58714,38.42872],[-122.58705,38.42863],[-122.5867,38.42835],[-122.58657,38.42824],[-122.5864,38.4281],[-122.58612,38.42786],[-122.58594,38.42772],[-122.58577,38.42756],[-122.58553,38.42732],[-122.58538,38.42716],[-122.58524,38.42699],[-122.58517,38.42691],[-122.58488,38.4265],[-122.58473,38.42627],[-122.58469,38.42621],[-122.58457,38.42605],[-122.58445,38.42589],[-122.58435,38.42579],[-122.58424,38.42568],[-122.58399,38.42548],[-122.58396,38.42546],[-122.58369,38.42526],[-122.58348,38.4251],[-122.58338,38.42502],[-122.5833,38.42494],[-122.58319,38.42481],[-122.58312,38.42471],[-122.58305,38.42461],[-122.583,38.42449],[-122.58297,38.42444],[-122.58292,38.42429],[-122.58292,38.42425],[-122.5829,38.42413],[-122.5829,38.4241],[-122.5829,38.42395],[-122.58292,38.42376],[-122.58294,38.42364],[-122.58296,38.42358],[-122.58297,38.42349],[-122.58296,38.42339],[-122.58296,38.42336],[-122.58295,38.42332],[-122.58293,38.42324],[-122.58292,38.42322],[-122.58289,38.42315],[-122.58284,38.42307],[-122.58279,38.42301],[-122.58278,38.42299],[-122.5827,38.42291],[-122.58261,38.42284],[-122.58248,38.42276],[-122.58233,38.4227],[-122.58219,38.42266],[-122.58205,38.42263],[-122.58204,38.42263],[-122.58179,38.42263],[-122.58154,38.42264],[-122.58134,38.42263],[-122.58117,38.42261],[-122.58099,38.42256],[-122.58087,38.42252],[-122.58064,38.42243],[-122.58035,38.42232],[-122.58015,38.42226],[-122.57995,38.42221],[-122.5799,38.4222],[-122.57982,38.42218],[-122.57962,38.42216],[-122.57945,38.42215],[-122.57929,38.42215],[-122.57917,38.42216],[-122.57904,38.42217],[-122.57889,38.42219],[-122.57874,38.42223],[-122.57853,38.42228],[-122.57837,38.42235],[-122.57813,38.42246],[-122.57803,38.42252],[-122.5779,38.4226],[-122.57775,38.42272],[-122.57761,38.42287],[-122.57746,38.42306],[-122.57743,38.4231],[-122.57726,38.42334],[-122.57689,38.4239],[-122.57656,38.42438],[-122.57645,38.42455],[-122.5764,38.42462],[-122.57632,38.42475],[-122.57618,38.425],[-122.57609,38.42517],[-122.57598,38.42538],[-122.57596,38.42542],[-122.57592,38.4255],[-122.57583,38.4258],[-122.57581,38.42586],[-122.57578,38.42599],[-122.57577,38.42604],[-122.57573,38.42626],[-122.57592,38.42627],[-122.57596,38.42628],[-122.57614,38.42629],[-122.57631,38.4263],[-122.57639,38.42632],[-122.57652,38.42635],[-122.57663,38.42639],[-122.57664,38.4264],[-122.57667,38.42641],[-122.57676,38.42646],[-122.57683,38.42653],[-122.57687,38.42659],[-122.5769,38.42667],[-122.57693,38.42674],[-122.57694,38.4268],[-122.57694,38.42687],[-122.57693,38.42692],[-122.5769,38.427],[-122.57685,38.42708],[-122.57657,38.42749],[-122.5765,38.42757],[-122.57644,38.42763],[-122.57639,38.42767],[-122.57628,38.42774],[-122.57613,38.42779],[-122.57597,38.42784],[-122.57585,38.42786],[-122.57574,38.42787],[-122.57576,38.42801],[-122.57585,38.42842],[-122.57587,38.42855],[-122.57592,38.42879],[-122.57604,38.4294],[-122.57605,38.42951],[-122.57606,38.42962],[-122.57609,38.42975],[-122.57614,38.42992],[-122.57617,38.43001],[-122.57618,38.43003],[-122.57626,38.4302],[-122.57633,38.43032],[-122.57639,38.43041],[-122.57644,38.43046],[-122.57656,38.43056],[-122.5767,38.43066],[-122.57674,38.43068],[-122.5768,38.43071],[-122.57691,38.43077],[-122.57701,38.4308],[-122.57713,38.43085],[-122.57727,38.43089],[-122.57737,38.43092],[-122.57742,38.43093],[-122.57759,38.43096],[-122.57779,38.43098],[-122.57796,38.43099],[-122.57798,38.43099],[-122.57823,38.43096],[-122.57843,38.43094],[-122.57852,38.43092],[-122.57874,38.43088],[-122.5789,38.43085],[-122.57908,38.43081],[-122.57911,38.4308],[-122.57928,38.43079],[-122.57946,38.43079],[-122.57969,38.4308],[-122.57973,38.43081],[-122.57993,38.43084],[-122.5801,38.43088],[-122.58033,38.43096],[-122.58059,38.43106],[-122.5806,38.43106],[-122.58077,38.43113],[-122.58092,38.43095],[-122.58107,38.4308],[-122.58115,38.43073],[-122.58116,38.43072],[-122.58131,38.43061],[-122.58171,38.43034],[-122.58189,38.43021],[-122.58253,38.42976],[-122.58255,38.42974],[-122.58299,38.42943],[-122.58311,38.42935],[-122.58332,38.4292],[-122.58345,38.42911],[-122.58358,38.42904],[-122.58366,38.42901],[-122.58377,38.42896],[-122.58391,38.42891],[-122.58399,38.42888],[-122.58412,38.42885],[-122.58424,38.42883],[-122.5845,38.42881],[-122.58454,38.42881],[-122.58461,38.42881],[-122.58478,38.42883],[-122.5848,38.42883],[-122.58497,38.42886],[-122.58517,38.42892],[-122.58529,38.42896],[-122.58543,38.42902],[-122.58554,38.42908],[-122.58564,38.42915],[-122.58574,38.42923],[-122.58583,38.42931],[-122.58588,38.42936],[-122.58597,38.42947],[-122.58608,38.42963],[-122.58615,38.42974],[-122.58646,38.43028],[-122.58652,38.43039],[-122.58664,38.43059],[-122.58673,38.43071],[-122.58684,38.43084],[-122.58697,38.43098],[-122.58703,38.43101],[-122.58714,38.43095],[-122.5872,38.43092],[-122.58745,38.4308],[-122.58749,38.43079],[-122.58761,38.43075],[-122.58776,38.43069],[-122.58785,38.43064],[-122.5879,38.43061],[-122.58801,38.43055],[-122.58836,38.43028],[-122.58849,38.43018],[-122.5887,38.43002]],[[-122.58072,38.42386],[-122.58064,38.42408],[-122.58057,38.42417],[-122.58052,38.42422],[-122.58045,38.42426],[-122.58034,38.42432],[-122.58013,38.42439],[-122.57987,38.42449],[-122.5798,38.42452],[-122.5797,38.42457],[-122.57953,38.42468],[-122.57939,38.42479],[-122.5793,38.42486],[-122.5791,38.42503],[-122.57898,38.42511],[-122.57884,38.42518],[-122.57875,38.42519],[-122.57867,38.42518],[-122.5786,38.42516],[-122.57852,38.42512],[-122.57845,38.42506],[-122.57842,38.42502],[-122.57841,38.42496],[-122.57841,38.42491],[-122.57842,38.42487],[-122.57845,38.4248],[-122.57848,38.42476],[-122.57852,38.42472],[-122.57859,38.42468],[-122.57865,38.42467],[-122.57876,38.42466],[-122.57891,38.42463],[-122.57899,38.4246],[-122.57907,38.42456],[-122.57919,38.42448],[-122.57925,38.42443],[-122.57933,38.42437],[-122.5794,38.42429],[-122.57966,38.42408],[-122.57984,38.42394],[-122.57995,38.42388],[-122.58007,38.42383],[-122.5802,38.42381],[-122.58037,38.42381],[-122.5805,38.42382],[-122.58072,38.42386]],[[-122.57998,38.42764],[-122.58,38.42778],[-122.57996,38.42786],[-122.57987,38.42794],[-122.57976,38.42796],[-122.57966,38.42798],[-122.5792,38.42768],[-122.57894,38.42755],[-122.57886,38.42746],[-122.5788,38.42738],[-122.57877,38.42729],[-122.57877,38.4272],[-122.5788,38.42712],[-122.57889,38.42707],[-122.579,38.4271],[-122.5792,38.42718],[-122.57954,38.42728],[-122.57973,38.42739],[-122.57989,38.42749],[-122.57998,38.42764]],[[-122.579,38.42876],[-122.579,38.42887],[-122.57898,38.42901],[-122.57895,38.42913],[-122.57892,38.42922],[-122.57878,38.42953],[-122.57875,38.42957],[-122.5787,38.4296],[-122.57865,38.42964],[-122.57858,38.42967],[-122.57854,38.42968],[-122.57839,38.42967],[-122.57835,38.42967],[-122.57829,38.42966],[-122.5781,38.42962],[-122.57803,38.42959],[-122.57793,38.42953],[-122.57786,38.42949],[-122.57779,38.42941],[-122.57776,38.42936],[-122.57774,38.42929],[-122.57774,38.42921],[-122.57782,38.42904],[-122.57783,38.42902],[-122.57789,38.4289],[-122.57795,38.42882],[-122.57798,38.42875],[-122.57799,38.42866],[-122.57799,38.42856],[-122.57796,38.42849],[-122.57792,38.42842],[-122.57781,38.42829],[-122.57777,38.42822],[-122.57777,38.42817],[-122.57777,38.4281],[-122.57781,38.42802],[-122.57784,38.42797],[-122.57788,38.42793],[-122.57792,38.42791],[-122.57801,38.42785],[-122.57811,38.42783],[-122.57818,38.42782],[-122.57822,38.42782],[-122.57829,38.42782],[-122.57836,38.42784],[-122.57848,38.42788],[-122.57856,38.42791],[-122.57862,38.42795],[-122.5787,38.42801],[-122.57884,38.42819],[-122.57889,38.42827],[-122.57892,38.42835],[-122.57896,38.42847],[-122.57897,38.42849],[-122.57899,38.4286],[-122.579,38.42876]]]},"properties":{"GEOID":"060971516022003","POP100":535,"HU100":377,"TRACT":"151602"}},{"type":"Feature","geometry":{"type":"Polygon","coordinates":[[[-122.58781,38.42749],[-122.5878,38.42734],[-122.5878,38.42734],[-122.58778,38.42721],[-122.58776,38.42713],[-122.58765,38.4269],[-122.58749,38.42673],[-122.58734,38.42658],[-122.58723,38.42648],[-122.58717,38.42644],[-122.58707,38.42634],[-122.58695,38.42625],[-122.58685,38.42618],[-122.58674,38.42612],[-122.58664,38.42608],[-122.58651,38.42604],[-122.58641,38.42603],[-122.5864,38.42603],[-122.58624,38.42602],[-122.58608,38.42603],[-122.58597,38.42605],[-122.58588,38.42608],[-122.58576,38.42613],[-122.58586,38.42627],[-122.58597,38.42644],[-122.58606,38.42657],[-122.58607,38.42657],[-122.58621,38.42674],[-122.58636,38.42689],[-122.58657,38.4271],[-122.58668,38.4272],[-122.58703,38.42748],[-122.58723,38.42765],[-122.58724,38.42766],[-122.58745,38.42784],[-122.58757,38.42794],[-122.58766,38.42799],[-122.58773,38.42785],[-122.58777,38.42775],[-122.58779,38.42762],[-122.58781,38.42749]]]},"properties":{"GEOID":"060971516022012","POP100":10,"HU100":13,"TRACT":"151602"}},{"type":"Feature","geometry":{"type":"Polygon","coordinates":[[[-122.57924,38.43222],[-122.57935,38.43206],[-122.57922,38.43202],[-122.57903,38.43197],[-122.5788,38.43193],[-122.57866,38.43191],[-122.57853,38.43188],[-122.57838,38.43186],[-122.57825,38.43184],[-122.57807,38.43182],[-122.57761,38.43173],[-122.57758,38.43172],[-122.57718,38.4316],[-122.57705,38.43155],[-122.57665,38.43141],[-122.57658,38.43153],[-122.57647,38.4317],[-122.57635,38.43188],[-122.57627,38.43199],[-122.57648,38.43208],[-122.57666,38.43217],[-122.57688,38.43225],[-122.5771,38.43233],[-122.57712,38.43233],[-122.57734,38.4324],[-122.57773,38.43249],[-122.57817,38.43257],[-122.57834,38.43259],[-122.57848,38.43261],[-122.57868,38.43266],[-122.57878,38.43269],[-122.57894,38.43275],[-122.57902,38.43263],[-122.57924,38.43222]]]},"properties":{"GEOID":"060971516022001","POP100":33,"HU100":24,"TRACT":"151602"}},{"type":"Feature","geometry":{"type":"Polygon","coordinates":[[[-122.579,38.42887],[-122.579,38.42876],[-122.57899,38.4286],[-122.57897,38.42849],[-122.57896,38.42847],[-122.57892,38.42835],[-122.57889,38.42827],[-122.57884,38.42819],[-122.5787,38.42801],[-122.57862,38.42795],[-122.57856,38.42791],[-122.57848,38.42788],[-122.57836,38.42784],[-122.57829,38.42782],[-122.57822,38.42782],[-122.57818,38.42782],[-122.57811,38.42783],[-122.57801,38.42785],[-122.57792,38.42791],[-122.57788,38.42793],[-122.57784,38.42797],[-122.57781,38.42802],[-122.57777,38.4281],[-122.57777,38.42817],[-122.57777,38.42822],[-122.57781,38.42829],[-122.57792,38.42842],[-122.57796,38.42849],[-122.57799,38.42856],[-122.57799,38.42866],[-122.57798,38.42875],[-122.57795,38.42882],[-122.57789,38.4289],[-122.57783,38.42902],[-122.57782,38.42904],[-122.57774,38.42921],[-122.57774,38.42929],[-122.57776,38.42936],[-122.57779,38.42941],[-122.57786,38.42949],[-122.57793,38.42953],[-122.57803,38.42959],[-122.5781,38.42962],[-122.57829,38.42966],[-122.57835,38.42967],[-122.57839,38.42967],[-122.57854,38.42968],[-122.57858,38.42967],[-122.57865,38.42964],[-122.5787,38.4296],[-122.57875,38.42957],[-122.57878,38.42953],[-122.57892,38.42922],[-122.57895,38.42913],[-122.57898,38.42901],[-122.579,38.42887]]]},"properties":{"GEOID":"060971516022005","POP100":41,"HU100":23,"TRACT":"151602"}},{"type":"Feature","geometry":{"type":"Polygon","coordinates":[[[-122.57561,38.4154],[-122.57561,38.41526],[-122.5756,38.41514],[-122.57554,38.415],[-122.57548,38.4149],[-122.57544,38.41485],[-122.57523,38.41447],[-122.5752,38.41436],[-122.57518,38.41425],[-122.57518,38.41415],[-122.57518,38.41411],[-122.57518,38.41387],[-122.57519,38.4136],[-122.57519,38.41336],[-122.57517,38.4132],[-122.57514,38.41313],[-122.57503,38.41282],[-122.57488,38.4125],[-122.5747,38.41206],[-122.57453,38.41172],[-122.57443,38.41153],[-122.57439,38.41147],[-122.5743,38.41131],[-122.57427,38.41126],[-122.57406,38.41095],[-122.57384,38.41063],[-122.57367,38.41041],[-122.57353,38.41014],[-122.57347,38.41],[-122.57343,38.40991],[-122.57337,38.40975],[-122.57334,38.40964],[-122.57323,38.40919],[-122.5732,38.40904],[-122.57321,38.40888],[-122.5732,38.40876],[-122.57318,38.40839],[-122.57315,38.40812],[-122.57314,38.40804],[-122.57308,38.40778],[-122.57294,38.40737],[-122.57272,38.40677],[-122.57269,38.40666],[-122.57266,38.40651],[-122.57265,38.40644],[-122.57265,38.40612],[-122.57266,38.40584],[-122.57266,38.40539],[-122.57264,38.40523],[-122.57264,38.40521],[-122.57261,38.40507],[-122.57248,38.40466],[-122.57239,38.40446],[-122.57236,38.40439],[-122.5723,38.40423],[-122.57194,38.40337],[-122.57193,38.40334],[-122.57192,38.40332],[-122.57189,38.40326],[-122.57187,38.40321],[-122.57181,38.40311],[-122.57174,38.403],[-122.57154,38.40277],[-122.57122,38.40244],[-122.57069,38.40186],[-122.57063,38.40179],[-122.57038,38.40153],[-122.56979,38.40089],[-122.56946,38.40053],[-122.56915,38.4002],[-122.56895,38.40029],[-122.56883,38.40033],[-122.56875,38.40037],[-122.56837,38.40053],[-122.56793,38.40072],[-122.56789,38.40074],[-122.56758,38.40088],[-122.56746,38.40093],[-122.56711,38.40106],[-122.56677,38.40117],[-122.56636,38.40132],[-122.56585,38.40151],[-122.56553,38.40165],[-122.56539,38.4017],[-122.56535,38.40171],[-122.56525,38.40173],[-122.56514,38.40174],[-122.56506,38.40175],[-122.56493,38.40174],[-122.56474,38.40172],[-122.56464,38.40169],[-122.56456,38.40167],[-122.56433,38.40162],[-122.56414,38.40158],[-122.56402,38.40153],[-122.56391,38.40144],[-122.56371,38.40125],[-122.56339,38.40092],[-122.56316,38.40065],[-122.5631,38.40061],[-122.56306,38.40059],[-122.56298,38.40058],[-122.56235,38.40054],[-122.56221,38.40055],[-122.56088,38.40077],[-122.5604,38.40086],[-122.55986,38.40094],[-122.5586,38.40115],[-122.55704,38.40143],[-122.55558,38.40168],[-122.55553,38.40169],[-122.55544,38.40172],[-122.55537,38.40175],[-122.55517,38.40184],[-122.55511,38.40187],[-122.55501,38.40189],[-122.55468,38.40191],[-122.55463,38.4019],[-122.55457,38.40189],[-122.5545,38.40185],[-122.55448,38.40183],[-122.55444,38.40178],[-122.5544,38.40169],[-122.55438,38.40163],[-122.55438,38.40158],[-122.5544,38.4014],[-122.5544,38.40129],[-122.55439,38.40119],[-122.5543,38.4009],[-122.55429,38.40087],[-122.55424,38.40084],[-122.55418,38.40082],[-122.55382,38.40077],[-122.55335,38.40073],[-122.55326,38.40074],[-122.55324,38.40075],[-122.55337,38.40099],[-122.55342,38.40104],[-122.55353,38.40137],[-122.55356,38.40153],[-122.55358,38.40155],[-122.5536,38.40163],[-122.55361,38.40165],[-122.55362,38.40177],[-122.55365,38.40207],[-122.55363,38.4023],[-122.55353,38.40273],[-122.55348,38.40284],[-122.55329,38.40309],[-122.5532,38.40329],[-122.55314,38.40349],[-122.55307,38.40364],[-122.553,38.40374],[-122.5529,38.40386],[-122.55433,38.40511],[-122.55445,38.40522],[-122.55461,38.40534],[-122.55464,38.40536],[-122.55477,38.40546],[-122.55509,38.4056],[-122.55511,38.40561],[-122.55514,38.40567],[-122.55521,38.40579],[-122.55524,38.40588],[-122.55526,38.40589],[-122.55535,38.40594],[-122.55551,38.40599],[-122.55557,38.40601],[-122.55576,38.40608],[-122.55578,38.40609],[-122.55576,38.40616],[-122.55574,38.4062],[-122.55572,38.40626],[-122.55566,38.40638],[-122.55562,38.40651],[-122.55562,38.40653],[-122.55564,38.40659],[-122.55567,38.40664],[-122.55571,38.40668],[-122.55576,38.40672],[-122.55591,38.4068],[-122.55596,38.40684],[-122.55598,38.40686],[-122.55602,38.40691],[-122.55605,38.40696],[-122.55607,38.40702],[-122.55608,38.40711],[-122.55606,38.40733],[-122.55606,38.40752],[-122.55608,38.40772],[-122.55612,38.40779],[-122.55615,38.40784],[-122.55624,38.40803],[-122.5563,38.40817],[-122.55631,38.40823],[-122.55632,38.40834],[-122.55633,38.40847],[-122.55631,38.4086],[-122.55629,38.40875],[-122.55629,38.40881],[-122.55631,38.40889],[-122.55634,38.40896],[-122.55639,38.40903],[-122.55645,38.40911],[-122.55654,38.40922],[-122.5567,38.40937],[-122.55677,38.40943],[-122.5568,38.40946],[-122.55682,38.40948],[-122.55684,38.40951],[-122.55685,38.40958],[-122.55684,38.40961],[-122.55677,38.40975],[-122.55672,38.40983],[-122.55664,38.40996],[-122.55653,38.41009],[-122.55645,38.41017],[-122.55632,38.41028],[-122.55601,38.41052],[-122.5561,38.41059],[-122.55615,38.41064],[-122.55635,38.41104],[-122.55659,38.41148],[-122.55663,38.41158],[-122.55667,38.41163],[-122.55689,38.41179],[-122.55698,38.41188],[-122.55708,38.41203],[-122.55712,38.41207],[-122.55717,38.41211],[-122.55744,38.41224],[-122.55751,38.41228],[-122.5576,38.41236],[-122.55767,38.41245],[-122.5577,38.41251],[-122.55774,38.41256],[-122.55786,38.41276],[-122.55793,38.4129],[-122.55802,38.41314],[-122.55818,38.4135],[-122.55825,38.41365],[-122.5583,38.41382],[-122.55833,38.41386],[-122.5585,38.41401],[-122.55905,38.41467],[-122.55908,38.41469],[-122.55916,38.41481],[-122.55931,38.41498],[-122.55948,38.41513],[-122.5596,38.41523],[-122.56001,38.41557],[-122.56006,38.4156],[-122.56011,38.41562],[-122.56042,38.41568],[-122.56047,38.4157],[-122.56052,38.41573],[-122.56057,38.41576],[-122.5606,38.4158],[-122.56063,38.41587],[-122.56064,38.41594],[-122.56063,38.416],[-122.56061,38.41621],[-122.56061,38.41625],[-122.56064,38.4163],[-122.56067,38.41632],[-122.56115,38.41676],[-122.56125,38.4168],[-122.56132,38.41682],[-122.5614,38.41682],[-122.56157,38.41679],[-122.56165,38.4168],[-122.56174,38.41681],[-122.56182,38.41684],[-122.56193,38.41689],[-122.562,38.41694],[-122.56215,38.41708],[-122.56235,38.41724],[-122.56251,38.41738],[-122.56256,38.41743],[-122.5626,38.41747],[-122.56262,38.41752],[-122.56264,38.41757],[-122.56266,38.41785],[-122.56267,38.4179],[-122.5627,38.41794],[-122.56273,38.41798],[-122.56279,38.41802],[-122.5629,38.41807],[-122.56302,38.41813],[-122.56312,38.41819],[-122.56318,38.41823],[-122.56322,38.41829],[-122.56325,38.41833],[-122.56327,38.41839],[-122.56329,38.41849],[-122.56329,38.41857],[-122.56331,38.4188],[-122.56335,38.41891],[-122.56339,38.41897],[-122.56344,38.41903],[-122.56353,38.4191],[-122.5636,38.41913],[-122.56493,38.41953],[-122.56546,38.41968],[-122.56637,38.41995],[-122.56691,38.42013],[-122.56749,38.42033],[-122.56807,38.42054],[-122.56825,38.42061],[-122.56886,38.42087],[-122.56952,38.42118],[-122.56988,38.42134],[-122.57002,38.42133],[-122.57003,38.42133],[-122.57005,38.42133],[-122.57008,38.42134],[-122.57015,38.42135],[-122.5702,38.42136],[-122.57023,38.42138],[-122.57035,38.42143],[-122.57075,38.42162],[-122.57167,38.42207],[-122.57182,38.42214],[-122.57187,38.42215],[-122.57195,38.42214],[-122.572,38.42212],[-122.57204,38.4221],[-122.57208,38.42207],[-122.57213,38.42202],[-122.57239,38.42165],[-122.57256,38.42139],[-122.57288,38.4209],[-122.57328,38.42034],[-122.57339,38.42017],[-122.57395,38.41935],[-122.57426,38.4189],[-122.57439,38.41872],[-122.57469,38.41829],[-122.5748,38.41812],[-122.57485,38.41806],[-122.57491,38.41799],[-122.57494,38.4179],[-122.57499,38.41762],[-122.575,38.41735],[-122.57501,38.41709],[-122.57502,38.41697],[-122.57506,38.41679],[-122.57514,38.41658],[-122.57521,38.41644],[-122.57524,38.41637],[-122.57546,38.41589],[-122.57552,38.41579],[-122.57557,38.41563],[-122.5756,38.41552],[-122.57561,38.4154]]]},"properties":{"GEOID":"060971516021013","POP100":91,"HU100":72,"TRACT":"151602"}},{"type":"Feature","geometry":{"type":"Polygon","coordinates":[[[-122.57587,38.42855],[-122.57585,38.42842],[-122.57576,38.42801],[-122.57574,38.42787],[-122.57571,38.42771],[-122.57569,38.42755],[-122.57567,38.42739],[-122.57566,38.42717],[-122.57566,38.42695],[-122.57569,38.42661],[-122.57569,38.42658],[-122.57573,38.42626],[-122.5756,38.42627],[-122.57551,38.42627],[-122.57543,38.42629],[-122.57539,38.4263],[-122.57528,38.42635],[-122.57519,38.42641],[-122.57514,38.42645],[-122.57509,38.42652],[-122.57453,38.42733],[-122.57448,38.42743],[-122.57446,38.42746],[-122.57442,38.42758],[-122.57439,38.42772],[-122.57444,38.42787],[-122.57448,38.42797],[-122.57453,38.42807],[-122.57456,38.42811],[-122.57461,38.42815],[-122.57467,38.4282],[-122.57472,38.42823],[-122.57479,38.42828],[-122.57488,38.42832],[-122.575,38.42836],[-122.57544,38.42854],[-122.5755,38.42855],[-122.57554,38.42856],[-122.57562,38.42857],[-122.57571,38.42857],[-122.57587,38.42855]]]},"properties":{"GEOID":"060971516022010","POP100":32,"HU100":21,"TRACT":"151602"}},{"type":"Feature","geometry":{"type":"Polygon","coordinates":[[[-122.57694,38.42687],[-122.57694,38.4268],[-122.57693,38.42674],[-122.5769,38.42667],[-122.57687,38.42659],[-122.57683,38.42653],[-122.57676,38.42646],[-122.57667,38.42641],[-122.57664,38.4264],[-122.57663,38.42639],[-122.57652,38.42635],[-122.57639,38.42632],[-122.57631,38.4263],[-122.57614,38.42629],[-122.57596,38.42628],[-122.57592,38.42627],[-122.57573,38.42626],[-122.57569,38.42658],[-122.57569,38.42661],[-122.57566,38.42695],[-122.57566,38.42717],[-122.57567,38.42739],[-122.57569,38.42755],[-122.57571,38.42771],[-122.57574,38.42787],[-122.57585,38.42786],[-122.57597,38.42784],[-122.57613,38.42779],[-122.57628,38.42774],[-122.57639,38.42767],[-122.57644,38.42763],[-122.5765,38.42757],[-122.57657,38.42749],[-122.57685,38.42708],[-122.5769,38.427],[-122.57693,38.42692],[-122.57694,38.42687]]]},"properties":{"GEOID":"060971516022009","POP100":17,"HU100":9,"TRACT":"151602"}},{"type":"Feature","geometry":{"type":"Polygon","coordinates":[[[-122.56634,38.51098],[-122.56634,38.51087],[-122.56628,38.51078],[-122.56614,38.5107],[-122.566,38.51064],[-122.56592,38.5106],[-122.56586,38.51055],[-122.56575,38.51045],[-122.5657,38.51036],[-122.56568,38.51029],[-122.56564,38.51003],[-122.56562,38.50999],[-122.56536,38.50976],[-122.56526,38.5097],[-122.56516,38.50965],[-122.56507,38.50963],[-122.56499,38.50961],[-122.56472,38.50959],[-122.56455,38.50955],[-122.56443,38.5095],[-122.56439,38.50948],[-122.56406,38.5094],[-122.56391,38.50933],[-122.56383,38.50929],[-122.5637,38.50913],[-122.56366,38.50908],[-122.56343,38.50883],[-122.56334,38.50878],[-122.56308,38.50859],[-122.56304,38.50856],[-122.56288,38.50855],[-122.5625,38.50848],[-122.5623,38.50842],[-122.56217,38.50837],[-122.56208,38.5083],[-122.56197,38.5082],[-122.5619,38.50813],[-122.5618,38.50798],[-122.56161,38.50763],[-122.56138,38.50728],[-122.56134,38.50721],[-122.56133,38.50714],[-122.56138,38.5066],[-122.56146,38.50607],[-122.56141,38.5056],[-122.56142,38.5052],[-122.56141,38.50513],[-122.56128,38.50475],[-122.56125,38.50463],[-122.56125,38.50452],[-122.56126,38.50439],[-122.56131,38.50415],[-122.56136,38.50399],[-122.56143,38.50388],[-122.56152,38.50367],[-122.56175,38.50323],[-122.56186,38.50291],[-122.56197,38.50267],[-122.56201,38.50258],[-122.56215,38.50225],[-122.56227,38.50187],[-122.56245,38.50158],[-122.56248,38.50136],[-122.56254,38.5011],[-122.56262,38.50095],[-122.56269,38.5008],[-122.56271,38.5007],[-122.56287,38.50034],[-122.56286,38.50018],[-122.5628,38.50009],[-122.56278,38.49991],[-122.56287,38.49975],[-122.56292,38.49961],[-122.56299,38.49948],[-122.56303,38.49942],[-122.56304,38.4994],[-122.56303,38.49922],[-122.56301,38.49917],[-122.56295,38.49902],[-122.56298,38.49891],[-122.56302,38.49884],[-122.56329,38.4985],[-122.56332,38.49844],[-122.56334,38.49838],[-122.56333,38.49828],[-122.56331,38.49823],[-122.56324,38.49818],[-122.56316,38.49813],[-122.56306,38.4981],[-122.56303,38.49808],[-122.56298,38.49807],[-122.56294,38.49805],[-122.56261,38.49792],[-122.56247,38.49793],[-122.56207,38.4979],[-122.56166,38.49787],[-122.56157,38.49785],[-122.56132,38.49776],[-122.56085,38.49749],[-122.56074,38.49745],[-122.56064,38.49744],[-122.56054,38.49744],[-122.56029,38.49749],[-122.55966,38.4977],[-122.55946,38.49774],[-122.55911,38.49778],[-122.55892,38.4978],[-122.55863,38.49779],[-122.55787,38.49776],[-122.55756,38.49766],[-122.55729,38.49762],[-122.55697,38.49759],[-122.55683,38.49753],[-122.55667,38.49745],[-122.55658,38.49743],[-122.55616,38.49747],[-122.55573,38.49744],[-122.55505,38.49741],[-122.55489,38.49739],[-122.55457,38.49727],[-122.55405,38.49713],[-122.55376,38.49699],[-122.55351,38.49689],[-122.55303,38.49677],[-122.55281,38.49674],[-122.55251,38.49668],[-122.55225,38.49667],[-122.55116,38.49614],[-122.54987,38.49529],[-122.54848,38.49484],[-122.54819,38.49476],[-122.54696,38.49443],[-122.54654,38.49431],[-122.54519,38.49427],[-122.54356,38.49391],[-122.54265,38.49389],[-122.54269,38.49394],[-122.54275,38.49399],[-122.5428,38.49405],[-122.54285,38.49407],[-122.54291,38.4941],[-122.54296,38.49414],[-122.54299,38.49419],[-122.54307,38.49424],[-122.54319,38.49436],[-122.54323,38.49441],[-122.5433,38.49448],[-122.54334,38.49453],[-122.54338,38.49459],[-122.54341,38.49464],[-122.54344,38.49467],[-122.54346,38.49469],[-122.54351,38.49472],[-122.54356,38.49472],[-122.54362,38.49473],[-122.54364,38.49475],[-122.54369,38.49478],[-122.54376,38.49482],[-122.54385,38.49488],[-122.5439,38.49492],[-122.54398,38.49497],[-122.54405,38.49502],[-122.54418,38.49506],[-122.54424,38.49509],[-122.5443,38.49512],[-122.54436,38.49515],[-122.54439,38.49517],[-122.54449,38.49529],[-122.54473,38.49568],[-122.5449,38.49629],[-122.54485,38.49638],[-122.54485,38.49641],[-122.54488,38.4965],[-122.54488,38.49657],[-122.54489,38.4966],[-122.54488,38.49662],[-122.54488,38.49666],[-122.54488,38.49674],[-122.54488,38.49678],[-122.54481,38.49685],[-122.54475,38.4969],[-122.54471,38.49692],[-122.54471,38.49694],[-122.54469,38.49697],[-122.54463,38.49702],[-122.54459,38.49709],[-122.54456,38.49717],[-122.54453,38.49725],[-122.54451,38.4973],[-122.54447,38.49735],[-122.54442,38.49744],[-122.54437,38.49751],[-122.54432,38.49756],[-122.54433,38.49766],[-122.54431,38.49776],[-122.54424,38.49786],[-122.54419,38.49792],[-122.5441,38.498],[-122.54407,38.49804],[-122.54404,38.49811],[-122.54402,38.49815],[-122.54399,38.49819],[-122.54397,38.49823],[-122.54395,38.49826],[-122.54393,38.49828],[-122.54384,38.49835],[-122.5438,38.49838],[-122.54377,38.49845],[-122.54372,38.49853],[-122.54366,38.49859],[-122.54356,38.49863],[-122.54344,38.49869],[-122.54332,38.49873],[-122.54319,38.49878],[-122.54307,38.49881],[-122.54304,38.49885],[-122.54298,38.49889],[-122.54284,38.49897],[-122.5428,38.49901],[-122.5427,38.49906],[-122.54262,38.49909],[-122.54252,38.49911],[-122.54235,38.49914],[-122.54217,38.49917],[-122.54201,38.49918],[-122.5419,38.4992],[-122.5418,38.4992],[-122.54168,38.49919],[-122.54151,38.49915],[-122.5413,38.49912],[-122.54121,38.49909],[-122.54115,38.49908],[-122.54096,38.49901],[-122.54092,38.499],[-122.54085,38.49897],[-122.54078,38.49893],[-122.54073,38.4989],[-122.54065,38.49891],[-122.54052,38.49886],[-122.54044,38.49881],[-122.54008,38.49918],[-122.53989,38.49937],[-122.53987,38.49952],[-122.53987,38.49965],[-122.53988,38.49979],[-122.54002,38.50011],[-122.54005,38.50056],[-122.54003,38.50067],[-122.54015,38.50099],[-122.54022,38.50127],[-122.54018,38.50139],[-122.54017,38.50145],[-122.53999,38.50168],[-122.5397,38.50203],[-122.53967,38.50217],[-122.53971,38.50236],[-122.53974,38.5025],[-122.53978,38.50272],[-122.53983,38.50298],[-122.53981,38.50313],[-122.53993,38.50311],[-122.54007,38.5031],[-122.54018,38.50308],[-122.54034,38.50306],[-122.54049,38.50304],[-122.5406,38.50303],[-122.54061,38.50303],[-122.54068,38.50304],[-122.54075,38.50308],[-122.54082,38.50315],[-122.54087,38.50321],[-122.54088,38.50324],[-122.54091,38.50328],[-122.54095,38.5033],[-122.54099,38.50334],[-122.54102,38.50337],[-122.54103,38.50338],[-122.54105,38.5034],[-122.54108,38.50346],[-122.54111,38.50349],[-122.54111,38.50354],[-122.54111,38.5036],[-122.54109,38.50365],[-122.54106,38.5037],[-122.54106,38.50383],[-122.54106,38.50392],[-122.54109,38.50397],[-122.54117,38.504],[-122.54133,38.50404],[-122.54152,38.50406],[-122.54156,38.50408],[-122.54158,38.50412],[-122.54156,38.5042],[-122.54154,38.50436],[-122.5415,38.5045],[-122.54149,38.50474],[-122.54147,38.50496],[-122.54145,38.50507],[-122.54147,38.50514],[-122.5415,38.50519],[-122.54156,38.50524],[-122.54164,38.50531],[-122.54169,38.50536],[-122.54176,38.50541],[-122.54186,38.50544],[-122.54196,38.50547],[-122.5421,38.50554],[-122.54213,38.50554],[-122.54216,38.50557],[-122.54221,38.50561],[-122.54226,38.50564],[-122.54234,38.50568],[-122.5424,38.50571],[-122.54296,38.50626],[-122.5428,38.50674],[-122.54277,38.50682],[-122.54273,38.50693],[-122.5427,38.50704],[-122.54267,38.50712],[-122.54266,38.50714],[-122.54266,38.50716],[-122.5427,38.50719],[-122.54272,38.5072],[-122.54274,38.50721],[-122.5428,38.50724],[-122.54298,38.50738],[-122.54316,38.50749],[-122.54389,38.50728],[-122.54553,38.5068],[-122.54635,38.50783],[-122.54636,38.50796],[-122.54635,38.50801],[-122.54631,38.50806],[-122.54625,38.50812],[-122.54618,38.50816],[-122.54617,38.50817],[-122.54609,38.50822],[-122.54599,38.50829],[-122.54596,38.50832],[-122.54596,38.50838],[-122.54596,38.50842],[-122.54596,38.50846],[-122.54597,38.50852],[-122.54597,38.5086],[-122.54597,38.50865],[-122.546,38.50874],[-122.54603,38.50879],[-122.54608,38.50885],[-122.54608,38.50891],[-122.54612,38.50899],[-122.54626,38.50919],[-122.54634,38.50928],[-122.54642,38.5094],[-122.54654,38.50958],[-122.54656,38.50959],[-122.54677,38.5098],[-122.54689,38.50992],[-122.54705,38.51008],[-122.54722,38.51034],[-122.54754,38.51049],[-122.54755,38.51051],[-122.54768,38.51063],[-122.54772,38.51068],[-122.54777,38.51072],[-122.54779,38.51075],[-122.54786,38.51081],[-122.54791,38.51084],[-122.54797,38.51087],[-122.54801,38.51088],[-122.54804,38.51088],[-122.5481,38.51089],[-122.54833,38.51095],[-122.54846,38.51099],[-122.54856,38.51108],[-122.54858,38.51113],[-122.54862,38.51116],[-122.54869,38.51119],[-122.54876,38.51122],[-122.54886,38.51127],[-122.54897,38.51131],[-122.54899,38.51131],[-122.54909,38.51129],[-122.54918,38.51128],[-122.54932,38.51126],[-122.54937,38.51126],[-122.54948,38.51125],[-122.54955,38.51122],[-122.54963,38.51117],[-122.54971,38.51115],[-122.54977,38.51116],[-122.54986,38.51117],[-122.54996,38.51116],[-122.55001,38.51115],[-122.55002,38.51118],[-122.55002,38.51119],[-122.55001,38.51121],[-122.54987,38.51127],[-122.5498,38.51131],[-122.54973,38.51135],[-122.54964,38.5114],[-122.54957,38.51147],[-122.54943,38.51157],[-122.54921,38.51167],[-122.54899,38.51172],[-122.54883,38.51174],[-122.54875,38.51176],[-122.54859,38.51178],[-122.54842,38.51183],[-122.54829,38.51186],[-122.54823,38.51185],[-122.54793,38.51197],[-122.54786,38.512],[-122.54775,38.51207],[-122.54768,38.51213],[-122.54761,38.51216],[-122.54752,38.51219],[-122.54745,38.51227],[-122.5474,38.51234],[-122.54731,38.51241],[-122.54726,38.51245],[-122.54717,38.51251],[-122.54713,38.51254],[-122.54707,38.51258],[-122.54688,38.51262],[-122.54666,38.51264],[-122.54647,38.51265],[-122.54637,38.51268],[-122.5463,38.51272],[-122.54628,38.51273],[-122.54626,38.51274],[-122.54622,38.51275],[-122.54615,38.51273],[-122.54613,38.51273],[-122.54607,38.5127],[-122.54599,38.51268],[-122.54584,38.51265],[-122.54567,38.51265],[-122.54555,38.51265],[-122.54547,38.51264],[-122.54537,38.51262],[-122.54519,38.51261],[-122.54498,38.5126],[-122.54494,38.51261],[-122.54486,38.5126],[-122.54473,38.51259],[-122.54464,38.51258],[-122.54457,38.51258],[-122.54439,38.51262],[-122.54398,38.51268],[-122.54383,38.51272],[-122.54378,38.51275],[-122.54336,38.51282],[-122.54313,38.51289],[-122.54274,38.51298],[-122.54256,38.51302],[-122.5424,38.51301],[-122.54224,38.51298],[-122.54208,38.51302],[-122.54187,38.51313],[-122.54172,38.51328],[-122.54172,38.51331],[-122.54168,38.51341],[-122.54167,38.51355],[-122.54167,38.51365],[-122.54168,38.51371],[-122.54168,38.51379],[-122.5417,38.51382],[-122.54173,38.51386],[-122.54176,38.51393],[-122.54177,38.514],[-122.5418,38.51407],[-122.54181,38.51414],[-122.54184,38.51418],[-122.54187,38.51423],[-122.54191,38.5143],[-122.54194,38.51435],[-122.54197,38.51438],[-122.54201,38.51441],[-122.54206,38.51445],[-122.54213,38.51447],[-122.54223,38.5145],[-122.54232,38.51454],[-122.54245,38.51459],[-122.54253,38.51462],[-122.54262,38.51472],[-122.54281,38.51492],[-122.54291,38.51505],[-122.54297,38.51513],[-122.54304,38.51519],[-122.5431,38.51525],[-122.54312,38.5153],[-122.54313,38.51534],[-122.54312,38.51543],[-122.54311,38.51548],[-122.54314,38.51555],[-122.54317,38.51567],[-122.54319,38.51574],[-122.54327,38.51582],[-122.54335,38.51586],[-122.54345,38.5159],[-122.54358,38.51593],[-122.54361,38.51595],[-122.54363,38.51595],[-122.54422,38.51603],[-122.54431,38.51605],[-122.5445,38.51605],[-122.54466,38.51609],[-122.5448,38.51614],[-122.54489,38.51621],[-122.54498,38.51633],[-122.5451,38.5165],[-122.54517,38.5166],[-122.54527,38.51669],[-122.54529,38.51671],[-122.54528,38.51689],[-122.54509,38.51702],[-122.545,38.51717],[-122.54494,38.51734],[-122.54491,38.51746],[-122.54487,38.5175],[-122.54482,38.51751],[-122.5447,38.5175],[-122.54464,38.51747],[-122.54462,38.51749],[-122.5445,38.51745],[-122.54439,38.51743],[-122.54425,38.51741],[-122.54406,38.51739],[-122.5439,38.5174],[-122.54377,38.51744],[-122.54364,38.51755],[-122.54357,38.51764],[-122.54353,38.51765],[-122.54343,38.51775],[-122.54342,38.51777],[-122.54338,38.51782],[-122.54333,38.51791],[-122.54327,38.51798],[-122.54323,38.51803],[-122.54322,38.51809],[-122.54325,38.51817],[-122.54328,38.51827],[-122.54331,38.51843],[-122.54335,38.51854],[-122.54336,38.51856],[-122.5435,38.51866],[-122.54367,38.51877],[-122.54434,38.51917],[-122.54389,38.51997],[-122.54452,38.52042],[-122.54457,38.52055],[-122.54462,38.52062],[-122.54467,38.5207],[-122.54475,38.52074],[-122.54492,38.52081],[-122.54497,38.52084],[-122.54504,38.52086],[-122.54508,38.52087],[-122.54513,38.52084],[-122.54516,38.5208],[-122.54519,38.52076],[-122.54532,38.52074],[-122.54546,38.52074],[-122.54554,38.52074],[-122.54565,38.52072],[-122.54586,38.52073],[-122.54599,38.52074],[-122.54611,38.52079],[-122.54623,38.52084],[-122.54633,38.52089],[-122.54641,38.52093],[-122.54649,38.52098],[-122.54657,38.52103],[-122.54801,38.51983],[-122.5483,38.51953],[-122.54875,38.51906],[-122.54885,38.519],[-122.54892,38.51894],[-122.54901,38.51888],[-122.54929,38.51879],[-122.54935,38.51876],[-122.54938,38.51876],[-122.54939,38.51873],[-122.54955,38.51866],[-122.54959,38.51862],[-122.54963,38.51857],[-122.54968,38.51854],[-122.54971,38.51848],[-122.54982,38.51839],[-122.55004,38.51823],[-122.55058,38.51789],[-122.55077,38.51787],[-122.55106,38.51786],[-122.5511,38.51785],[-122.55136,38.51781],[-122.55152,38.51779],[-122.55228,38.51775],[-122.5527,38.51775],[-122.55273,38.51776],[-122.55279,38.5178],[-122.55283,38.51784],[-122.55285,38.51785],[-122.5529,38.51788],[-122.55296,38.51788],[-122.55302,38.51788],[-122.55306,38.51788],[-122.55309,38.51787],[-122.55313,38.51785],[-122.55317,38.51783],[-122.55323,38.51779],[-122.55336,38.51776],[-122.55341,38.51776],[-122.55354,38.51768],[-122.55374,38.51762],[-122.55434,38.51746],[-122.55457,38.51745],[-122.55471,38.51747],[-122.55494,38.51744],[-122.55504,38.51741],[-122.55516,38.51731],[-122.5552,38.51729],[-122.55526,38.51717],[-122.55546,38.51695],[-122.55553,38.51689],[-122.55568,38.5168],[-122.55578,38.51671],[-122.55585,38.51662],[-122.55591,38.51654],[-122.55597,38.51642],[-122.55606,38.51634],[-122.55615,38.51632],[-122.55627,38.51627],[-122.55645,38.51622],[-122.55653,38.51617],[-122.55664,38.51604],[-122.55701,38.51584],[-122.55709,38.51578],[-122.55724,38.51567],[-122.55753,38.5155],[-122.5576,38.51543],[-122.55761,38.51536],[-122.55778,38.51493],[-122.5579,38.5148],[-122.558,38.51466],[-122.55803,38.51455],[-122.55808,38.51444],[-122.55816,38.51432],[-122.55831,38.51415],[-122.55847,38.514],[-122.55873,38.51386],[-122.55903,38.51366],[-122.55908,38.51363],[-122.55922,38.51358],[-122.55935,38.5135],[-122.55961,38.51339],[-122.55972,38.51336],[-122.5598,38.51335],[-122.55987,38.51335],[-122.56013,38.51332],[-122.56022,38.51333],[-122.56032,38.51333],[-122.56036,38.51332],[-122.56044,38.51323],[-122.56057,38.51303],[-122.5606,38.513],[-122.56064,38.51299],[-122.56088,38.51294],[-122.56101,38.51297],[-122.56113,38.51297],[-122.56125,38.51296],[-122.56142,38.51289],[-122.56143,38.51288],[-122.56165,38.51272],[-122.56203,38.5125],[-122.5622,38.51245],[-122.56235,38.51242],[-122.56273,38.51239],[-122.56287,38.51237],[-122.56298,38.5123],[-122.56322,38.51207],[-122.56335,38.51199],[-122.56337,38.51199],[-122.56344,38.51196],[-122.56397,38.51187],[-122.5641,38.51183],[-122.56414,38.5118],[-122.56432,38.51169],[-122.56449,38.51161],[-122.56459,38.5116],[-122.56499,38.51159],[-122.5653,38.51156],[-122.56541,38.51153],[-122.56553,38.51147],[-122.56575,38.51127],[-122.56585,38.51121],[-122.56617,38.51112],[-122.56626,38.51108],[-122.56627,38.51106],[-122.56632,38.51101],[-122.56634,38.51098]]]},"properties":{"GEOID":"060971516012000","POP100":7,"HU100":2,"TRACT":"151601"}},{"type":"Feature","geometry":{"type":"Polygon","coordinates":[[[-122.60043,38.4031],[-122.60061,38.40261],[-122.59882,38.4018],[-122.59199,38.39859],[-122.59143,38.39835],[-122.58308,38.39463],[-122.58137,38.39505],[-122.58132,38.39507],[-122.58129,38.39509],[-122.58126,38.39512],[-122.58119,38.3953],[-122.58117,38.39533],[-122.58114,38.39536],[-122.58078,38.39552],[-122.58075,38.39554],[-122.5807,38.39558],[-122.58069,38.39562],[-122.58067,38.39576],[-122.58066,38.3959],[-122.58063,38.39602],[-122.58062,38.39607],[-122.5806,38.39609],[-122.58059,38.39611],[-122.58057,38.39614],[-122.58053,38.39617],[-122.58047,38.3962],[-122.58029,38.39631],[-122.58012,38.39643],[-122.57997,38.39655],[-122.57988,38.39663],[-122.5798,38.39672],[-122.57976,38.39677],[-122.57954,38.39705],[-122.57937,38.39701],[-122.57926,38.39697],[-122.57908,38.39691],[-122.57871,38.39674],[-122.57854,38.39668],[-122.57839,38.39663],[-122.57829,38.3966],[-122.57818,38.39653],[-122.57808,38.39647],[-122.57799,38.39643],[-122.57775,38.39634],[-122.57763,38.39631],[-122.57751,38.39627],[-122.57704,38.3962],[-122.57691,38.39617],[-122.57666,38.39608],[-122.57661,38.39607],[-122.57655,38.39606],[-122.57644,38.39607],[-122.57635,38.3961],[-122.57618,38.39615],[-122.57602,38.39622],[-122.57594,38.39626],[-122.57562,38.39648],[-122.57546,38.39661],[-122.57535,38.39669],[-122.57529,38.39674],[-122.57524,38.39679],[-122.57521,38.39684],[-122.5752,38.39689],[-122.5752,38.397],[-122.57519,38.39715],[-122.57517,38.39719],[-122.57514,38.39722],[-122.57509,38.39726],[-122.57504,38.39727],[-122.57498,38.39729],[-122.57482,38.39731],[-122.57427,38.39745],[-122.57415,38.39747],[-122.57379,38.3975],[-122.57373,38.39752],[-122.57361,38.39758],[-122.57346,38.39766],[-122.57316,38.39791],[-122.57294,38.39803],[-122.57289,38.39808],[-122.57285,38.39812],[-122.57283,38.39815],[-122.57281,38.39818],[-122.57279,38.39827],[-122.57272,38.39843],[-122.57263,38.3986],[-122.57254,38.39877],[-122.57229,38.39891],[-122.57196,38.39905],[-122.57125,38.39935],[-122.57084,38.3995],[-122.57158,38.39979],[-122.57173,38.39986],[-122.57257,38.40021],[-122.57347,38.40044],[-122.57393,38.40057],[-122.57423,38.40065],[-122.57475,38.40082],[-122.57493,38.40088],[-122.57543,38.40099],[-122.57616,38.40112],[-122.57642,38.40119],[-122.57665,38.40125],[-122.57688,38.40133],[-122.57696,38.40137],[-122.57702,38.40142],[-122.57725,38.40166],[-122.57731,38.4017],[-122.57737,38.40174],[-122.5774,38.40176],[-122.57751,38.4018],[-122.57768,38.40184],[-122.57781,38.40187],[-122.57799,38.40195],[-122.57809,38.40199],[-122.57813,38.40202],[-122.57819,38.40206],[-122.57824,38.40211],[-122.57827,38.40217],[-122.57829,38.40223],[-122.57828,38.4023],[-122.57826,38.40234],[-122.57813,38.40249],[-122.57809,38.40252],[-122.57804,38.40258],[-122.578,38.40265],[-122.57797,38.40278],[-122.57785,38.40305],[-122.57782,38.40315],[-122.57781,38.40318],[-122.57777,38.40323],[-122.57773,38.40325],[-122.57767,38.40327],[-122.57767,38.40338],[-122.57769,38.4037],[-122.57769,38.40379],[-122.57769,38.40397],[-122.57772,38.40423],[-122.57777,38.40449],[-122.57782,38.40466],[-122.57787,38.40481],[-122.57792,38.405],[-122.57792,38.40505],[-122.57793,38.40509],[-122.57794,38.40516],[-122.57796,38.40523],[-122.578,38.40529],[-122.57812,38.40543],[-122.57821,38.40556],[-122.57833,38.40576],[-122.57836,38.40585],[-122.57836,38.40594],[-122.57835,38.40602],[-122.57835,38.40607],[-122.57836,38.40612],[-122.57837,38.40618],[-122.5784,38.40623],[-122.57845,38.40629],[-122.57846,38.40633],[-122.57845,38.40638],[-122.57844,38.40642],[-122.5784,38.40646],[-122.57838,38.40647],[-122.57829,38.40653],[-122.5782,38.40658],[-122.57816,38.4066],[-122.57813,38.40663],[-122.5781,38.40667],[-122.57808,38.40671],[-122.57808,38.40677],[-122.57809,38.4068],[-122.57813,38.40685],[-122.57818,38.4069],[-122.57829,38.40696],[-122.57841,38.40704],[-122.57843,38.40709],[-122.57844,38.40715],[-122.57835,38.40735],[-122.57832,38.40738],[-122.57827,38.40741],[-122.57821,38.40744],[-122.57813,38.40745],[-122.57797,38.40749],[-122.57774,38.40756],[-122.57765,38.40761],[-122.57759,38.40766],[-122.57755,38.40768],[-122.57748,38.4077],[-122.57743,38.40771],[-122.57736,38.40769],[-122.57702,38.40756],[-122.5769,38.40754],[-122.57682,38.40754],[-122.57653,38.40756],[-122.5762,38.4076],[-122.57617,38.40761],[-122.57609,38.40764],[-122.57603,38.40767],[-122.57597,38.40772],[-122.57593,38.40775],[-122.57592,38.40777],[-122.57588,38.40782],[-122.57582,38.40795],[-122.57576,38.40806],[-122.57566,38.40821],[-122.57563,38.40824],[-122.57556,38.40827],[-122.57551,38.40828],[-122.57546,38.40828],[-122.57539,38.40827],[-122.57535,38.40825],[-122.57531,38.40822],[-122.57521,38.40809],[-122.57517,38.40806],[-122.5751,38.40803],[-122.57505,38.40802],[-122.57498,38.40802],[-122.57491,38.40803],[-122.57484,38.40806],[-122.57475,38.40811],[-122.5747,38.40815],[-122.57462,38.40824],[-122.57459,38.40826],[-122.57454,38.40828],[-122.57452,38.40828],[-122.57446,38.40828],[-122.57433,38.40824],[-122.57425,38.40824],[-122.57388,38.40829],[-122.57383,38.4083],[-122.57373,38.40834],[-122.57367,38.40837],[-122.57361,38.40842],[-122.57354,38.40849],[-122.57351,38.40855],[-122.57345,38.40868],[-122.57339,38.40882],[-122.57337,38.40892],[-122.57335,38.40908],[-122.57339,38.40951],[-122.57339,38.40953],[-122.57337,38.4096],[-122.57334,38.40964],[-122.57337,38.40975],[-122.57343,38.40991],[-122.57347,38.41],[-122.57353,38.41014],[-122.57367,38.41041],[-122.57384,38.41063],[-122.57406,38.41095],[-122.57427,38.41126],[-122.5743,38.41131],[-122.57439,38.41147],[-122.57443,38.41153],[-122.57453,38.41172],[-122.5747,38.41206],[-122.57488,38.4125],[-122.57503,38.41282],[-122.57514,38.41313],[-122.57517,38.4132],[-122.57519,38.41336],[-122.57519,38.4136],[-122.57518,38.41387],[-122.57518,38.41411],[-122.57518,38.41415],[-122.57518,38.41425],[-122.5752,38.41436],[-122.57523,38.41447],[-122.57544,38.41485],[-122.57548,38.4149],[-122.57554,38.415],[-122.5756,38.41514],[-122.57561,38.41526],[-122.57561,38.4154],[-122.5756,38.41552],[-122.57557,38.41563],[-122.57552,38.41579],[-122.57546,38.41589],[-122.57524,38.41637],[-122.57521,38.41644],[-122.57514,38.41658],[-122.57506,38.41679],[-122.57502,38.41697],[-122.57501,38.41709],[-122.575,38.41735],[-122.57499,38.41762],[-122.57494,38.4179],[-122.57491,38.41799],[-122.57485,38.41806],[-122.5748,38.41812],[-122.57469,38.41829],[-122.57439,38.41872],[-122.57426,38.4189],[-122.57395,38.41935],[-122.57339,38.42017],[-122.57328,38.42034],[-122.57288,38.4209],[-122.57256,38.42139],[-122.57239,38.42165],[-122.57213,38.42202],[-122.57208,38.42207],[-122.57204,38.4221],[-122.572,38.42212],[-122.57195,38.42214],[-122.57187,38.42215],[-122.57182,38.42214],[-122.57167,38.42207],[-122.57075,38.42162],[-122.57035,38.42143],[-122.57023,38.42138],[-122.5702,38.42136],[-122.57015,38.42135],[-122.57008,38.42134],[-122.57005,38.42133],[-122.57003,38.42133],[-122.57002,38.42133],[-122.56988,38.42134],[-122.56979,38.42136],[-122.5697,38.4214],[-122.56964,38.42144],[-122.56929,38.42196],[-122.56916,38.42214],[-122.56812,38.42369],[-122.56779,38.42416],[-122.56761,38.42442],[-122.56734,38.42483],[-122.56655,38.426],[-122.56601,38.42678],[-122.56592,38.42691],[-122.56523,38.42797],[-122.56416,38.42953],[-122.56435,38.42961],[-122.56493,38.42986],[-122.56512,38.42994],[-122.56577,38.43021],[-122.56744,38.43091],[-122.56758,38.43065],[-122.56775,38.4304],[-122.56781,38.43031],[-122.56784,38.43027],[-122.56816,38.42978],[-122.56846,38.42935],[-122.56856,38.42919],[-122.56887,38.42874],[-122.56901,38.42855],[-122.5691,38.42842],[-122.56747,38.42773],[-122.56882,38.42573],[-122.5695,38.42473],[-122.57085,38.42273],[-122.57241,38.42338],[-122.57275,38.42288],[-122.57281,38.42291],[-122.57291,38.42276],[-122.5734,38.423],[-122.57603,38.42428],[-122.58108,38.41699],[-122.58181,38.41586],[-122.58894,38.42012],[-122.59067,38.42115],[-122.59312,38.42107],[-122.59711,38.41124],[-122.59751,38.41026],[-122.5974,38.41018],[-122.59725,38.41006],[-122.59715,38.40994],[-122.59707,38.40984],[-122.597,38.40976],[-122.59686,38.40968],[-122.59676,38.40961],[-122.59664,38.40943],[-122.59654,38.4093],[-122.59651,38.40921],[-122.59649,38.40912],[-122.59649,38.40904],[-122.59654,38.40898],[-122.59663,38.40889],[-122.59667,38.40883],[-122.59667,38.40878],[-122.59663,38.40865],[-122.59664,38.40857],[-122.59667,38.40852],[-122.59674,38.40847],[-122.59697,38.40836],[-122.59728,38.40826],[-122.59792,38.40797],[-122.59837,38.40759],[-122.5986,38.40732],[-122.59889,38.40703],[-122.599,38.40692],[-122.59918,38.40645],[-122.59937,38.40594],[-122.60029,38.40348],[-122.60043,38.4031]]]},"properties":{"GEOID":"060971516021002","POP100":73,"HU100":47,"TRACT":"151602"}},{"type":"Feature","geometry":{"type":"Polygon","coordinates":[[[-122.59783,38.4106],[-122.59782,38.41051],[-122.59777,38.41043],[-122.59766,38.41035],[-122.59751,38.41026],[-122.59711,38.41124],[-122.59728,38.41122],[-122.59749,38.41116],[-122.59773,38.41103],[-122.5978,38.41089],[-122.59781,38.4108],[-122.59783,38.4106]]]},"properties":{"GEOID":"060971516023033","POP100":0,"HU100":0,"TRACT":"151602"}},{"type":"Feature","geometry":{"type":"Polygon","coordinates":[[[-122.51591,38.43738],[-122.51591,38.43734],[-122.51588,38.43728],[-122.51583,38.43726],[-122.5158,38.43726],[-122.51554,38.43724],[-122.51543,38.43729],[-122.51511,38.43742],[-122.51494,38.43747],[-122.51478,38.43751],[-122.51463,38.43752],[-122.51448,38.43751],[-122.51437,38.43748],[-122.51428,38.43744],[-122.51421,38.4374],[-122.51413,38.43724],[-122.51408,38.43718],[-122.51402,38.43713],[-122.51393,38.4371],[-122.51375,38.43708],[-122.51346,38.43702],[-122.51329,38.43697],[-122.51323,38.43692],[-122.51322,38.43668],[-122.51318,38.43656],[-122.51307,38.4364],[-122.51305,38.43633],[-122.51302,38.43628],[-122.5129,38.4362],[-122.51285,38.43618],[-122.51267,38.43617],[-122.51253,38.43617],[-122.51193,38.43626],[-122.51185,38.43627],[-122.51166,38.43628],[-122.51147,38.43626],[-122.51142,38.43624],[-122.5114,38.43619],[-122.51141,38.436],[-122.51131,38.43582],[-122.51126,38.43577],[-122.51121,38.43573],[-122.51106,38.43566],[-122.5108,38.43557],[-122.51063,38.43548],[-122.5105,38.43531],[-122.51028,38.43531],[-122.51002,38.43535],[-122.50979,38.43548],[-122.50969,38.43554],[-122.50955,38.43557],[-122.5095,38.43556],[-122.50946,38.43555],[-122.50934,38.43539],[-122.50931,38.43537],[-122.50917,38.43535],[-122.50907,38.43538],[-122.50897,38.43543],[-122.5088,38.43555],[-122.5086,38.43567],[-122.50841,38.43575],[-122.50831,38.43581],[-122.50812,38.43581],[-122.50792,38.43579],[-122.50784,38.43579],[-122.50776,38.4358],[-122.50773,38.43582],[-122.50769,38.43584],[-122.50767,38.43585],[-122.50752,38.43596],[-122.50739,38.43599],[-122.50735,38.43599],[-122.50732,38.43596],[-122.50726,38.43594],[-122.50723,38.43591],[-122.50719,38.4359],[-122.50702,38.4359],[-122.50688,38.43595],[-122.50684,38.436],[-122.50674,38.43621],[-122.50672,38.43624],[-122.50662,38.43631],[-122.50656,38.43633],[-122.50647,38.43633],[-122.50589,38.43629],[-122.5058,38.4363],[-122.50554,38.43634],[-122.50529,38.43636],[-122.50487,38.43638],[-122.50464,38.43641],[-122.50449,38.43645],[-122.50438,38.43649],[-122.50431,38.43656],[-122.50428,38.43661],[-122.50424,38.43681],[-122.50421,38.4369],[-122.50418,38.43693],[-122.50409,38.43698],[-122.50401,38.43699],[-122.50371,38.43697],[-122.50354,38.437],[-122.5032,38.43717],[-122.50297,38.43723],[-122.5029,38.43726],[-122.50287,38.43728],[-122.50285,38.43737],[-122.50278,38.43738],[-122.50272,38.43738],[-122.50257,38.43734],[-122.50245,38.4373],[-122.50222,38.43725],[-122.50207,38.43716],[-122.50199,38.4371],[-122.5019,38.43708],[-122.50171,38.43707],[-122.50165,38.43705],[-122.50161,38.43704],[-122.5015,38.43696],[-122.50135,38.43691],[-122.50123,38.43691],[-122.50118,38.43693],[-122.50116,38.43696],[-122.50113,38.43714],[-122.50111,38.43719],[-122.50109,38.43721],[-122.50088,38.43722],[-122.50077,38.43721],[-122.50056,38.43716],[-122.50045,38.43715],[-122.50032,38.43716],[-122.50029,38.43719],[-122.5002,38.43723],[-122.50013,38.43727],[-122.4999,38.43768],[-122.49951,38.4382],[-122.4994,38.43832],[-122.49902,38.43863],[-122.49891,38.43876],[-122.49883,38.43888],[-122.49876,38.43899],[-122.49866,38.43916],[-122.4986,38.43923],[-122.49833,38.43943],[-122.49815,38.43964],[-122.49796,38.43982],[-122.49789,38.43987],[-122.49784,38.43989],[-122.49769,38.43991],[-122.49776,38.43994],[-122.49778,38.43993],[-122.49784,38.43993],[-122.4979,38.43991],[-122.49796,38.43987],[-122.49818,38.43981],[-122.49834,38.43978],[-122.49859,38.43972],[-122.49874,38.43969],[-122.49885,38.43966],[-122.49887,38.43964],[-122.49894,38.43958],[-122.499,38.43948],[-122.49906,38.4394],[-122.49913,38.43933],[-122.49925,38.43921],[-122.49945,38.43904],[-122.49964,38.43887],[-122.49973,38.43875],[-122.4998,38.43864],[-122.49995,38.43831],[-122.49996,38.4383],[-122.49999,38.43824],[-122.50012,38.43809],[-122.50028,38.43792],[-122.50056,38.43769],[-122.50069,38.4376],[-122.50088,38.43746],[-122.50105,38.43735],[-122.50132,38.4372],[-122.50135,38.43719],[-122.50143,38.43716],[-122.50158,38.43713],[-122.50168,38.43712],[-122.50179,38.43713],[-122.50193,38.43716],[-122.50212,38.43724],[-122.50249,38.43735],[-122.50275,38.43744],[-122.50294,38.4375],[-122.50302,38.43751],[-122.50311,38.43752],[-122.5032,38.4375],[-122.50332,38.43749],[-122.50342,38.4375],[-122.50354,38.43754],[-122.50368,38.43759],[-122.50386,38.43769],[-122.50407,38.43783],[-122.5045,38.43802],[-122.50461,38.43808],[-122.50496,38.43829],[-122.50527,38.43848],[-122.50548,38.43861],[-122.50559,38.43871],[-122.50566,38.43882],[-122.50574,38.43889],[-122.50582,38.43891],[-122.50591,38.43889],[-122.50598,38.43885],[-122.50611,38.43877],[-122.50624,38.4387],[-122.50641,38.43862],[-122.50655,38.43858],[-122.50667,38.43855],[-122.50718,38.43852],[-122.50762,38.4385],[-122.50765,38.4385],[-122.50811,38.4385],[-122.50831,38.43848],[-122.50844,38.43845],[-122.50851,38.43841],[-122.50854,38.43834],[-122.50854,38.43828],[-122.50824,38.43763],[-122.50813,38.4373],[-122.50812,38.43725],[-122.50813,38.43723],[-122.50814,38.43717],[-122.50841,38.4368],[-122.50844,38.43677],[-122.50849,38.43672],[-122.50856,38.43668],[-122.50862,38.43665],[-122.5087,38.43662],[-122.50877,38.4366],[-122.50955,38.43649],[-122.50964,38.43649],[-122.5097,38.43649],[-122.51003,38.43653],[-122.51057,38.43659],[-122.51065,38.4366],[-122.51077,38.43663],[-122.51113,38.43678],[-122.51134,38.43685],[-122.51178,38.43696],[-122.51244,38.43715],[-122.51267,38.43725],[-122.51282,38.43732],[-122.51321,38.43753],[-122.51338,38.43761],[-122.51351,38.43767],[-122.51367,38.43772],[-122.51384,38.43777],[-122.51411,38.43781],[-122.51427,38.43781],[-122.51437,38.43781],[-122.51453,38.4378],[-122.51508,38.43778],[-122.51576,38.43772],[-122.51578,38.43762],[-122.51582,38.43753],[-122.51589,38.43744],[-122.51591,38.43738]]]},"properties":{"GEOID":"060971516012009","POP100":0,"HU100":0,"TRACT":"151601"}},{"type":"Feature","geometry":{"type":"Polygon","coordinates":[[[-122.63461,38.42525],[-122.635,38.42518],[-122.63412,38.4242],[-122.63396,38.42424],[-122.63373,38.42433],[-122.63331,38.42453],[-122.63304,38.42467],[-122.6329,38.42476],[-122.63279,38.42482],[-122.63216,38.42516],[-122.63205,38.42524],[-122.63195,38.4253],[-122.63183,38.42536],[-122.63173,38.42539],[-122.63136,38.42548],[-122.63129,38.42552],[-122.63123,38.42556],[-122.63119,38.42562],[-122.63118,38.42569],[-122.63118,38.42572],[-122.63125,38.42597],[-122.63125,38.42603],[-122.63124,38.42611],[-122.63121,38.42617],[-122.63121,38.42627],[-122.63123,38.42634],[-122.63126,38.42638],[-122.63129,38.42641],[-122.63131,38.42642],[-122.63142,38.42645],[-122.63152,38.4265],[-122.63171,38.4266],[-122.63176,38.42662],[-122.63182,38.42663],[-122.6319,38.42662],[-122.63196,38.42661],[-122.63208,38.42655],[-122.63214,38.42654],[-122.63224,38.42653],[-122.6325,38.42654],[-122.63259,38.42653],[-122.63273,38.4265],[-122.63279,38.42649],[-122.63302,38.42643],[-122.63308,38.42642],[-122.63313,38.42642],[-122.63321,38.42644],[-122.63339,38.42655],[-122.63366,38.42625],[-122.6337,38.42619],[-122.6338,38.42605],[-122.63419,38.42548],[-122.63461,38.42525]]]},"properties":{"GEOID":"060971516023016","POP100":0,"HU100":0,"TRACT":"151602"}},{"type":"Feature","geometry":{"type":"Polygon","coordinates":[[[-122.55684,38.40961],[-122.55685,38.40958],[-122.55684,38.40951],[-122.55682,38.40948],[-122.5568,38.40946],[-122.55677,38.40943],[-122.5567,38.40937],[-122.55654,38.40922],[-122.55645,38.40911],[-122.55639,38.40903],[-122.55634,38.40896],[-122.55631,38.40889],[-122.55629,38.40881],[-122.55629,38.40875],[-122.55631,38.4086],[-122.55633,38.40847],[-122.55632,38.40834],[-122.55631,38.40823],[-122.5563,38.40817],[-122.55624,38.40803],[-122.55615,38.40784],[-122.55612,38.40779],[-122.55608,38.40772],[-122.55606,38.40752],[-122.55606,38.40733],[-122.55608,38.40711],[-122.55607,38.40702],[-122.55605,38.40696],[-122.55602,38.40691],[-122.55598,38.40686],[-122.55596,38.40684],[-122.55591,38.4068],[-122.55576,38.40672],[-122.55571,38.40668],[-122.55567,38.40664],[-122.55564,38.40659],[-122.55562,38.40653],[-122.55562,38.40651],[-122.55566,38.40638],[-122.55572,38.40626],[-122.55574,38.4062],[-122.55576,38.40616],[-122.55578,38.40609],[-122.55576,38.40608],[-122.55557,38.40601],[-122.55551,38.40599],[-122.55535,38.40594],[-122.55526,38.40589],[-122.55524,38.40588],[-122.55521,38.40579],[-122.55514,38.40567],[-122.55511,38.40561],[-122.55509,38.4056],[-122.55477,38.40546],[-122.55464,38.40536],[-122.55461,38.40534],[-122.55445,38.40522],[-122.55433,38.40511],[-122.5529,38.40386],[-122.55279,38.404],[-122.55274,38.40403],[-122.55268,38.40408],[-122.55258,38.40414],[-122.55209,38.40425],[-122.55199,38.40428],[-122.55161,38.40441],[-122.55153,38.40445],[-122.55144,38.40452],[-122.5512,38.40474],[-122.55117,38.4048],[-122.55113,38.4049],[-122.55114,38.40506],[-122.55117,38.40522],[-122.55122,38.40529],[-122.55133,38.40542],[-122.55154,38.40557],[-122.55164,38.40561],[-122.55187,38.40575],[-122.55225,38.40594],[-122.55247,38.40605],[-122.55261,38.40614],[-122.5527,38.40618],[-122.55344,38.40651],[-122.55351,38.40656],[-122.55373,38.40671],[-122.55395,38.40694],[-122.55398,38.407],[-122.55401,38.40702],[-122.55402,38.40706],[-122.55408,38.40715],[-122.55416,38.40732],[-122.55422,38.40748],[-122.55425,38.40777],[-122.55423,38.408],[-122.55417,38.40821],[-122.55409,38.40837],[-122.55398,38.40849],[-122.5539,38.40856],[-122.55382,38.40866],[-122.55372,38.40882],[-122.55365,38.40906],[-122.55364,38.40909],[-122.55353,38.40954],[-122.55352,38.40963],[-122.55353,38.40983],[-122.55356,38.41007],[-122.55363,38.41025],[-122.55379,38.41065],[-122.55383,38.41078],[-122.55383,38.4108],[-122.55383,38.41097],[-122.55397,38.41096],[-122.55416,38.41095],[-122.55451,38.41091],[-122.55503,38.41083],[-122.55538,38.41077],[-122.55565,38.41071],[-122.55575,38.41068],[-122.55585,38.41063],[-122.55601,38.41052],[-122.55632,38.41028],[-122.55645,38.41017],[-122.55653,38.41009],[-122.55664,38.40996],[-122.55672,38.40983],[-122.55677,38.40975],[-122.55684,38.40961]]]},"properties":{"GEOID":"060971516021015","POP100":7,"HU100":4,"TRACT":"151602"}},{"type":"Feature","geometry":{"type":"Polygon","coordinates":[[[-122.55748,38.39929],[-122.55718,38.39879],[-122.5555,38.39595],[-122.55225,38.39598],[-122.55207,38.39588],[-122.55208,38.39598],[-122.5521,38.39605],[-122.55219,38.39633],[-122.55222,38.3964],[-122.55228,38.39656],[-122.55248,38.39693],[-122.55254,38.39705],[-122.55257,38.39717],[-122.55258,38.39726],[-122.55259,38.3973],[-122.55254,38.39753],[-122.55251,38.39771],[-122.5525,38.3979],[-122.55252,38.39816],[-122.55259,38.39833],[-122.55262,38.39839],[-122.55271,38.39858],[-122.55282,38.3988],[-122.55289,38.399],[-122.5529,38.39906],[-122.55289,38.39912],[-122.55522,38.39921],[-122.55748,38.39929]]]},"properties":{"GEOID":"060971516021016","POP100":26,"HU100":29,"TRACT":"151602"}},{"type":"Feature","geometry":{"type":"Polygon","coordinates":[[[-122.60061,38.40261],[-122.60066,38.40249],[-122.59882,38.4018],[-122.60061,38.40261]]]},"properties":{"GEOID":"060971516021018","POP100":0,"HU100":0,"TRACT":"151602"}},{"type":"Feature","geometry":{"type":"Polygon","coordinates":[[[-122.57471,38.46373],[-122.57469,38.46331],[-122.57463,38.45738],[-122.57463,38.45676],[-122.57452,38.45677],[-122.57439,38.45679],[-122.57434,38.4568],[-122.5736,38.45717],[-122.57331,38.45733],[-122.57301,38.45746],[-122.5727,38.45759],[-122.57249,38.45767],[-122.57216,38.45777],[-122.57143,38.45797],[-122.57138,38.458],[-122.57136,38.45802],[-122.57135,38.45804],[-122.57134,38.45808],[-122.57134,38.45811],[-122.57136,38.45815],[-122.57138,38.45817],[-122.5714,38.45819],[-122.57181,38.45829],[-122.5719,38.45833],[-122.57197,38.45839],[-122.57201,38.45844],[-122.57203,38.45849],[-122.57205,38.45857],[-122.57205,38.45863],[-122.57203,38.45871],[-122.57202,38.45873],[-122.57118,38.45977],[-122.57102,38.45996],[-122.57093,38.46005],[-122.57081,38.46013],[-122.57072,38.46017],[-122.57057,38.46023],[-122.57028,38.4603],[-122.57007,38.46034],[-122.56975,38.46039],[-122.56965,38.46039],[-122.56957,38.46039],[-122.56946,38.46036],[-122.56942,38.46034],[-122.5692,38.46029],[-122.56908,38.46029],[-122.569,38.4603],[-122.56893,38.46032],[-122.56882,38.46036],[-122.56873,38.46042],[-122.56871,38.46044],[-122.56866,38.46052],[-122.56863,38.46061],[-122.56862,38.46068],[-122.56863,38.46077],[-122.56867,38.46087],[-122.56873,38.46096],[-122.56878,38.46101],[-122.56889,38.46114],[-122.5691,38.46136],[-122.56925,38.46149],[-122.56949,38.46173],[-122.56976,38.46194],[-122.56982,38.462],[-122.56988,38.46204],[-122.57022,38.46219],[-122.57052,38.46234],[-122.57059,38.46239],[-122.57068,38.46246],[-122.57077,38.46255],[-122.57089,38.46264],[-122.57097,38.46269],[-122.57122,38.46281],[-122.57135,38.46288],[-122.57144,38.46296],[-122.57151,38.46304],[-122.57163,38.46321],[-122.57165,38.46331],[-122.57166,38.46339],[-122.57167,38.46345],[-122.5717,38.46352],[-122.57471,38.46373]]]},"properties":{"GEOID":"060971516012003","POP100":0,"HU100":0,"TRACT":"151601"}},{"type":"Feature","geometry":{"type":"Polygon","coordinates":[[[-122.61331,38.44303],[-122.61333,38.44286],[-122.61331,38.44278],[-122.61327,38.44269],[-122.61317,38.44254],[-122.61312,38.44247],[-122.61299,38.44235],[-122.61265,38.4421],[-122.61249,38.44198],[-122.61224,38.44181],[-122.61216,38.44176],[-122.61208,38.4417],[-122.61201,38.44164],[-122.61189,38.44147],[-122.61185,38.44136],[-122.6118,38.4413],[-122.61172,38.44115],[-122.61165,38.44108],[-122.61161,38.44101],[-122.61154,38.44095],[-122.61148,38.44091],[-122.61122,38.4408],[-122.61105,38.44077],[-122.61082,38.44074],[-122.6106,38.44074],[-122.61061,38.44079],[-122.61057,38.4409],[-122.61047,38.44107],[-122.61028,38.44134],[-122.61027,38.44137],[-122.61027,38.44143],[-122.61027,38.44149],[-122.61028,38.44157],[-122.61034,38.44169],[-122.61039,38.44175],[-122.61044,38.44178],[-122.61052,38.4418],[-122.61063,38.44187],[-122.61068,38.4419],[-122.61074,38.44196],[-122.61082,38.44199],[-122.61096,38.44208],[-122.61101,38.44211],[-122.61106,38.44213],[-122.61119,38.44219],[-122.61125,38.44225],[-122.61131,38.4423],[-122.61135,38.44234],[-122.61141,38.44237],[-122.61148,38.44241],[-122.61153,38.44247],[-122.61163,38.44262],[-122.61169,38.44268],[-122.61178,38.44271],[-122.61204,38.44287],[-122.61212,38.44293],[-122.6122,38.44298],[-122.61236,38.44308],[-122.61258,38.44324],[-122.61277,38.4433],[-122.61285,38.4433],[-122.61305,38.44326],[-122.61314,38.44322],[-122.61327,38.44312],[-122.61331,38.44303]]]},"properties":{"GEOID":"060971516023011","POP100":48,"HU100":24,"TRACT":"151602"}},{"type":"Feature","geometry":{"type":"Polygon","coordinates":[[[-122.57643,38.4332],[-122.57598,38.433],[-122.5763,38.43248],[-122.5755,38.43213],[-122.57529,38.4325],[-122.57505,38.43291],[-122.57501,38.43297],[-122.57446,38.43387],[-122.57473,38.43399],[-122.57482,38.43403],[-122.57492,38.43407],[-122.57549,38.43431],[-122.57567,38.43439],[-122.57643,38.4332]]]},"properties":{"GEOID":"060971516021006","POP100":27,"HU100":11,"TRACT":"151602"}},{"type":"Feature","geometry":{"type":"Polygon","coordinates":[[[-122.55394,38.43691],[-122.55447,38.43612],[-122.55343,38.43352],[-122.55305,38.43349],[-122.55267,38.43347],[-122.5526,38.43348],[-122.55233,38.43357],[-122.55211,38.43363],[-122.55161,38.4337],[-122.55158,38.43361],[-122.55143,38.43379],[-122.55111,38.43413],[-122.55104,38.43419],[-122.55103,38.43419],[-122.55078,38.43433],[-122.55067,38.43443],[-122.55049,38.43461],[-122.55017,38.43497],[-122.54999,38.43511],[-122.54993,38.43514],[-122.54971,38.43527],[-122.54969,38.43529],[-122.54941,38.43555],[-122.54929,38.43565],[-122.54921,38.43571],[-122.54913,38.43577],[-122.54907,38.43579],[-122.54902,38.43584],[-122.54898,38.43587],[-122.5489,38.43591],[-122.54872,38.43602],[-122.5486,38.43608],[-122.54856,38.4361],[-122.54851,38.43611],[-122.54838,38.4362],[-122.54774,38.43654],[-122.54772,38.43656],[-122.5476,38.43664],[-122.54748,38.4367],[-122.54743,38.43674],[-122.54735,38.43679],[-122.54676,38.43718],[-122.54663,38.43727],[-122.54645,38.43743],[-122.54616,38.43775],[-122.54609,38.43784],[-122.54605,38.43794],[-122.54601,38.43798],[-122.54599,38.43806],[-122.54594,38.43812],[-122.5458,38.43829],[-122.54577,38.43833],[-122.54569,38.43837],[-122.54559,38.4384],[-122.54511,38.43853],[-122.54487,38.43861],[-122.54475,38.43868],[-122.5446,38.4388],[-122.54437,38.43902],[-122.54395,38.43954],[-122.5439,38.43963],[-122.54376,38.4398],[-122.54307,38.44057],[-122.54302,38.44064],[-122.54297,38.44073],[-122.54291,38.4409],[-122.54283,38.44124],[-122.54277,38.44154],[-122.54273,38.44191],[-122.54271,38.44194],[-122.5427,38.44199],[-122.54265,38.44209],[-122.54258,38.44217],[-122.5425,38.44224],[-122.54242,38.44229],[-122.54219,38.44234],[-122.542,38.4424],[-122.54176,38.44245],[-122.54155,38.44249],[-122.54146,38.4425],[-122.5414,38.44249],[-122.54123,38.4425],[-122.54113,38.44246],[-122.54111,38.44246],[-122.54105,38.44242],[-122.54098,38.4424],[-122.54092,38.44237],[-122.54088,38.44235],[-122.54083,38.44232],[-122.5408,38.44229],[-122.54077,38.44226],[-122.54071,38.44222],[-122.54042,38.44204],[-122.54019,38.44196],[-122.54002,38.44193],[-122.53919,38.44188],[-122.53897,38.44187],[-122.53857,38.44186],[-122.53839,38.44185],[-122.53824,38.44182],[-122.53806,38.44174],[-122.53774,38.44155],[-122.53757,38.44149],[-122.53753,38.44148],[-122.53723,38.44146],[-122.53689,38.44147],[-122.53674,38.44148],[-122.53672,38.44149],[-122.5366,38.44153],[-122.53623,38.44162],[-122.53595,38.44164],[-122.53559,38.44166],[-122.53539,38.4417],[-122.53531,38.44176],[-122.53515,38.44188],[-122.53511,38.4419],[-122.53509,38.44192],[-122.53498,38.44198],[-122.53487,38.44202],[-122.53486,38.44204],[-122.53467,38.44213],[-122.53451,38.44223],[-122.5343,38.44234],[-122.53427,38.44237],[-122.53419,38.44241],[-122.53412,38.44247],[-122.53401,38.44253],[-122.53354,38.44272],[-122.53346,38.44277],[-122.53336,38.44281],[-122.53332,38.44283],[-122.53319,38.44287],[-122.53307,38.44291],[-122.53277,38.44294],[-122.53256,38.44294],[-122.53216,38.44292],[-122.53201,38.44292],[-122.53178,38.44307],[-122.53172,38.44313],[-122.53161,38.44327],[-122.53157,38.44338],[-122.53154,38.44341],[-122.53152,38.44396],[-122.53158,38.44413],[-122.53167,38.44462],[-122.53173,38.44475],[-122.53194,38.44481],[-122.53214,38.44491],[-122.53226,38.44501],[-122.5323,38.44507],[-122.53233,38.44513],[-122.53233,38.44526],[-122.53233,38.44548],[-122.53229,38.44569],[-122.53219,38.44607],[-122.53212,38.44624],[-122.53205,38.44636],[-122.53183,38.44665],[-122.53181,38.44672],[-122.53172,38.44681],[-122.53166,38.44691],[-122.53133,38.44758],[-122.53121,38.44797],[-122.53108,38.44815],[-122.53103,38.44821],[-122.53096,38.44828],[-122.53085,38.44835],[-122.5305,38.44845],[-122.53049,38.44848],[-122.53035,38.44853],[-122.53018,38.44862],[-122.53012,38.44866],[-122.52996,38.44881],[-122.52993,38.44884],[-122.52982,38.44896],[-122.52958,38.44942],[-122.52945,38.44953],[-122.52939,38.44961],[-122.52935,38.44963],[-122.52925,38.44978],[-122.52913,38.45002],[-122.52912,38.45008],[-122.52912,38.45028],[-122.52914,38.45037],[-122.52918,38.4505],[-122.52931,38.45074],[-122.52933,38.45084],[-122.52935,38.45096],[-122.52934,38.45123],[-122.52931,38.45141],[-122.52926,38.45158],[-122.52917,38.45174],[-122.529,38.45199],[-122.52895,38.45203],[-122.52891,38.45205],[-122.52882,38.45207],[-122.52852,38.45213],[-122.52843,38.45217],[-122.52838,38.4522],[-122.52835,38.45223],[-122.52831,38.45232],[-122.52827,38.4525],[-122.52825,38.45281],[-122.52817,38.45313],[-122.52802,38.45335],[-122.5277,38.45359],[-122.52741,38.45377],[-122.52735,38.4538],[-122.52731,38.45381],[-122.52721,38.45387],[-122.52705,38.45398],[-122.52697,38.45401],[-122.52684,38.4541],[-122.52668,38.45425],[-122.52664,38.4543],[-122.52647,38.4546],[-122.52645,38.45462],[-122.52642,38.45462],[-122.5263,38.4548],[-122.52623,38.45486],[-122.52603,38.45496],[-122.52596,38.45497],[-122.52566,38.45499],[-122.52558,38.45501],[-122.52549,38.45506],[-122.52519,38.45534],[-122.52504,38.45549],[-122.52492,38.45559],[-122.52489,38.45564],[-122.52483,38.45568],[-122.52475,38.4558],[-122.52468,38.45592],[-122.52466,38.45599],[-122.52464,38.45629],[-122.52463,38.45663],[-122.52464,38.45673],[-122.5247,38.45691],[-122.52478,38.45708],[-122.52486,38.45724],[-122.52502,38.45738],[-122.5251,38.45741],[-122.52518,38.45747],[-122.52538,38.45767],[-122.52541,38.45771],[-122.52547,38.45786],[-122.5255,38.45789],[-122.52553,38.45795],[-122.52571,38.45812],[-122.52598,38.4585],[-122.526,38.45855],[-122.52603,38.4587],[-122.52593,38.4589],[-122.52582,38.45902],[-122.52552,38.45924],[-122.52519,38.45951],[-122.52502,38.45968],[-122.525,38.45974],[-122.52498,38.45982],[-122.52498,38.45993],[-122.525,38.46012],[-122.52497,38.46023],[-122.52488,38.46038],[-122.52483,38.46051],[-122.52481,38.46061],[-122.5248,38.46069],[-122.52481,38.46091],[-122.52517,38.46114],[-122.52524,38.46117],[-122.52542,38.46119],[-122.52558,38.46125],[-122.52569,38.46133],[-122.52588,38.46156],[-122.52592,38.46159],[-122.52597,38.46162],[-122.52632,38.46171],[-122.52642,38.46176],[-122.52651,38.46182],[-122.5266,38.46192],[-122.52666,38.46205],[-122.52667,38.46216],[-122.52665,38.46226],[-122.52657,38.46253],[-122.52654,38.46273],[-122.52659,38.46288],[-122.52666,38.46298],[-122.52668,38.46308],[-122.52669,38.46318],[-122.5266,38.46347],[-122.52659,38.46358],[-122.52662,38.46369],[-122.52673,38.46387],[-122.52677,38.46397],[-122.5268,38.46413],[-122.52677,38.46423],[-122.52674,38.46427],[-122.5266,38.46437],[-122.52584,38.4647],[-122.52571,38.46479],[-122.52566,38.46484],[-122.5256,38.4649],[-122.52556,38.46496],[-122.52553,38.46524],[-122.52551,38.46533],[-122.52547,38.46542],[-122.52541,38.46553],[-122.52538,38.46556],[-122.52512,38.46571],[-122.52497,38.46583],[-122.52489,38.46587],[-122.52483,38.46592],[-122.52481,38.46595],[-122.52471,38.466],[-122.52465,38.46605],[-122.52461,38.4661],[-122.52454,38.46616],[-122.52441,38.46639],[-122.52434,38.46647],[-122.52425,38.46653],[-122.52411,38.46659],[-122.52404,38.46661],[-122.52365,38.46665],[-122.52297,38.46677],[-122.52268,38.46683],[-122.52147,38.46722],[-122.52132,38.46726],[-122.5212,38.46728],[-122.52084,38.46731],[-122.52034,38.46728],[-122.52021,38.46729],[-122.51979,38.46738],[-122.51967,38.4674],[-122.51882,38.46745],[-122.51868,38.46744],[-122.51847,38.46741],[-122.51811,38.46737],[-122.51776,38.46727],[-122.51692,38.46712],[-122.51657,38.46704],[-122.51629,38.46693],[-122.51573,38.46672],[-122.51542,38.46656],[-122.51501,38.46629],[-122.5147,38.46617],[-122.51424,38.46609],[-122.51394,38.46602],[-122.51346,38.4659],[-122.5133,38.46584],[-122.51313,38.46579],[-122.51292,38.46575],[-122.51235,38.4657],[-122.51218,38.46568],[-122.51193,38.46561],[-122.51172,38.46552],[-122.51161,38.46545],[-122.51152,38.46536],[-122.51142,38.46519],[-122.51131,38.46497],[-122.51124,38.46489],[-122.51106,38.46479],[-122.51049,38.46472],[-122.51036,38.46495],[-122.51038,38.46534],[-122.51022,38.46547],[-122.50986,38.46578],[-122.50975,38.46601],[-122.51007,38.46653],[-122.51019,38.46673],[-122.51022,38.46691],[-122.5105,38.46729],[-122.51056,38.46729],[-122.51062,38.46726],[-122.51068,38.46722],[-122.51073,38.4672],[-122.51076,38.46718],[-122.51104,38.46716],[-122.51106,38.46718],[-122.51111,38.46724],[-122.51114,38.46725],[-122.51114,38.46732],[-122.51116,38.46738],[-122.51124,38.46747],[-122.51131,38.46752],[-122.51142,38.46754],[-122.51148,38.46756],[-122.51154,38.46758],[-122.51159,38.46758],[-122.51164,38.46761],[-122.51168,38.46766],[-122.51171,38.46771],[-122.51175,38.46775],[-122.51178,38.46778],[-122.51185,38.46779],[-122.51193,38.46783],[-122.51196,38.46786],[-122.51202,38.46795],[-122.51206,38.46798],[-122.51207,38.46801],[-122.51207,38.46806],[-122.51208,38.4681],[-122.51211,38.46813],[-122.51215,38.46818],[-122.51219,38.46824],[-122.51226,38.4683],[-122.51229,38.46833],[-122.51237,38.46835],[-122.51247,38.46836],[-122.51255,38.46838],[-122.51258,38.46838],[-122.51262,38.46838],[-122.51266,38.46839],[-122.51279,38.46845],[-122.51296,38.46856],[-122.51306,38.46862],[-122.51311,38.46866],[-122.51314,38.4687],[-122.51317,38.46874],[-122.5132,38.46879],[-122.51324,38.46883],[-122.51332,38.46884],[-122.51339,38.46886],[-122.51346,38.46888],[-122.51348,38.46889],[-122.5135,38.46889],[-122.51359,38.4689],[-122.51366,38.4689],[-122.51373,38.46889],[-122.51379,38.4689],[-122.51385,38.46894],[-122.51389,38.46901],[-122.51394,38.46905],[-122.51396,38.46907],[-122.51396,38.46911],[-122.51396,38.46919],[-122.51396,38.46926],[-122.51398,38.46931],[-122.51398,38.46936],[-122.51399,38.46941],[-122.51401,38.46943],[-122.51404,38.46947],[-122.5141,38.46951],[-122.51414,38.46954],[-122.51416,38.46961],[-122.51419,38.46966],[-122.51425,38.46971],[-122.51431,38.46978],[-122.51433,38.46981],[-122.5144,38.46985],[-122.51447,38.46991],[-122.51451,38.46994],[-122.51458,38.46997],[-122.51465,38.46999],[-122.51473,38.47001],[-122.51476,38.47002],[-122.51486,38.47004],[-122.51493,38.47006],[-122.51497,38.47006],[-122.51504,38.47008],[-122.5151,38.4701],[-122.51513,38.47012],[-122.51515,38.47014],[-122.51519,38.47018],[-122.51522,38.47023],[-122.51524,38.47027],[-122.5153,38.47034],[-122.51539,38.47043],[-122.51543,38.47049],[-122.51553,38.47059],[-122.5157,38.47072],[-122.5158,38.47079],[-122.51584,38.47081],[-122.51591,38.47088],[-122.516,38.4709],[-122.51606,38.47089],[-122.51609,38.47084],[-122.51616,38.47082],[-122.5163,38.47072],[-122.51638,38.47067],[-122.51643,38.47063],[-122.51645,38.47061],[-122.51654,38.47058],[-122.51666,38.47052],[-122.51679,38.47047],[-122.51682,38.47046],[-122.51697,38.47045],[-122.51718,38.47049],[-122.51725,38.47051],[-122.5173,38.47052],[-122.51738,38.47052],[-122.51745,38.47053],[-122.51752,38.47054],[-122.51764,38.47052],[-122.51776,38.47054],[-122.51784,38.47055],[-122.51794,38.47058],[-122.51801,38.47062],[-122.51807,38.47064],[-122.51813,38.47065],[-122.51824,38.47066],[-122.51833,38.47064],[-122.51843,38.47063],[-122.51858,38.47061],[-122.51867,38.47059],[-122.51875,38.47058],[-122.51876,38.47058],[-122.51883,38.47056],[-122.51887,38.47052],[-122.51892,38.4705],[-122.51896,38.47055],[-122.51898,38.47061],[-122.51898,38.47065],[-122.51902,38.47069],[-122.51906,38.47074],[-122.5191,38.47079],[-122.51913,38.47082],[-122.51918,38.47087],[-122.51921,38.47089],[-122.51929,38.47096],[-122.5195,38.47106],[-122.51966,38.47113],[-122.51971,38.47115],[-122.51976,38.47118],[-122.51984,38.4712],[-122.51991,38.47123],[-122.51997,38.47125],[-122.52004,38.47128],[-122.52006,38.47132],[-122.5201,38.47136],[-122.52015,38.47141],[-122.52023,38.47139],[-122.52043,38.47132],[-122.52053,38.47129],[-122.52076,38.47118],[-122.52091,38.47113],[-122.52099,38.47111],[-122.52133,38.47103],[-122.52201,38.47076],[-122.52264,38.47018],[-122.52308,38.47021],[-122.52357,38.47034],[-122.52375,38.47042],[-122.52393,38.47047],[-122.52412,38.47047],[-122.52419,38.47047],[-122.52432,38.47053],[-122.5248,38.47026],[-122.52491,38.47025],[-122.52501,38.47021],[-122.52514,38.47017],[-122.52521,38.47014],[-122.52537,38.47009],[-122.5254,38.47009],[-122.52542,38.47008],[-122.52552,38.47007],[-122.5257,38.47003],[-122.5258,38.47001],[-122.52584,38.46999],[-122.52589,38.46992],[-122.52594,38.46987],[-122.52602,38.4698],[-122.52606,38.46974],[-122.52616,38.46969],[-122.52626,38.46968],[-122.52636,38.46967],[-122.52648,38.4697],[-122.52659,38.46977],[-122.52669,38.46984],[-122.52676,38.46991],[-122.52681,38.46993],[-122.52687,38.46994],[-122.52696,38.46995],[-122.52704,38.46995],[-122.52715,38.46993],[-122.52722,38.4699],[-122.52733,38.46986],[-122.52743,38.46983],[-122.52758,38.46981],[-122.52769,38.46979],[-122.52785,38.46976],[-122.52794,38.46972],[-122.52803,38.46968],[-122.5281,38.46963],[-122.52823,38.46961],[-122.52829,38.4696],[-122.52839,38.4696],[-122.52857,38.4696],[-122.52886,38.4696],[-122.52904,38.46957],[-122.52921,38.46952],[-122.5295,38.46955],[-122.52951,38.46955],[-122.5296,38.46957],[-122.52963,38.46959],[-122.52963,38.46955],[-122.52983,38.46618],[-122.53998,38.46603],[-122.54501,38.46624],[-122.54461,38.45848],[-122.54399,38.44888],[-122.5526,38.43892],[-122.55394,38.43691]]]},"properties":{"GEOID":"060971516012006","POP100":26,"HU100":27,"TRACT":"151601"}},{"type":"Feature","geometry":{"type":"Polygon","coordinates":[[[-122.58124,38.44022],[-122.58128,38.4401],[-122.57972,38.43967],[-122.57958,38.43963],[-122.57915,38.43951],[-122.579,38.43947],[-122.57839,38.43932],[-122.57801,38.43924],[-122.57792,38.43924],[-122.5778,38.43922],[-122.57769,38.43918],[-122.57763,38.43914],[-122.57757,38.4391],[-122.57752,38.43905],[-122.57747,38.439],[-122.57732,38.4387],[-122.57729,38.43859],[-122.57725,38.43842],[-122.5772,38.43871],[-122.57719,38.43876],[-122.57717,38.4389],[-122.57707,38.43927],[-122.57705,38.43932],[-122.57699,38.43951],[-122.57676,38.44016],[-122.57671,38.44029],[-122.57664,38.44053],[-122.57663,38.44054],[-122.57641,38.4413],[-122.57639,38.44135],[-122.57632,38.44156],[-122.57624,38.44183],[-122.57611,38.44218],[-122.57599,38.4425],[-122.57598,38.44258],[-122.57589,38.4428],[-122.57584,38.44295],[-122.57679,38.44315],[-122.57849,38.44352],[-122.57985,38.44381],[-122.58041,38.44235],[-122.58124,38.44022]]]},"properties":{"GEOID":"060971516012014","POP100":0,"HU100":0,"TRACT":"151601"}},{"type":"Feature","geometry":{"type":"Polygon","coordinates":[[[-122.59394,38.44005],[-122.594,38.44003],[-122.59391,38.43992],[-122.5939,38.4399],[-122.59383,38.43983],[-122.59374,38.43974],[-122.59364,38.43966],[-122.59355,38.43961],[-122.59346,38.43956],[-122.59341,38.43953],[-122.59335,38.4395],[-122.59323,38.43945],[-122.59316,38.43942],[-122.59309,38.43939],[-122.59297,38.43935],[-122.59293,38.43933],[-122.59244,38.43912],[-122.59227,38.43905],[-122.59211,38.43898],[-122.59171,38.43881],[-122.59162,38.43876],[-122.59158,38.43874],[-122.59146,38.43869],[-122.59134,38.43865],[-122.59131,38.43864],[-122.59116,38.4386],[-122.59102,38.43857],[-122.59096,38.43856],[-122.59091,38.43856],[-122.59083,38.43857],[-122.59074,38.43859],[-122.59066,38.43862],[-122.59058,38.43865],[-122.59053,38.43868],[-122.59049,38.43872],[-122.59045,38.43876],[-122.59032,38.43891],[-122.59017,38.43914],[-122.59012,38.4392],[-122.59007,38.43924],[-122.59002,38.43927],[-122.58997,38.43929],[-122.58991,38.4393],[-122.58985,38.4393],[-122.5898,38.43929],[-122.58964,38.43926],[-122.58928,38.43918],[-122.5891,38.43914],[-122.58881,38.43907],[-122.58859,38.43902],[-122.58841,38.43898],[-122.5884,38.43898],[-122.58835,38.43897],[-122.58834,38.43896],[-122.58809,38.4389],[-122.58796,38.43887],[-122.58782,38.43883],[-122.58776,38.43882],[-122.58756,38.43919],[-122.58732,38.43919],[-122.58752,38.43925],[-122.58758,38.43926],[-122.58807,38.43938],[-122.58808,38.43938],[-122.58812,38.43939],[-122.58813,38.4394],[-122.58826,38.43943],[-122.58865,38.43952],[-122.58878,38.43955],[-122.58919,38.43964],[-122.59042,38.43993],[-122.59083,38.44003],[-122.59102,38.44007],[-122.59156,38.44021],[-122.59175,38.44025],[-122.59224,38.44037],[-122.59292,38.44053],[-122.59337,38.44032],[-122.5937,38.44016],[-122.59376,38.44014],[-122.59394,38.44005]]]},"properties":{"GEOID":"060971516012024","POP100":58,"HU100":45,"TRACT":"151601"}},{"type":"Feature","geometry":{"type":"Polygon","coordinates":[[[-122.60477,38.4148],[-122.60472,38.41472],[-122.60468,38.41466],[-122.60435,38.41414],[-122.60429,38.41397],[-122.60428,38.41382],[-122.60423,38.41363],[-122.60418,38.41346],[-122.60412,38.4133],[-122.604,38.41315],[-122.60385,38.41289],[-122.60379,38.41273],[-122.60374,38.41253],[-122.60367,38.41235],[-122.60355,38.41216],[-122.60345,38.41203],[-122.60336,38.41195],[-122.60326,38.41189],[-122.60312,38.41187],[-122.60291,38.41188],[-122.60271,38.41191],[-122.60259,38.4119],[-122.60255,38.41189],[-122.60245,38.41187],[-122.60226,38.41178],[-122.60213,38.4117],[-122.60194,38.41157],[-122.60156,38.41136],[-122.60148,38.41132],[-122.6012,38.41125],[-122.601,38.41118],[-122.60094,38.41116],[-122.60069,38.41104],[-122.60043,38.41092],[-122.5999,38.41073],[-122.59962,38.41065],[-122.59942,38.4106],[-122.59928,38.41061],[-122.59914,38.41064],[-122.59888,38.41072],[-122.59876,38.41074],[-122.59859,38.41078],[-122.59836,38.41086],[-122.5981,38.41093],[-122.59797,38.41089],[-122.59788,38.41085],[-122.59781,38.4108],[-122.5978,38.41089],[-122.59773,38.41103],[-122.59749,38.41116],[-122.59728,38.41122],[-122.59711,38.41124],[-122.59312,38.42107],[-122.59797,38.42094],[-122.59863,38.42092],[-122.59956,38.42123],[-122.59989,38.42134],[-122.60063,38.42034],[-122.60022,38.41827],[-122.60022,38.41823],[-122.60027,38.418],[-122.60037,38.41784],[-122.60052,38.41769],[-122.60074,38.41755],[-122.60096,38.41746],[-122.60121,38.41731],[-122.60146,38.4171],[-122.60154,38.41696],[-122.60174,38.41673],[-122.60185,38.41657],[-122.60197,38.4165],[-122.60223,38.41643],[-122.60296,38.41615],[-122.60313,38.41607],[-122.60324,38.41601],[-122.60331,38.4159],[-122.60344,38.41572],[-122.6036,38.4154],[-122.60366,38.41532],[-122.60382,38.41516],[-122.60392,38.4151],[-122.60402,38.41503],[-122.60463,38.41484],[-122.60477,38.4148]]]},"properties":{"GEOID":"060971516023032","POP100":0,"HU100":0,"TRACT":"151602"}},{"type":"Feature","geometry":{"type":"Polygon","coordinates":[[[-122.64856,38.45743],[-122.64857,38.45735],[-122.64856,38.45727],[-122.64854,38.45716],[-122.64852,38.45699],[-122.64851,38.45689],[-122.64844,38.45657],[-122.64842,38.45645],[-122.6484,38.4564],[-122.64836,38.45636],[-122.64831,38.45633],[-122.64826,38.45631],[-122.64822,38.45631],[-122.64817,38.45632],[-122.64752,38.45648],[-122.6474,38.45651],[-122.64693,38.45662],[-122.64676,38.45666],[-122.64614,38.45675],[-122.64572,38.45681],[-122.6456,38.45683],[-122.64433,38.45695],[-122.64363,38.457],[-122.64325,38.45703],[-122.64285,38.45703],[-122.64272,38.45703],[-122.64206,38.45696],[-122.6418,38.45694],[-122.64121,38.45686],[-122.64085,38.45683],[-122.6409,38.45676],[-122.64094,38.45674],[-122.64099,38.45673],[-122.64125,38.45674],[-122.64127,38.45674],[-122.64133,38.45673],[-122.64141,38.45671],[-122.64174,38.45657],[-122.64178,38.45656],[-122.64163,38.45584],[-122.64118,38.45563],[-122.64128,38.45561],[-122.64128,38.45559],[-122.64132,38.45556],[-122.64136,38.45553],[-122.64136,38.4555],[-122.6413,38.4555],[-122.64125,38.45552],[-122.6412,38.45552],[-122.64114,38.4555],[-122.64111,38.4555],[-122.64108,38.45552],[-122.641,38.4555],[-122.64093,38.4555],[-122.64083,38.45548],[-122.64071,38.45543],[-122.63881,38.45459],[-122.63903,38.45417],[-122.63816,38.45397],[-122.63776,38.453],[-122.63658,38.45164],[-122.63606,38.45191],[-122.63513,38.45084],[-122.63451,38.4513],[-122.63327,38.45038],[-122.62875,38.44757],[-122.62835,38.44759],[-122.62729,38.4487],[-122.62726,38.44865],[-122.62687,38.44847],[-122.62678,38.4484],[-122.62663,38.44838],[-122.62659,38.44837],[-122.62647,38.44819],[-122.62606,38.44813],[-122.6257,38.44804],[-122.62548,38.44797],[-122.62527,38.4478],[-122.62511,38.44773],[-122.62506,38.44773],[-122.62494,38.44771],[-122.62485,38.4477],[-122.62481,38.44765],[-122.6247,38.4476],[-122.62442,38.44751],[-122.62429,38.44742],[-122.62405,38.44724],[-122.62395,38.44711],[-122.62386,38.44703],[-122.62372,38.44688],[-122.62356,38.44666],[-122.62354,38.44665],[-122.62352,38.44662],[-122.62344,38.44653],[-122.62337,38.44651],[-122.62331,38.44649],[-122.62307,38.44646],[-122.62283,38.44645],[-122.62259,38.44643],[-122.62239,38.44639],[-122.6222,38.44629],[-122.62206,38.44617],[-122.62198,38.44607],[-122.6216,38.44601],[-122.62001,38.44515],[-122.61951,38.44505],[-122.61894,38.44505],[-122.61804,38.44537],[-122.61703,38.44534],[-122.6165,38.44524],[-122.61607,38.44516],[-122.61577,38.4451],[-122.61552,38.44505],[-122.61486,38.44482],[-122.61476,38.44495],[-122.61467,38.44513],[-122.61445,38.44554],[-122.61431,38.44581],[-122.61464,38.44593],[-122.61469,38.44594],[-122.61526,38.44614],[-122.61539,38.4462],[-122.61544,38.44622],[-122.61572,38.44633],[-122.61582,38.44636],[-122.61596,38.44641],[-122.6162,38.44648],[-122.6163,38.44651],[-122.61656,38.44657],[-122.6166,38.44658],[-122.6167,38.4466],[-122.61695,38.44665],[-122.61713,38.44667],[-122.61732,38.4467],[-122.61757,38.44673],[-122.61834,38.44677],[-122.61845,38.44678],[-122.61889,38.44682],[-122.6189,38.44674],[-122.61893,38.4466],[-122.61896,38.44655],[-122.61903,38.44641],[-122.61904,38.44639],[-122.61912,38.44627],[-122.61916,38.44623],[-122.61925,38.44617],[-122.61935,38.44613],[-122.61944,38.44611],[-122.6195,38.4461],[-122.61957,38.4461],[-122.61964,38.44611],[-122.61973,38.44614],[-122.61979,38.44617],[-122.61984,38.44621],[-122.61989,38.44625],[-122.61993,38.44631],[-122.61996,38.44638],[-122.61998,38.44647],[-122.61998,38.44653],[-122.61998,38.44656],[-122.61996,38.44672],[-122.61994,38.44685],[-122.6199,38.44696],[-122.62012,38.44702],[-122.62031,38.44707],[-122.62054,38.44716],[-122.62076,38.44724],[-122.62083,38.44728],[-122.62106,38.44739],[-122.62123,38.44748],[-122.62172,38.44775],[-122.62187,38.44785],[-122.62201,38.44798],[-122.62209,38.44806],[-122.62217,38.44816],[-122.62226,38.4483],[-122.62232,38.44841],[-122.62239,38.44858],[-122.62243,38.44876],[-122.62244,38.44887],[-122.62247,38.44938],[-122.62248,38.44945],[-122.62252,38.44961],[-122.62257,38.44973],[-122.62262,38.44985],[-122.62271,38.45],[-122.62283,38.45018],[-122.62294,38.45031],[-122.62315,38.4502],[-122.62332,38.4501],[-122.62342,38.45005],[-122.62345,38.45003],[-122.62352,38.45001],[-122.62358,38.44999],[-122.62368,38.44999],[-122.62374,38.45],[-122.6238,38.45002],[-122.62389,38.45006],[-122.62428,38.45041],[-122.62432,38.45049],[-122.62433,38.45057],[-122.62431,38.45065],[-122.62429,38.4507],[-122.62423,38.45077],[-122.62416,38.45083],[-122.62407,38.45087],[-122.62402,38.45088],[-122.62375,38.45095],[-122.62349,38.45102],[-122.62354,38.45114],[-122.62359,38.45132],[-122.6236,38.45139],[-122.6236,38.45141],[-122.62359,38.45148],[-122.62357,38.45156],[-122.62352,38.45165],[-122.62348,38.45171],[-122.62342,38.45176],[-122.62336,38.4518],[-122.62326,38.45185],[-122.62311,38.4519],[-122.62302,38.45191],[-122.62332,38.45239],[-122.62333,38.45245],[-122.62333,38.45249],[-122.6233,38.45255],[-122.62325,38.45259],[-122.6232,38.45261],[-122.62314,38.45262],[-122.6231,38.45266],[-122.62307,38.45267],[-122.62302,38.45268],[-122.62296,38.45271],[-122.62289,38.45278],[-122.62276,38.45298],[-122.62271,38.4531],[-122.62269,38.45316],[-122.62268,38.45326],[-122.62269,38.45336],[-122.62271,38.45346],[-122.62274,38.45352],[-122.62296,38.45362],[-122.62361,38.45392],[-122.62383,38.45403],[-122.62426,38.45423],[-122.62555,38.45483],[-122.62562,38.45487],[-122.62598,38.45504],[-122.6263,38.45464],[-122.62632,38.45461],[-122.62651,38.45436],[-122.62677,38.45404],[-122.62701,38.45372],[-122.62705,38.45368],[-122.62713,38.45363],[-122.62716,38.45362],[-122.62732,38.45358],[-122.62742,38.45355],[-122.62746,38.45355],[-122.62751,38.45355],[-122.62755,38.45356],[-122.62761,38.4536],[-122.62776,38.45373],[-122.62798,38.45397],[-122.62804,38.45403],[-122.62852,38.45453],[-122.62865,38.45467],[-122.62889,38.45491],[-122.62891,38.45492],[-122.62918,38.4552],[-122.62971,38.45488],[-122.62985,38.4548],[-122.63038,38.4545],[-122.63042,38.45448],[-122.63057,38.45441],[-122.63068,38.45438],[-122.63116,38.45427],[-122.63015,38.45381],[-122.63051,38.45342],[-122.63164,38.45225],[-122.63159,38.4522],[-122.63145,38.45207],[-122.63126,38.45202],[-122.63122,38.452],[-122.63008,38.45143],[-122.62982,38.45127],[-122.62962,38.45108],[-122.62929,38.45081],[-122.62946,38.45069],[-122.63,38.45031],[-122.6355,38.45341],[-122.63552,38.45344],[-122.63583,38.45371],[-122.63625,38.45418],[-122.63644,38.45445],[-122.63697,38.4552],[-122.63732,38.45567],[-122.63699,38.45578],[-122.63644,38.45586],[-122.63628,38.45591],[-122.63638,38.45616],[-122.63643,38.45627],[-122.63644,38.45631],[-122.63646,38.45633],[-122.63665,38.45633],[-122.63697,38.45619],[-122.63729,38.45605],[-122.63765,38.45655],[-122.63768,38.45659],[-122.63804,38.4569],[-122.63814,38.45696],[-122.63849,38.45718],[-122.63857,38.45722],[-122.6386,38.45725],[-122.63871,38.45727],[-122.639,38.45731],[-122.63943,38.45736],[-122.64021,38.45742],[-122.64025,38.45743],[-122.64173,38.45755],[-122.64213,38.45757],[-122.64264,38.45757],[-122.64352,38.45753],[-122.64507,38.45741],[-122.6453,38.4574],[-122.6454,38.45739],[-122.64559,38.45739],[-122.64584,38.4574],[-122.64622,38.45743],[-122.64653,38.45746],[-122.64669,38.45748],[-122.64679,38.4575],[-122.64714,38.45757],[-122.64727,38.4576],[-122.64735,38.45761],[-122.64759,38.45767],[-122.64767,38.45769],[-122.64774,38.4577],[-122.64796,38.45775],[-122.64803,38.45777],[-122.64809,38.45778],[-122.64825,38.45781],[-122.64831,38.45783],[-122.64834,38.45783],[-122.64844,38.45786],[-122.64848,38.45786],[-122.6485,38.45777],[-122.64852,38.45761],[-122.64855,38.45751],[-122.64856,38.45743]]]},"properties":{"GEOID":"060971516023001","POP100":155,"HU100":84,"TRACT":"151602"}},{"type":"Feature","geometry":{"type":"Polygon","coordinates":[[[-122.57584,38.44295],[-122.57589,38.4428],[-122.57372,38.44233],[-122.57212,38.44198],[-122.57114,38.44176],[-122.571,38.44168],[-122.57072,38.44148],[-122.57043,38.44133],[-122.57014,38.44118],[-122.56984,38.44109],[-122.56956,38.44106],[-122.56911,38.44103],[-122.56906,38.44103],[-122.56883,38.44095],[-122.56867,38.44077],[-122.56849,38.44047],[-122.56839,38.44022],[-122.56808,38.43985],[-122.56781,38.43961],[-122.56753,38.4394],[-122.56734,38.43925],[-122.56709,38.43907],[-122.56686,38.43893],[-122.56669,38.43882],[-122.56645,38.43859],[-122.56647,38.43817],[-122.5667,38.4379],[-122.56695,38.43742],[-122.56738,38.43699],[-122.56786,38.43641],[-122.56873,38.43514],[-122.56923,38.43445],[-122.57056,38.43247],[-122.5707,38.43228],[-122.57066,38.43227],[-122.57039,38.43216],[-122.5702,38.43207],[-122.56999,38.43199],[-122.56972,38.43188],[-122.56744,38.43091],[-122.56577,38.43021],[-122.56512,38.42994],[-122.56493,38.42986],[-122.56435,38.42961],[-122.56416,38.42953],[-122.56405,38.42949],[-122.56373,38.42935],[-122.56363,38.42931],[-122.56346,38.42924],[-122.56323,38.42914],[-122.56294,38.42902],[-122.56277,38.42895],[-122.56256,38.42886],[-122.56212,38.42867],[-122.56194,38.4286],[-122.56174,38.42851],[-122.56157,38.42844],[-122.56107,38.42823],[-122.56091,38.42816],[-122.56063,38.42805],[-122.56038,38.42794],[-122.56003,38.42778],[-122.55993,38.42773],[-122.55983,38.42767],[-122.55958,38.42751],[-122.55945,38.42766],[-122.55942,38.42774],[-122.5594,38.42787],[-122.55941,38.42797],[-122.55946,38.42817],[-122.55951,38.4283],[-122.55957,38.42865],[-122.55959,38.42876],[-122.55959,38.42892],[-122.55958,38.42902],[-122.5595,38.42912],[-122.55945,38.42917],[-122.5592,38.42933],[-122.55863,38.42957],[-122.55845,38.42966],[-122.5584,38.42968],[-122.55822,38.42984],[-122.55808,38.43001],[-122.55805,38.4301],[-122.55801,38.43025],[-122.55799,38.43037],[-122.55792,38.43054],[-122.55787,38.43059],[-122.55782,38.43062],[-122.55773,38.43065],[-122.55748,38.43073],[-122.55727,38.43086],[-122.5572,38.43093],[-122.55716,38.43097],[-122.5571,38.43104],[-122.55681,38.43168],[-122.55674,38.43176],[-122.5566,38.43185],[-122.55646,38.43191],[-122.55632,38.43198],[-122.55628,38.432],[-122.55608,38.43211],[-122.55588,38.4322],[-122.55577,38.43224],[-122.55559,38.43231],[-122.55553,38.43234],[-122.55537,38.43243],[-122.55515,38.43253],[-122.55478,38.43273],[-122.55453,38.43289],[-122.55391,38.43337],[-122.55383,38.43341],[-122.55356,38.43349],[-122.55343,38.43352],[-122.55447,38.43612],[-122.55394,38.43691],[-122.5526,38.43892],[-122.54399,38.44888],[-122.54461,38.45848],[-122.54501,38.46624],[-122.55109,38.4665],[-122.55272,38.46657],[-122.55714,38.46686],[-122.5612,38.46758],[-122.56144,38.46514],[-122.56144,38.46512],[-122.56175,38.46277],[-122.56469,38.46302],[-122.56614,38.46311],[-122.56685,38.46316],[-122.5717,38.46352],[-122.57167,38.46345],[-122.57166,38.46339],[-122.57165,38.46331],[-122.57163,38.46321],[-122.57151,38.46304],[-122.57144,38.46296],[-122.57135,38.46288],[-122.57122,38.46281],[-122.57097,38.46269],[-122.57089,38.46264],[-122.57077,38.46255],[-122.57068,38.46246],[-122.57059,38.46239],[-122.57052,38.46234],[-122.57022,38.46219],[-122.56988,38.46204],[-122.56982,38.462],[-122.56976,38.46194],[-122.56949,38.46173],[-122.56925,38.46149],[-122.5691,38.46136],[-122.56889,38.46114],[-122.56878,38.46101],[-122.56873,38.46096],[-122.56867,38.46087],[-122.56863,38.46077],[-122.56862,38.46068],[-122.56863,38.46061],[-122.56866,38.46052],[-122.56871,38.46044],[-122.56873,38.46042],[-122.56882,38.46036],[-122.56893,38.46032],[-122.569,38.4603],[-122.56908,38.46029],[-122.5692,38.46029],[-122.56942,38.46034],[-122.56946,38.46036],[-122.56957,38.46039],[-122.56965,38.46039],[-122.56975,38.46039],[-122.57007,38.46034],[-122.57028,38.4603],[-122.57057,38.46023],[-122.57072,38.46017],[-122.57081,38.46013],[-122.57093,38.46005],[-122.57102,38.45996],[-122.57118,38.45977],[-122.57202,38.45873],[-122.57203,38.45871],[-122.57205,38.45863],[-122.57205,38.45857],[-122.57203,38.45849],[-122.57201,38.45844],[-122.57197,38.45839],[-122.5719,38.45833],[-122.57181,38.45829],[-122.5714,38.45819],[-122.57138,38.45817],[-122.57136,38.45815],[-122.57134,38.45811],[-122.57134,38.45808],[-122.57135,38.45804],[-122.57136,38.45802],[-122.57138,38.458],[-122.57143,38.45797],[-122.57216,38.45777],[-122.57249,38.45767],[-122.5727,38.45759],[-122.57301,38.45746],[-122.57331,38.45733],[-122.5736,38.45717],[-122.57434,38.4568],[-122.57439,38.45679],[-122.57452,38.45677],[-122.57463,38.45676],[-122.57474,38.45677],[-122.57492,38.45673],[-122.57498,38.45673],[-122.57507,38.4567],[-122.57514,38.45666],[-122.5752,38.4566],[-122.57523,38.45656],[-122.57525,38.45648],[-122.57524,38.45641],[-122.57524,38.45639],[-122.57524,38.45631],[-122.57526,38.45625],[-122.57531,38.45615],[-122.57537,38.45609],[-122.57541,38.45603],[-122.57546,38.45592],[-122.57549,38.45582],[-122.57549,38.45575],[-122.57546,38.45568],[-122.57542,38.45561],[-122.5753,38.45552],[-122.57522,38.45544],[-122.5752,38.45535],[-122.57519,38.45511],[-122.5752,38.45492],[-122.57514,38.45484],[-122.57512,38.45481],[-122.57511,38.4548],[-122.57514,38.45467],[-122.57514,38.45455],[-122.57512,38.45444],[-122.57511,38.45442],[-122.57508,38.45436],[-122.57499,38.45424],[-122.57492,38.45416],[-122.57478,38.45405],[-122.5746,38.45392],[-122.57448,38.45386],[-122.57435,38.4538],[-122.5742,38.45375],[-122.57406,38.45372],[-122.57403,38.45372],[-122.57396,38.4537],[-122.5739,38.45367],[-122.57387,38.45364],[-122.57383,38.45358],[-122.57389,38.45353],[-122.57399,38.45344],[-122.57435,38.45317],[-122.57439,38.45314],[-122.57444,38.45309],[-122.57447,38.45305],[-122.5745,38.45296],[-122.5745,38.45288],[-122.57449,38.45282],[-122.57448,38.45277],[-122.57447,38.45273],[-122.57446,38.45258],[-122.57435,38.4521],[-122.57432,38.45174],[-122.57419,38.45119],[-122.57417,38.45107],[-122.57414,38.45095],[-122.57412,38.45086],[-122.5741,38.45049],[-122.57409,38.45039],[-122.57408,38.45029],[-122.57408,38.45008],[-122.57412,38.4497],[-122.5741,38.44914],[-122.57413,38.44893],[-122.57414,38.44874],[-122.57414,38.44872],[-122.57414,38.44867],[-122.57412,38.44859],[-122.5741,38.44855],[-122.57405,38.44849],[-122.574,38.44843],[-122.57395,38.44836],[-122.57376,38.44795],[-122.57004,38.4464],[-122.57189,38.44274],[-122.57352,38.44307],[-122.57562,38.44356],[-122.5757,38.44337],[-122.57574,38.44324],[-122.57584,38.44295]]]},"properties":{"GEOID":"060971516012016","POP100":43,"HU100":31,"TRACT":"151601"}},{"type":"Feature","geometry":{"type":"Polygon","coordinates":[[[-122.63026,38.45704],[-122.63028,38.45703],[-122.62982,38.4568],[-122.62882,38.45631],[-122.62854,38.45622],[-122.62869,38.45635],[-122.62929,38.45669],[-122.62993,38.457],[-122.63009,38.45707],[-122.63026,38.45704]]]},"properties":{"GEOID":"060971516012029","POP100":0,"HU100":0,"TRACT":"151601"}},{"type":"Feature","geometry":{"type":"Polygon","coordinates":[[[-122.64892,38.44578],[-122.64891,38.44553],[-122.64881,38.44553],[-122.64851,38.44554],[-122.64841,38.44554],[-122.64838,38.44534],[-122.64844,38.44518],[-122.64847,38.44509],[-122.64876,38.44483],[-122.64882,38.44481],[-122.64883,38.44473],[-122.64886,38.44466],[-122.64879,38.44455],[-122.64866,38.4443],[-122.64852,38.44416],[-122.64845,38.44436],[-122.64841,38.44446],[-122.64823,38.44512],[-122.64819,38.44522],[-122.64811,38.44537],[-122.64805,38.44553],[-122.64806,38.44576],[-122.64809,38.44585],[-122.64846,38.44582],[-122.64854,38.44581],[-122.64892,38.44578]]]},"properties":{"GEOID":"060971516023019","POP100":0,"HU100":0,"TRACT":"151602"}},{"type":"Feature","geometry":{"type":"Polygon","coordinates":[[[-122.59502,38.43241],[-122.59496,38.43232],[-122.59491,38.43227],[-122.59485,38.43223],[-122.59484,38.43222],[-122.59475,38.4322],[-122.59442,38.43215],[-122.59415,38.43209],[-122.59411,38.43207],[-122.59387,38.43198],[-122.59383,38.43197],[-122.5938,38.43196],[-122.59372,38.43192],[-122.59368,38.43191],[-122.59351,38.43183],[-122.59349,38.43182],[-122.59334,38.43176],[-122.59318,38.43171],[-122.59302,38.43165],[-122.59299,38.43164],[-122.59281,38.43159],[-122.59254,38.43149],[-122.59249,38.43148],[-122.59248,38.43147],[-122.59232,38.43141],[-122.59226,38.43138],[-122.59221,38.43133],[-122.59197,38.43163],[-122.59208,38.43171],[-122.59219,38.43179],[-122.59221,38.4318],[-122.59235,38.43189],[-122.59247,38.43194],[-122.59259,38.43199],[-122.59277,38.43206],[-122.5928,38.43207],[-122.59345,38.4323],[-122.59367,38.43238],[-122.59381,38.43242],[-122.59382,38.43243],[-122.59394,38.43248],[-122.59407,38.43255],[-122.59422,38.43266],[-122.59423,38.43268],[-122.59435,38.43278],[-122.5944,38.43275],[-122.59456,38.43267],[-122.59462,38.43264],[-122.5947,38.43259],[-122.59494,38.43246],[-122.59502,38.43241]]]},"properties":{"GEOID":"060971516023026","POP100":22,"HU100":13,"TRACT":"151602"}},{"type":"Feature","geometry":{"type":"Polygon","coordinates":[[[-122.63009,38.45707],[-122.62993,38.457],[-122.62929,38.45669],[-122.62869,38.45635],[-122.62854,38.45622],[-122.62821,38.45605],[-122.62795,38.45594],[-122.62788,38.45598],[-122.6276,38.45615],[-122.62741,38.45627],[-122.62702,38.45648],[-122.6268,38.4566],[-122.62652,38.45676],[-122.62627,38.45689],[-122.6262,38.45691],[-122.62615,38.45692],[-122.62607,38.45692],[-122.62599,38.45691],[-122.62579,38.45684],[-122.62562,38.45678],[-122.62532,38.45663],[-122.6248,38.45638],[-122.62447,38.45623],[-122.6243,38.45613],[-122.624,38.45599],[-122.62315,38.45559],[-122.62307,38.45553],[-122.62301,38.45546],[-122.623,38.45542],[-122.62298,38.45537],[-122.62291,38.45501],[-122.62283,38.45449],[-122.6228,38.45429],[-122.6227,38.45371],[-122.6227,38.4537],[-122.6227,38.45365],[-122.62274,38.45352],[-122.62232,38.45331],[-122.62186,38.45309],[-122.62138,38.45288],[-122.62103,38.45273],[-122.62093,38.45269],[-122.6206,38.45254],[-122.6203,38.4524],[-122.6201,38.45231],[-122.61941,38.45199],[-122.61911,38.45185],[-122.61893,38.45176],[-122.61839,38.45151],[-122.61821,38.45143],[-122.61812,38.45139],[-122.61784,38.45126],[-122.61775,38.45122],[-122.61739,38.45105],[-122.61632,38.45055],[-122.61596,38.45038],[-122.61565,38.45024],[-122.61472,38.4498],[-122.61441,38.44966],[-122.61387,38.4494],[-122.61224,38.44865],[-122.6117,38.4484],[-122.61107,38.4481],[-122.60917,38.44721],[-122.60854,38.44691],[-122.60826,38.44678],[-122.60745,38.4464],[-122.60717,38.44627],[-122.60673,38.44607],[-122.60653,38.44597],[-122.60617,38.4458],[-122.60565,38.44555],[-122.60542,38.44544],[-122.60534,38.4454],[-122.60499,38.44522],[-122.60448,38.44497],[-122.60438,38.44493],[-122.60403,38.44477],[-122.60192,38.44382],[-122.60096,38.44337],[-122.59893,38.44242],[-122.5984,38.44218],[-122.59807,38.44202],[-122.598,38.44199],[-122.59747,38.44174],[-122.5972,38.44162],[-122.59711,38.44158],[-122.59701,38.44154],[-122.59672,38.44144],[-122.59658,38.4414],[-122.59654,38.44139],[-122.59479,38.44098],[-122.59421,38.44084],[-122.59407,38.44113],[-122.59396,38.44132],[-122.59392,38.44142],[-122.5938,38.44163],[-122.59365,38.44192],[-122.59324,38.44269],[-122.59319,38.44277],[-122.59302,38.44307],[-122.59296,38.44314],[-122.59287,38.4432],[-122.59302,38.44348],[-122.59315,38.44366],[-122.59332,38.44386],[-122.59417,38.4444],[-122.59449,38.44457],[-122.59475,38.44474],[-122.59505,38.44486],[-122.59516,38.44488],[-122.59553,38.44495],[-122.5961,38.44491],[-122.59687,38.44495],[-122.59756,38.44519],[-122.59767,38.44531],[-122.59787,38.44552],[-122.59773,38.44591],[-122.59765,38.44618],[-122.59742,38.4466],[-122.59713,38.4469],[-122.59652,38.44717],[-122.59618,38.44792],[-122.59643,38.44872],[-122.59666,38.44932],[-122.59684,38.44973],[-122.59677,38.45021],[-122.59676,38.45056],[-122.59675,38.4508],[-122.59667,38.45119],[-122.59659,38.45141],[-122.59604,38.45162],[-122.59544,38.45167],[-122.59501,38.4517],[-122.59459,38.45161],[-122.5935,38.45125],[-122.59249,38.45076],[-122.59232,38.4507],[-122.59223,38.45066],[-122.59137,38.45032],[-122.59046,38.45],[-122.58995,38.44974],[-122.58909,38.44966],[-122.58839,38.44964],[-122.58791,38.44975],[-122.58749,38.44974],[-122.5872,38.44955],[-122.58636,38.44935],[-122.58555,38.44923],[-122.58487,38.44921],[-122.58459,38.4492],[-122.58379,38.44923],[-122.58293,38.44911],[-122.58233,38.44904],[-122.58213,38.44902],[-122.58207,38.44901],[-122.58151,38.44904],[-122.58131,38.44905],[-122.58085,38.44912],[-122.58042,38.44957],[-122.58027,38.44974],[-122.58016,38.44987],[-122.58014,38.44989],[-122.57997,38.45018],[-122.57969,38.45031],[-122.57962,38.45033],[-122.57954,38.45047],[-122.57977,38.45056],[-122.58385,38.45219],[-122.58414,38.45229],[-122.58396,38.45346],[-122.58354,38.45347],[-122.58221,38.45346],[-122.58053,38.45346],[-122.58037,38.45347],[-122.58029,38.45347],[-122.57931,38.45352],[-122.57737,38.45361],[-122.57474,38.45361],[-122.57389,38.45353],[-122.57383,38.45358],[-122.57387,38.45364],[-122.5739,38.45367],[-122.57396,38.4537],[-122.57403,38.45372],[-122.57406,38.45372],[-122.5742,38.45375],[-122.57435,38.4538],[-122.57448,38.45386],[-122.5746,38.45392],[-122.57478,38.45405],[-122.57492,38.45416],[-122.57499,38.45424],[-122.57508,38.45436],[-122.57511,38.45442],[-122.57512,38.45444],[-122.57514,38.45455],[-122.57514,38.45467],[-122.57511,38.4548],[-122.57512,38.45481],[-122.57514,38.45484],[-122.5752,38.45492],[-122.57519,38.45511],[-122.5752,38.45535],[-122.57522,38.45544],[-122.5753,38.45552],[-122.57542,38.45561],[-122.57546,38.45568],[-122.57549,38.45575],[-122.57549,38.45582],[-122.57546,38.45592],[-122.57541,38.45603],[-122.57537,38.45609],[-122.57531,38.45615],[-122.57526,38.45625],[-122.57524,38.45631],[-122.57524,38.45639],[-122.57524,38.45641],[-122.57525,38.45648],[-122.57523,38.45656],[-122.5752,38.4566],[-122.57514,38.45666],[-122.57507,38.4567],[-122.57498,38.45673],[-122.57492,38.45673],[-122.57474,38.45677],[-122.57463,38.45676],[-122.57463,38.45738],[-122.57469,38.46331],[-122.57471,38.46373],[-122.5717,38.46352],[-122.56685,38.46316],[-122.56614,38.46311],[-122.56469,38.46302],[-122.56175,38.46277],[-122.56144,38.46512],[-122.56144,38.46514],[-122.5612,38.46758],[-122.55714,38.46686],[-122.55272,38.46657],[-122.55109,38.4665],[-122.54501,38.46624],[-122.53998,38.46603],[-122.52983,38.46618],[-122.52963,38.46955],[-122.52963,38.46959],[-122.52967,38.46965],[-122.5297,38.46969],[-122.5297,38.4698],[-122.52969,38.46986],[-122.52978,38.47093],[-122.52963,38.47154],[-122.52964,38.47156],[-122.52968,38.47164],[-122.52973,38.47178],[-122.52988,38.47196],[-122.52997,38.47209],[-122.52999,38.47218],[-122.53001,38.47228],[-122.53001,38.47233],[-122.52997,38.47245],[-122.53002,38.47257],[-122.52963,38.47313],[-122.52963,38.47315],[-122.52963,38.47316],[-122.52964,38.47318],[-122.52965,38.47328],[-122.52968,38.47347],[-122.52971,38.47369],[-122.52974,38.47374],[-122.52978,38.47387],[-122.52979,38.47393],[-122.5298,38.47402],[-122.52985,38.47413],[-122.52988,38.47415],[-122.52994,38.47421],[-122.53,38.4743],[-122.53008,38.47438],[-122.53011,38.47446],[-122.53012,38.47457],[-122.53011,38.47463],[-122.53012,38.47476],[-122.53013,38.47479],[-122.53025,38.47485],[-122.53033,38.47487],[-122.5304,38.47489],[-122.53045,38.47491],[-122.53048,38.47495],[-122.53049,38.47499],[-122.53049,38.47502],[-122.53049,38.47506],[-122.53048,38.47516],[-122.53053,38.47521],[-122.53056,38.47523],[-122.53058,38.47523],[-122.53061,38.47524],[-122.53067,38.47528],[-122.53075,38.47539],[-122.53083,38.47545],[-122.53083,38.47546],[-122.53085,38.47549],[-122.531,38.47575],[-122.53112,38.47597],[-122.53112,38.47602],[-122.53112,38.47609],[-122.53112,38.47618],[-122.53114,38.47626],[-122.53121,38.47636],[-122.53125,38.47639],[-122.53123,38.47644],[-122.5312,38.47648],[-122.53114,38.47656],[-122.53109,38.47661],[-122.53103,38.47666],[-122.53102,38.47671],[-122.53097,38.47682],[-122.53097,38.47695],[-122.53097,38.47703],[-122.53086,38.47725],[-122.53106,38.47778],[-122.53123,38.47817],[-122.53123,38.4782],[-122.53123,38.47826],[-122.53122,38.47832],[-122.53124,38.47843],[-122.53128,38.47854],[-122.53137,38.47864],[-122.53147,38.47871],[-122.53156,38.47879],[-122.53162,38.47883],[-122.53171,38.47895],[-122.53175,38.47901],[-122.53179,38.47913],[-122.53182,38.4792],[-122.53188,38.47928],[-122.53196,38.47939],[-122.53201,38.47944],[-122.53207,38.47948],[-122.53216,38.47954],[-122.53223,38.47962],[-122.53228,38.47967],[-122.53234,38.4797],[-122.5324,38.47978],[-122.53253,38.4799],[-122.53258,38.47995],[-122.53266,38.48],[-122.53274,38.48005],[-122.53281,38.48011],[-122.53285,38.48017],[-122.53297,38.48027],[-122.53303,38.48032],[-122.53315,38.48039],[-122.53322,38.48041],[-122.53349,38.48068],[-122.5335,38.48072],[-122.5335,38.4808],[-122.5335,38.48085],[-122.53351,38.48088],[-122.53352,38.48097],[-122.53352,38.481],[-122.53356,38.48108],[-122.53358,38.48115],[-122.53365,38.48127],[-122.53368,38.48132],[-122.53376,38.48135],[-122.53383,38.48135],[-122.53414,38.48143],[-122.53423,38.48144],[-122.53433,38.48147],[-122.53439,38.48149],[-122.5345,38.48158],[-122.53467,38.48172],[-122.53472,38.48176],[-122.53485,38.48183],[-122.53494,38.48189],[-122.53507,38.482],[-122.53517,38.48208],[-122.53522,38.48214],[-122.53528,38.48218],[-122.53544,38.48223],[-122.53568,38.48229],[-122.53581,38.48234],[-122.53592,38.48238],[-122.53602,38.48241],[-122.53608,38.48244],[-122.53614,38.4825],[-122.53616,38.48254],[-122.5362,38.48255],[-122.53632,38.48262],[-122.53639,38.48271],[-122.53642,38.48278],[-122.53642,38.48287],[-122.53642,38.48299],[-122.53643,38.48316],[-122.53644,38.48325],[-122.53644,38.48333],[-122.53648,38.48343],[-122.5365,38.48351],[-122.53653,38.48362],[-122.53657,38.48374],[-122.5366,38.48385],[-122.53664,38.48393],[-122.53669,38.48398],[-122.53674,38.48404],[-122.53683,38.48411],[-122.53689,38.48416],[-122.53694,38.48425],[-122.53696,38.48435],[-122.53703,38.48443],[-122.5371,38.48448],[-122.53716,38.48452],[-122.53717,38.48457],[-122.53718,38.48469],[-122.5372,38.48479],[-122.53721,38.48484],[-122.53725,38.48486],[-122.53733,38.48488],[-122.5374,38.48491],[-122.5375,38.48496],[-122.53753,38.485],[-122.53757,38.48512],[-122.53762,38.48522],[-122.53767,38.48527],[-122.53775,38.48531],[-122.53777,38.48534],[-122.53783,38.48538],[-122.53794,38.48542],[-122.538,38.48546],[-122.53801,38.48547],[-122.53801,38.48568],[-122.53798,38.4857],[-122.53795,38.48572],[-122.53793,38.48575],[-122.53792,38.4858],[-122.53794,38.48584],[-122.53795,38.48585],[-122.53795,38.48589],[-122.53792,38.48595],[-122.53792,38.48614],[-122.53795,38.48625],[-122.53795,38.48633],[-122.53796,38.48642],[-122.53792,38.48651],[-122.5379,38.4866],[-122.53793,38.48664],[-122.53796,38.48668],[-122.53799,38.48673],[-122.53804,38.4868],[-122.53809,38.48687],[-122.53821,38.48695],[-122.53833,38.48702],[-122.5384,38.48703],[-122.53852,38.48708],[-122.53869,38.48715],[-122.53892,38.48731],[-122.53905,38.48732],[-122.53936,38.48749],[-122.53949,38.48754],[-122.54,38.48775],[-122.54006,38.48777],[-122.54031,38.48779],[-122.54043,38.4878],[-122.54051,38.48782],[-122.54058,38.48785],[-122.54067,38.4879],[-122.54072,38.48792],[-122.54079,38.48791],[-122.54082,38.4879],[-122.5409,38.48786],[-122.54096,38.48784],[-122.54104,38.48784],[-122.54141,38.48785],[-122.54152,38.48784],[-122.54161,38.48783],[-122.54173,38.48782],[-122.54184,38.48779],[-122.5419,38.48775],[-122.54196,38.4877],[-122.54201,38.48763],[-122.54204,38.48754],[-122.54206,38.48739],[-122.54205,38.48733],[-122.54202,38.48726],[-122.54193,38.4871],[-122.54192,38.48706],[-122.54192,38.48703],[-122.54193,38.48699],[-122.54197,38.48696],[-122.54207,38.48693],[-122.54225,38.48685],[-122.54231,38.48682],[-122.54239,38.48676],[-122.54247,38.48668],[-122.54253,38.4866],[-122.54258,38.48648],[-122.54259,38.48641],[-122.54258,38.48637],[-122.54251,38.48626],[-122.5425,38.4862],[-122.5425,38.48608],[-122.54253,38.48602],[-122.54264,38.48588],[-122.5427,38.48581],[-122.54277,38.48569],[-122.54283,38.48564],[-122.54289,38.48562],[-122.54313,38.48561],[-122.5432,38.48559],[-122.54329,38.48555],[-122.54337,38.4855],[-122.54347,38.48545],[-122.54359,38.48542],[-122.54371,38.48542],[-122.54427,38.48544],[-122.54436,38.48545],[-122.54446,38.48547],[-122.5447,38.48551],[-122.54486,38.48551],[-122.545,38.48549],[-122.5452,38.48546],[-122.54541,38.48543],[-122.54553,38.4854],[-122.54567,38.48536],[-122.54575,38.48531],[-122.54694,38.4853],[-122.5473,38.48514],[-122.54848,38.48502],[-122.54915,38.48508],[-122.54953,38.48513],[-122.54966,38.4852],[-122.54989,38.48504],[-122.55002,38.48488],[-122.55037,38.48476],[-122.5508,38.48488],[-122.55129,38.48509],[-122.55146,38.48524],[-122.55168,38.4856],[-122.55196,38.4859],[-122.55225,38.4861],[-122.55262,38.48629],[-122.55299,38.4865],[-122.55336,38.4868],[-122.55357,38.48696],[-122.55382,38.48707],[-122.55413,38.48704],[-122.55444,38.48693],[-122.55467,38.48677],[-122.55481,38.4867],[-122.55505,38.48679],[-122.55525,38.48701],[-122.55534,38.48734],[-122.55545,38.48764],[-122.55563,38.4879],[-122.5559,38.48802],[-122.55627,38.48799],[-122.55672,38.48781],[-122.55712,38.48763],[-122.55737,38.48752],[-122.55773,38.48765],[-122.5581,38.48788],[-122.55842,38.48821],[-122.55869,38.48862],[-122.55895,38.4889],[-122.55919,38.48903],[-122.55953,38.48908],[-122.55987,38.48901],[-122.56033,38.48886],[-122.56084,38.48867],[-122.56132,38.48864],[-122.56186,38.4888],[-122.56218,38.48905],[-122.56246,38.48916],[-122.56273,38.48928],[-122.56317,38.4893],[-122.56367,38.4892],[-122.56414,38.48892],[-122.56455,38.48851],[-122.56512,38.48811],[-122.56544,38.48817],[-122.56621,38.48805],[-122.56687,38.48791],[-122.56746,38.48776],[-122.5682,38.48774],[-122.56902,38.48767],[-122.56964,38.48771],[-122.56999,38.48771],[-122.57024,38.48773],[-122.57028,38.48763],[-122.57039,38.48749],[-122.57044,38.48746],[-122.57069,38.48723],[-122.57077,38.48711],[-122.57078,38.48705],[-122.57079,38.48695],[-122.57078,38.48688],[-122.57075,38.48681],[-122.57073,38.48675],[-122.57068,38.48667],[-122.57065,38.48658],[-122.57062,38.48634],[-122.57063,38.48621],[-122.57072,38.48574],[-122.57072,38.48563],[-122.57078,38.48532],[-122.57083,38.48513],[-122.57083,38.48506],[-122.57079,38.48478],[-122.57078,38.48466],[-122.57079,38.48423],[-122.57081,38.48413],[-122.57084,38.48405],[-122.57091,38.48392],[-122.57097,38.48386],[-122.57107,38.48373],[-122.57108,38.48368],[-122.57109,38.4836],[-122.57108,38.48352],[-122.57099,38.48324],[-122.57097,38.48314],[-122.57098,38.4831],[-122.57104,38.483],[-122.57107,38.48296],[-122.5712,38.48288],[-122.57139,38.48289],[-122.57169,38.48288],[-122.57179,38.48286],[-122.57197,38.48279],[-122.57232,38.48264],[-122.57244,38.48258],[-122.57249,38.48254],[-122.5726,38.48249],[-122.57268,38.48247],[-122.57278,38.48246],[-122.57294,38.48249],[-122.57329,38.48262],[-122.57339,38.48267],[-122.57369,38.48281],[-122.57378,38.48283],[-122.57388,38.48283],[-122.57396,38.48282],[-122.57432,38.48272],[-122.57454,38.48266],[-122.57479,38.48256],[-122.57487,38.48254],[-122.57532,38.48249],[-122.57546,38.48246],[-122.57551,38.48245],[-122.57556,38.48242],[-122.57568,38.48234],[-122.57567,38.48226],[-122.57558,38.48214],[-122.57547,38.48206],[-122.57539,38.48202],[-122.5753,38.48195],[-122.57525,38.4819],[-122.57518,38.4818],[-122.57518,38.4817],[-122.57523,38.48162],[-122.57527,38.48158],[-122.5754,38.48151],[-122.57548,38.48148],[-122.57559,38.48145],[-122.5759,38.48141],[-122.57632,38.48142],[-122.57651,38.48138],[-122.57668,38.48131],[-122.57673,38.48129],[-122.57681,38.48123],[-122.57688,38.48115],[-122.57694,38.48102],[-122.57693,38.48092],[-122.57688,38.48061],[-122.57689,38.48053],[-122.57691,38.48047],[-122.57694,38.48041],[-122.577,38.48034],[-122.57706,38.48029],[-122.57724,38.48018],[-122.57732,38.48015],[-122.57746,38.48006],[-122.57762,38.48],[-122.57782,38.47995],[-122.57795,38.47993],[-122.57807,38.47994],[-122.57823,38.47998],[-122.57833,38.48005],[-122.57844,38.48016],[-122.57848,38.48024],[-122.5785,38.48033],[-122.57849,38.48049],[-122.57844,38.48062],[-122.57838,38.48074],[-122.57826,38.4809],[-122.57823,38.48097],[-122.57823,38.48099],[-122.57824,38.48108],[-122.57827,38.48111],[-122.57832,38.48115],[-122.57834,38.48115],[-122.57835,38.48116],[-122.57842,38.48119],[-122.57856,38.4812],[-122.57922,38.48107],[-122.57927,38.48106],[-122.57935,38.48108],[-122.57941,38.48111],[-122.57945,38.48118],[-122.5795,38.48139],[-122.57954,38.48149],[-122.57958,38.48153],[-122.57964,38.48158],[-122.57966,38.48159],[-122.57977,38.48161],[-122.5802,38.48166],[-122.58031,38.48168],[-122.58038,38.4817],[-122.58053,38.4817],[-122.58064,38.48167],[-122.58076,38.48164],[-122.58083,38.4816],[-122.58095,38.48156],[-122.58127,38.48142],[-122.58139,38.48137],[-122.5815,38.48134],[-122.58175,38.48129],[-122.58226,38.48121],[-122.5823,38.4812],[-122.58246,38.48116],[-122.58266,38.48111],[-122.58282,38.48108],[-122.58314,38.48097],[-122.58323,38.48095],[-122.58326,38.48094],[-122.58353,38.48085],[-122.58373,38.48082],[-122.58409,38.48081],[-122.58433,38.48077],[-122.58445,38.48075],[-122.58481,38.48068],[-122.58497,38.48065],[-122.58505,38.48064],[-122.58525,38.48058],[-122.58534,38.48054],[-122.58544,38.48052],[-122.58554,38.48047],[-122.58564,38.48042],[-122.58575,38.48033],[-122.586,38.48011],[-122.5862,38.47997],[-122.58637,38.4799],[-122.58643,38.47988],[-122.58648,38.47988],[-122.58671,38.47991],[-122.58676,38.47991],[-122.58681,38.4799],[-122.58698,38.47984],[-122.58704,38.47982],[-122.58713,38.47977],[-122.58734,38.47963],[-122.58736,38.4796],[-122.58759,38.47941],[-122.59749,38.47735],[-122.59763,38.47731],[-122.59831,38.47724],[-122.59857,38.47721],[-122.59926,38.47709],[-122.59964,38.47704],[-122.59985,38.47703],[-122.60023,38.47698],[-122.60057,38.4769],[-122.60091,38.47676],[-122.60098,38.4767],[-122.60128,38.47652],[-122.6014,38.47644],[-122.60154,38.47636],[-122.60173,38.47632],[-122.60186,38.47631],[-122.602,38.47632],[-122.60217,38.47635],[-122.60267,38.47638],[-122.60295,38.47638],[-122.6031,38.47636],[-122.60336,38.47631],[-122.60351,38.47626],[-122.60391,38.47608],[-122.60409,38.476],[-122.60439,38.47583],[-122.60478,38.47573],[-122.60492,38.47571],[-122.60511,38.4757],[-122.60541,38.47571],[-122.60564,38.47571],[-122.60583,38.47573],[-122.60596,38.47572],[-122.60648,38.47567],[-122.60659,38.47565],[-122.60671,38.47561],[-122.60698,38.47549],[-122.60734,38.47542],[-122.60755,38.47541],[-122.60785,38.47544],[-122.60808,38.47543],[-122.60835,38.47538],[-122.60843,38.47533],[-122.60847,38.47522],[-122.60849,38.47511],[-122.60849,38.47488],[-122.6083,38.47458],[-122.60827,38.47451],[-122.60824,38.4744],[-122.60822,38.47426],[-122.60823,38.47415],[-122.6084,38.47376],[-122.60853,38.47356],[-122.60863,38.47347],[-122.60869,38.47344],[-122.60876,38.47342],[-122.60887,38.4734],[-122.60897,38.4734],[-122.60907,38.47342],[-122.60936,38.47344],[-122.60986,38.47353],[-122.6103,38.4736],[-122.61037,38.4736],[-122.61051,38.47358],[-122.61059,38.47355],[-122.61088,38.4734],[-122.61109,38.47332],[-122.61127,38.47327],[-122.61148,38.47323],[-122.61156,38.47322],[-122.61174,38.47325],[-122.61187,38.4733],[-122.612,38.47336],[-122.6121,38.47341],[-122.61242,38.47363],[-122.61276,38.47387],[-122.61293,38.47396],[-122.61309,38.47403],[-122.61323,38.47406],[-122.61337,38.47407],[-122.61359,38.47406],[-122.61364,38.47404],[-122.61377,38.47396],[-122.61395,38.47379],[-122.61401,38.47374],[-122.61415,38.47367],[-122.61427,38.47362],[-122.61436,38.47356],[-122.61463,38.47333],[-122.61472,38.47327],[-122.61485,38.47322],[-122.61499,38.47318],[-122.61526,38.47314],[-122.61539,38.47313],[-122.61554,38.47312],[-122.61564,38.4731],[-122.61571,38.47307],[-122.6158,38.473],[-122.61595,38.47284],[-122.61619,38.47255],[-122.61635,38.47233],[-122.61651,38.47195],[-122.61661,38.47184],[-122.61666,38.47181],[-122.61677,38.47177],[-122.61716,38.47168],[-122.61719,38.47166],[-122.61732,38.47161],[-122.61736,38.47159],[-122.61742,38.47157],[-122.61753,38.47149],[-122.61783,38.47105],[-122.61789,38.47093],[-122.61796,38.47077],[-122.61798,38.47066],[-122.618,38.47064],[-122.61806,38.47032],[-122.61809,38.47022],[-122.61812,38.47015],[-122.61816,38.4701],[-122.61827,38.46987],[-122.61834,38.46979],[-122.61884,38.46935],[-122.61899,38.46912],[-122.61911,38.46896],[-122.61944,38.46863],[-122.61993,38.46823],[-122.62012,38.46814],[-122.62018,38.46808],[-122.62054,38.46785],[-122.6211,38.46754],[-122.62139,38.46745],[-122.622,38.46719],[-122.62215,38.46709],[-122.62229,38.46698],[-122.62236,38.46685],[-122.62238,38.46679],[-122.62176,38.46645],[-122.62174,38.46612],[-122.6217,38.46591],[-122.62179,38.46567],[-122.62184,38.46562],[-122.62195,38.46556],[-122.62213,38.46549],[-122.62239,38.4654],[-122.62249,38.46535],[-122.62268,38.46524],[-122.62289,38.46507],[-122.62304,38.46489],[-122.62312,38.46477],[-122.62321,38.46465],[-122.62325,38.46452],[-122.6233,38.46433],[-122.6233,38.46423],[-122.62327,38.46389],[-122.62327,38.46376],[-122.62333,38.46339],[-122.62338,38.46316],[-122.62345,38.46298],[-122.62346,38.46296],[-122.62354,38.46278],[-122.62376,38.46247],[-122.62413,38.46199],[-122.6244,38.46159],[-122.62452,38.46139],[-122.62511,38.46044],[-122.6253,38.4601],[-122.62546,38.45982],[-122.62554,38.45968],[-122.62571,38.45946],[-122.62584,38.45932],[-122.62592,38.45926],[-122.62608,38.45918],[-122.62615,38.45915],[-122.6267,38.45903],[-122.62688,38.459],[-122.62733,38.45883],[-122.62808,38.45832],[-122.62862,38.45785],[-122.62907,38.45746],[-122.62978,38.45713],[-122.63009,38.45707]]]},"properties":{"GEOID":"060971516012002","POP100":287,"HU100":159,"TRACT":"151601"}},{"type":"Feature","geometry":{"type":"Polygon","coordinates":[[[-122.62788,38.45598],[-122.62795,38.45594],[-122.62756,38.45576],[-122.62698,38.4555],[-122.62637,38.45522],[-122.62598,38.45504],[-122.62562,38.45487],[-122.62555,38.45483],[-122.62426,38.45423],[-122.62383,38.45403],[-122.62361,38.45392],[-122.62296,38.45362],[-122.62274,38.45352],[-122.6227,38.45365],[-122.6227,38.4537],[-122.6227,38.45371],[-122.6228,38.45429],[-122.62283,38.45449],[-122.62291,38.45501],[-122.62298,38.45537],[-122.623,38.45542],[-122.62301,38.45546],[-122.62307,38.45553],[-122.62315,38.45559],[-122.624,38.45599],[-122.6243,38.45613],[-122.62447,38.45623],[-122.6248,38.45638],[-122.62532,38.45663],[-122.62562,38.45678],[-122.62579,38.45684],[-122.62599,38.45691],[-122.62607,38.45692],[-122.62615,38.45692],[-122.6262,38.45691],[-122.62627,38.45689],[-122.62652,38.45676],[-122.6268,38.4566],[-122.62702,38.45648],[-122.62741,38.45627],[-122.6276,38.45615],[-122.62788,38.45598]]]},"properties":{"GEOID":"060971516012005","POP100":30,"HU100":10,"TRACT":"151601"}},{"type":"Feature","geometry":{"type":"Polygon","coordinates":[[[-122.5958,38.43808],[-122.5958,38.43803],[-122.59579,38.43794],[-122.59577,38.4379],[-122.59573,38.43783],[-122.59568,38.43778],[-122.59561,38.43773],[-122.59555,38.4377],[-122.59549,38.43768],[-122.59548,38.43767],[-122.59542,38.43766],[-122.59536,38.43765],[-122.59528,38.43764],[-122.59512,38.43765],[-122.59483,38.43769],[-122.59439,38.43776],[-122.59437,38.43776],[-122.594,38.43781],[-122.59365,38.43786],[-122.59284,38.43797],[-122.59276,38.43799],[-122.59268,38.43802],[-122.59262,38.43805],[-122.59258,38.43808],[-122.5925,38.43815],[-122.59243,38.43822],[-122.59238,38.4383],[-122.59268,38.43842],[-122.59303,38.43858],[-122.59356,38.4388],[-122.59385,38.43893],[-122.59409,38.43902],[-122.59412,38.43904],[-122.59417,38.43906],[-122.59428,38.43914],[-122.59434,38.43919],[-122.59458,38.43947],[-122.59473,38.43964],[-122.59493,38.43985],[-122.59513,38.43973],[-122.59516,38.43971],[-122.59519,38.43968],[-122.59528,38.43959],[-122.59533,38.43948],[-122.59543,38.43924],[-122.59547,38.43908],[-122.5955,38.439],[-122.59558,38.43875],[-122.59564,38.43858],[-122.5958,38.43808]]]},"properties":{"GEOID":"060971516013007","POP100":63,"HU100":45,"TRACT":"151601"}},{"type":"Feature","geometry":{"type":"Polygon","coordinates":[[[-122.6068,38.44365],[-122.6068,38.4435],[-122.60679,38.44327],[-122.60678,38.44302],[-122.60675,38.44288],[-122.6067,38.44278],[-122.60658,38.44246],[-122.60646,38.44249],[-122.60614,38.44257],[-122.60575,38.44269],[-122.6058,38.44281],[-122.60585,38.44296],[-122.60589,38.44315],[-122.6059,38.4433],[-122.60591,38.44345],[-122.60589,38.44366],[-122.60582,38.44397],[-122.6058,38.44402],[-122.60574,38.44417],[-122.60567,38.44431],[-122.60562,38.4444],[-122.60639,38.44472],[-122.60645,38.44464],[-122.60651,38.44455],[-122.60662,38.44435],[-122.60671,38.44408],[-122.60677,38.44384],[-122.6068,38.44365]]]},"properties":{"GEOID":"060971516011003","POP100":25,"HU100":18,"TRACT":"151601"}},{"type":"Feature","geometry":{"type":"Polygon","coordinates":[[[-122.53233,38.44526],[-122.53233,38.44513],[-122.5323,38.44507],[-122.53226,38.44501],[-122.53214,38.44491],[-122.53194,38.44481],[-122.53173,38.44475],[-122.53167,38.44462],[-122.53158,38.44413],[-122.53152,38.44396],[-122.53154,38.44341],[-122.53157,38.44338],[-122.53161,38.44327],[-122.53172,38.44313],[-122.53178,38.44307],[-122.53201,38.44292],[-122.53154,38.44286],[-122.53149,38.44285],[-122.53106,38.44278],[-122.53096,38.44275],[-122.53095,38.44273],[-122.53088,38.44272],[-122.53081,38.44269],[-122.53078,38.44268],[-122.53064,38.44265],[-122.53056,38.44265],[-122.53052,38.44266],[-122.53049,38.44266],[-122.53044,38.44267],[-122.53041,38.44267],[-122.53037,38.44266],[-122.53029,38.44265],[-122.5302,38.44266],[-122.53012,38.44265],[-122.53006,38.44264],[-122.52998,38.4426],[-122.52994,38.44259],[-122.52978,38.44248],[-122.52962,38.44235],[-122.52955,38.44231],[-122.52947,38.44228],[-122.52944,38.44227],[-122.52941,38.44226],[-122.52938,38.44225],[-122.52934,38.44224],[-122.52927,38.44222],[-122.5292,38.44222],[-122.52897,38.44224],[-122.52889,38.44224],[-122.52848,38.44215],[-122.52836,38.44213],[-122.52825,38.4421],[-122.52807,38.44205],[-122.52792,38.44198],[-122.52776,38.44193],[-122.52727,38.44183],[-122.52688,38.44173],[-122.5267,38.44164],[-122.52651,38.44157],[-122.52638,38.44154],[-122.52617,38.4415],[-122.52598,38.44149],[-122.52595,38.44148],[-122.52579,38.44146],[-122.52567,38.44143],[-122.52552,38.44139],[-122.52537,38.44136],[-122.52528,38.44135],[-122.52517,38.44132],[-122.52507,38.44128],[-122.52498,38.44123],[-122.52493,38.44121],[-122.52484,38.44119],[-122.52476,38.4412],[-122.5247,38.44121],[-122.52465,38.44123],[-122.52459,38.44127],[-122.5244,38.44145],[-122.52434,38.44149],[-122.52425,38.44153],[-122.52386,38.44168],[-122.52376,38.44173],[-122.52359,38.44184],[-122.52346,38.44196],[-122.52332,38.44207],[-122.52317,38.44218],[-122.52301,38.44228],[-122.52291,38.44235],[-122.52278,38.44247],[-122.52269,38.44255],[-122.52264,38.44258],[-122.52259,38.44261],[-122.52252,38.44263],[-122.52247,38.44262],[-122.52245,38.44262],[-122.52239,38.44259],[-122.52236,38.44256],[-122.52231,38.44239],[-122.52228,38.44228],[-122.52227,38.44213],[-122.52228,38.44207],[-122.52229,38.44201],[-122.52232,38.44195],[-122.52237,38.44187],[-122.52242,38.44182],[-122.5225,38.44176],[-122.52267,38.44165],[-122.52272,38.44161],[-122.52277,38.44154],[-122.5228,38.44148],[-122.52282,38.44135],[-122.52283,38.44122],[-122.52282,38.44118],[-122.5228,38.44113],[-122.52276,38.44109],[-122.5227,38.44105],[-122.52239,38.44097],[-122.52228,38.44092],[-122.5222,38.44086],[-122.52209,38.44077],[-122.52205,38.44072],[-122.522,38.44063],[-122.52196,38.44058],[-122.52191,38.44054],[-122.52185,38.4405],[-122.52179,38.44047],[-122.52175,38.44046],[-122.52168,38.44044],[-122.52156,38.44041],[-122.52147,38.44041],[-122.52126,38.44041],[-122.52116,38.44043],[-122.52091,38.44051],[-122.52069,38.44059],[-122.5206,38.4406],[-122.52055,38.4406],[-122.52048,38.44059],[-122.52042,38.44057],[-122.52033,38.44052],[-122.52027,38.44047],[-122.52022,38.44042],[-122.5202,38.44038],[-122.52013,38.44034],[-122.52008,38.44032],[-122.52,38.4403],[-122.51978,38.44026],[-122.51969,38.44024],[-122.51961,38.44022],[-122.51955,38.44019],[-122.51952,38.44017],[-122.51947,38.44008],[-122.51945,38.44002],[-122.51944,38.43998],[-122.51936,38.43984],[-122.51926,38.4397],[-122.51923,38.43965],[-122.51918,38.43961],[-122.5191,38.43956],[-122.51907,38.4395],[-122.51902,38.43939],[-122.51898,38.43929],[-122.51895,38.43915],[-122.51895,38.43906],[-122.51896,38.43895],[-122.51898,38.43888],[-122.519,38.43885],[-122.51905,38.43881],[-122.5191,38.43878],[-122.51914,38.43875],[-122.51917,38.43871],[-122.51918,38.43868],[-122.51918,38.43865],[-122.51917,38.43861],[-122.5191,38.43851],[-122.51903,38.43844],[-122.5189,38.43835],[-122.51878,38.43825],[-122.51875,38.43823],[-122.51849,38.43806],[-122.51843,38.43804],[-122.51838,38.43802],[-122.51829,38.438],[-122.51771,38.43799],[-122.51763,38.43798],[-122.51758,38.43796],[-122.51712,38.43779],[-122.51701,38.43777],[-122.51651,38.43773],[-122.51629,38.43772],[-122.51584,38.43771],[-122.51576,38.43772],[-122.51508,38.43778],[-122.51453,38.4378],[-122.51437,38.43781],[-122.51427,38.43781],[-122.51411,38.43781],[-122.51384,38.43777],[-122.51367,38.43772],[-122.51351,38.43767],[-122.51338,38.43761],[-122.51321,38.43753],[-122.51282,38.43732],[-122.51267,38.43725],[-122.51244,38.43715],[-122.51178,38.43696],[-122.51134,38.43685],[-122.51113,38.43678],[-122.51077,38.43663],[-122.51065,38.4366],[-122.51057,38.43659],[-122.51003,38.43653],[-122.5097,38.43649],[-122.50964,38.43649],[-122.50955,38.43649],[-122.50877,38.4366],[-122.5087,38.43662],[-122.50862,38.43665],[-122.50856,38.43668],[-122.50849,38.43672],[-122.50844,38.43677],[-122.50841,38.4368],[-122.50814,38.43717],[-122.50813,38.43723],[-122.50812,38.43725],[-122.50813,38.4373],[-122.50824,38.43763],[-122.50854,38.43828],[-122.50854,38.43834],[-122.50851,38.43841],[-122.50844,38.43845],[-122.50831,38.43848],[-122.50811,38.4385],[-122.50765,38.4385],[-122.50762,38.4385],[-122.50718,38.43852],[-122.50667,38.43855],[-122.50655,38.43858],[-122.50641,38.43862],[-122.50624,38.4387],[-122.50611,38.43877],[-122.50598,38.43885],[-122.50591,38.43889],[-122.50582,38.43891],[-122.50574,38.43889],[-122.50566,38.43882],[-122.50559,38.43871],[-122.50548,38.43861],[-122.50527,38.43848],[-122.50496,38.43829],[-122.50461,38.43808],[-122.5045,38.43802],[-122.50407,38.43783],[-122.50386,38.43769],[-122.50368,38.43759],[-122.50354,38.43754],[-122.50342,38.4375],[-122.50332,38.43749],[-122.5032,38.4375],[-122.50311,38.43752],[-122.50302,38.43751],[-122.50294,38.4375],[-122.50275,38.43744],[-122.50249,38.43735],[-122.50212,38.43724],[-122.50193,38.43716],[-122.50179,38.43713],[-122.50168,38.43712],[-122.50158,38.43713],[-122.50143,38.43716],[-122.50135,38.43719],[-122.50132,38.4372],[-122.50105,38.43735],[-122.50088,38.43746],[-122.50069,38.4376],[-122.50056,38.43769],[-122.50028,38.43792],[-122.50012,38.43809],[-122.49999,38.43824],[-122.49996,38.4383],[-122.49995,38.43831],[-122.4998,38.43864],[-122.49973,38.43875],[-122.49964,38.43887],[-122.49945,38.43904],[-122.49925,38.43921],[-122.49913,38.43933],[-122.49906,38.4394],[-122.499,38.43948],[-122.49894,38.43958],[-122.49887,38.43964],[-122.49885,38.43966],[-122.49874,38.43969],[-122.49859,38.43972],[-122.49834,38.43978],[-122.49818,38.43981],[-122.49796,38.43987],[-122.4979,38.43991],[-122.49784,38.43993],[-122.49778,38.43993],[-122.49776,38.43994],[-122.49769,38.43991],[-122.49724,38.43998],[-122.49709,38.44007],[-122.49698,38.44016],[-122.49691,38.44023],[-122.49688,38.44025],[-122.49685,38.44025],[-122.49675,38.44039],[-122.49659,38.44057],[-122.49657,38.44062],[-122.49658,38.44074],[-122.49664,38.44094],[-122.49664,38.44103],[-122.49662,38.44111],[-122.49646,38.44129],[-122.49648,38.44137],[-122.49655,38.4415],[-122.4966,38.44159],[-122.49662,38.44175],[-122.4966,38.44183],[-122.49657,38.44187],[-122.49654,38.44194],[-122.49651,38.44199],[-122.49648,38.44202],[-122.49644,38.44219],[-122.49651,38.44236],[-122.49652,38.44242],[-122.4965,38.44251],[-122.49647,38.4426],[-122.49644,38.44262],[-122.49638,38.44269],[-122.49613,38.44288],[-122.496,38.443],[-122.496,38.44304],[-122.49601,38.44323],[-122.49615,38.4433],[-122.49646,38.44343],[-122.4966,38.4435],[-122.49671,38.44358],[-122.49679,38.44364],[-122.49694,38.44381],[-122.49696,38.44387],[-122.49698,38.44396],[-122.49693,38.44428],[-122.49691,38.44438],[-122.49685,38.44447],[-122.49663,38.4447],[-122.49657,38.44488],[-122.49652,38.44496],[-122.49649,38.44513],[-122.49649,38.44533],[-122.49656,38.44578],[-122.49657,38.44652],[-122.49711,38.44681],[-122.49731,38.44694],[-122.49753,38.44706],[-122.49772,38.44715],[-122.49791,38.44727],[-122.49795,38.44732],[-122.49821,38.44807],[-122.49825,38.44815],[-122.49842,38.4484],[-122.49847,38.44845],[-122.49868,38.4486],[-122.49873,38.44862],[-122.49946,38.44886],[-122.49977,38.44899],[-122.50005,38.44916],[-122.50021,38.44928],[-122.50035,38.45029],[-122.50035,38.45042],[-122.50028,38.4509],[-122.50019,38.4512],[-122.50008,38.45147],[-122.50007,38.45159],[-122.5,38.45178],[-122.49994,38.45197],[-122.49993,38.45215],[-122.49996,38.45233],[-122.50016,38.45277],[-122.50033,38.45289],[-122.50033,38.45293],[-122.50109,38.4535],[-122.50113,38.45354],[-122.50125,38.45366],[-122.5015,38.45383],[-122.50151,38.45385],[-122.5016,38.45397],[-122.50172,38.45408],[-122.50186,38.45419],[-122.50188,38.4542],[-122.50206,38.45433],[-122.50225,38.45442],[-122.50262,38.4546],[-122.50297,38.45477],[-122.50313,38.45486],[-122.50325,38.45494],[-122.50334,38.45501],[-122.50338,38.45507],[-122.50378,38.45532],[-122.50393,38.45537],[-122.50405,38.45544],[-122.50413,38.45547],[-122.50429,38.45549],[-122.50437,38.45549],[-122.5047,38.45551],[-122.50484,38.45554],[-122.50491,38.45556],[-122.50544,38.45557],[-122.50583,38.45564],[-122.50597,38.45569],[-122.50517,38.45609],[-122.504,38.45591],[-122.49786,38.45497],[-122.49666,38.45479],[-122.49687,38.45571],[-122.49693,38.45568],[-122.49697,38.45566],[-122.49701,38.45562],[-122.49709,38.45558],[-122.49713,38.45555],[-122.49716,38.45551],[-122.49732,38.4555],[-122.49748,38.4555],[-122.49777,38.45542],[-122.49782,38.45543],[-122.49789,38.45542],[-122.49794,38.45542],[-122.49802,38.45547],[-122.49813,38.45552],[-122.4982,38.45554],[-122.49827,38.45556],[-122.49832,38.45558],[-122.49859,38.4555],[-122.49873,38.45548],[-122.49884,38.45551],[-122.49903,38.45555],[-122.49926,38.45559],[-122.49931,38.45559],[-122.49942,38.45564],[-122.49946,38.45567],[-122.49952,38.45569],[-122.49956,38.45571],[-122.49963,38.45579],[-122.49966,38.45586],[-122.4997,38.45589],[-122.49976,38.45589],[-122.49987,38.45586],[-122.50002,38.4558],[-122.50007,38.45578],[-122.50012,38.45578],[-122.50017,38.45579],[-122.50019,38.45583],[-122.5002,38.45585],[-122.50025,38.45588],[-122.50026,38.45589],[-122.50029,38.45592],[-122.50038,38.45595],[-122.50043,38.45596],[-122.50049,38.45596],[-122.50057,38.45594],[-122.50065,38.45596],[-122.50072,38.45597],[-122.5008,38.45596],[-122.50087,38.45594],[-122.50096,38.45591],[-122.50102,38.4559],[-122.50109,38.45589],[-122.5012,38.4559],[-122.50139,38.45593],[-122.50144,38.45595],[-122.50151,38.45598],[-122.50164,38.45601],[-122.50174,38.45605],[-122.50186,38.45609],[-122.50203,38.45612],[-122.50213,38.45616],[-122.50222,38.45618],[-122.50233,38.45619],[-122.50241,38.45622],[-122.50249,38.45625],[-122.50262,38.45628],[-122.50289,38.4564],[-122.50292,38.45644],[-122.50296,38.45651],[-122.50301,38.45654],[-122.50311,38.45656],[-122.50317,38.45659],[-122.5032,38.45663],[-122.50324,38.45671],[-122.50334,38.45679],[-122.50343,38.45683],[-122.50346,38.45686],[-122.50353,38.45687],[-122.50361,38.45689],[-122.5037,38.45693],[-122.50375,38.45698],[-122.50381,38.45701],[-122.50384,38.45706],[-122.50386,38.45712],[-122.50386,38.45718],[-122.50387,38.45722],[-122.50393,38.45727],[-122.50401,38.45728],[-122.50406,38.45728],[-122.50416,38.45725],[-122.50427,38.45721],[-122.50437,38.45717],[-122.50448,38.45714],[-122.50455,38.45711],[-122.50468,38.4571],[-122.50476,38.4571],[-122.50492,38.45708],[-122.50507,38.45707],[-122.50517,38.45706],[-122.50581,38.45712],[-122.50594,38.45718],[-122.50606,38.4572],[-122.50638,38.4572],[-122.50652,38.4572],[-122.50659,38.45721],[-122.50669,38.45721],[-122.50678,38.45722],[-122.50686,38.45725],[-122.50692,38.45729],[-122.507,38.45735],[-122.50709,38.45743],[-122.50714,38.45746],[-122.50719,38.45747],[-122.50764,38.45761],[-122.5079,38.45766],[-122.50815,38.4577],[-122.50818,38.45769],[-122.50822,38.45771],[-122.50831,38.45771],[-122.50835,38.45771],[-122.50845,38.45768],[-122.50852,38.45767],[-122.5086,38.45766],[-122.50865,38.45764],[-122.50869,38.45761],[-122.50877,38.45756],[-122.50887,38.45755],[-122.50897,38.45752],[-122.50904,38.4575],[-122.50909,38.45747],[-122.50919,38.45744],[-122.50937,38.45742],[-122.50948,38.4574],[-122.50957,38.45742],[-122.50962,38.45748],[-122.50964,38.45757],[-122.50964,38.45764],[-122.50964,38.45769],[-122.50966,38.45779],[-122.50967,38.45784],[-122.50972,38.45789],[-122.50974,38.45793],[-122.50977,38.45798],[-122.50978,38.45802],[-122.50978,38.45808],[-122.50978,38.45812],[-122.50977,38.45818],[-122.50976,38.45823],[-122.50974,38.45828],[-122.50971,38.45833],[-122.5097,38.45836],[-122.50965,38.45838],[-122.50958,38.45839],[-122.50952,38.45844],[-122.50947,38.45848],[-122.50943,38.4585],[-122.50938,38.45855],[-122.5093,38.45861],[-122.50924,38.45868],[-122.50915,38.45875],[-122.50909,38.45879],[-122.50907,38.45884],[-122.50901,38.4589],[-122.50896,38.45896],[-122.50889,38.45903],[-122.50883,38.45908],[-122.50876,38.4591],[-122.50869,38.45913],[-122.50868,38.45915],[-122.50857,38.45918],[-122.50859,38.45933],[-122.50859,38.45935],[-122.50858,38.45942],[-122.50857,38.45948],[-122.50857,38.45955],[-122.50858,38.4596],[-122.5086,38.45965],[-122.5086,38.45975],[-122.5086,38.4598],[-122.50857,38.45991],[-122.50857,38.45997],[-122.50857,38.46006],[-122.50854,38.46015],[-122.50854,38.46024],[-122.50855,38.46032],[-122.50858,38.46045],[-122.50869,38.46068],[-122.509,38.46093],[-122.50928,38.46111],[-122.50938,38.4612],[-122.50941,38.46129],[-122.50951,38.46162],[-122.50956,38.46169],[-122.50961,38.46176],[-122.50962,38.46182],[-122.50965,38.46189],[-122.50968,38.46194],[-122.50973,38.46196],[-122.50976,38.46198],[-122.50975,38.46203],[-122.50975,38.46208],[-122.50973,38.46216],[-122.5097,38.46221],[-122.50967,38.46226],[-122.50962,38.46233],[-122.5096,38.46242],[-122.50958,38.46245],[-122.50954,38.46248],[-122.50952,38.46253],[-122.50951,38.46257],[-122.50949,38.46259],[-122.50946,38.46267],[-122.50942,38.46273],[-122.50936,38.46279],[-122.50924,38.46289],[-122.50915,38.46298],[-122.5091,38.46302],[-122.50908,38.46307],[-122.50909,38.46312],[-122.50908,38.46314],[-122.50902,38.46321],[-122.50895,38.46325],[-122.50891,38.46325],[-122.5089,38.46326],[-122.50885,38.46329],[-122.50876,38.46331],[-122.50874,38.46333],[-122.50866,38.4634],[-122.50857,38.46351],[-122.50853,38.46355],[-122.5085,38.46357],[-122.50849,38.46361],[-122.50845,38.46369],[-122.50841,38.46375],[-122.50836,38.46384],[-122.5083,38.4639],[-122.50826,38.46395],[-122.50825,38.46403],[-122.50823,38.46408],[-122.50821,38.46412],[-122.50814,38.46423],[-122.5081,38.46428],[-122.50802,38.46436],[-122.50791,38.46448],[-122.50787,38.4645],[-122.50765,38.46452],[-122.50749,38.46444],[-122.50736,38.46433],[-122.50723,38.46421],[-122.50718,38.46418],[-122.50714,38.46417],[-122.50711,38.46417],[-122.50707,38.46416],[-122.50703,38.46413],[-122.50699,38.4641],[-122.50685,38.46411],[-122.50683,38.46412],[-122.50671,38.46406],[-122.50609,38.46411],[-122.50582,38.46449],[-122.50584,38.46453],[-122.50583,38.46456],[-122.5058,38.4646],[-122.50582,38.4647],[-122.50587,38.46477],[-122.50595,38.46485],[-122.50607,38.46498],[-122.50613,38.46502],[-122.50626,38.46508],[-122.50636,38.46514],[-122.50645,38.46516],[-122.50657,38.46522],[-122.50668,38.46531],[-122.5067,38.46537],[-122.50671,38.46542],[-122.50674,38.46549],[-122.50676,38.46554],[-122.50679,38.46556],[-122.50685,38.4656],[-122.50692,38.46562],[-122.50698,38.46564],[-122.50707,38.46568],[-122.50715,38.46574],[-122.5072,38.46578],[-122.50726,38.46582],[-122.50729,38.46585],[-122.50734,38.46591],[-122.5074,38.46597],[-122.50749,38.46605],[-122.50758,38.46607],[-122.50767,38.4661],[-122.50775,38.46612],[-122.50778,38.46614],[-122.50792,38.46614],[-122.50802,38.46616],[-122.50812,38.46614],[-122.50813,38.46613],[-122.50819,38.46616],[-122.50817,38.4662],[-122.50818,38.46626],[-122.50819,38.46631],[-122.5082,38.46636],[-122.50822,38.46639],[-122.50826,38.46646],[-122.50829,38.46651],[-122.50832,38.46654],[-122.5084,38.4666],[-122.50848,38.46668],[-122.5086,38.46675],[-122.50871,38.46681],[-122.50884,38.46688],[-122.50893,38.46695],[-122.50902,38.46699],[-122.50909,38.46702],[-122.50917,38.46705],[-122.50933,38.46711],[-122.50943,38.46717],[-122.50955,38.46721],[-122.5096,38.46724],[-122.50967,38.46729],[-122.5097,38.46733],[-122.50976,38.46734],[-122.50991,38.46736],[-122.51012,38.46736],[-122.51026,38.46736],[-122.51039,38.46735],[-122.5105,38.46729],[-122.51022,38.46691],[-122.51019,38.46673],[-122.51007,38.46653],[-122.50975,38.46601],[-122.50986,38.46578],[-122.51022,38.46547],[-122.51038,38.46534],[-122.51036,38.46495],[-122.51049,38.46472],[-122.51106,38.46479],[-122.51124,38.46489],[-122.51131,38.46497],[-122.51142,38.46519],[-122.51152,38.46536],[-122.51161,38.46545],[-122.51172,38.46552],[-122.51193,38.46561],[-122.51218,38.46568],[-122.51235,38.4657],[-122.51292,38.46575],[-122.51313,38.46579],[-122.5133,38.46584],[-122.51346,38.4659],[-122.51394,38.46602],[-122.51424,38.46609],[-122.5147,38.46617],[-122.51501,38.46629],[-122.51542,38.46656],[-122.51573,38.46672],[-122.51629,38.46693],[-122.51657,38.46704],[-122.51692,38.46712],[-122.51776,38.46727],[-122.51811,38.46737],[-122.51847,38.46741],[-122.51868,38.46744],[-122.51882,38.46745],[-122.51967,38.4674],[-122.51979,38.46738],[-122.52021,38.46729],[-122.52034,38.46728],[-122.52084,38.46731],[-122.5212,38.46728],[-122.52132,38.46726],[-122.52147,38.46722],[-122.52268,38.46683],[-122.52297,38.46677],[-122.52365,38.46665],[-122.52404,38.46661],[-122.52411,38.46659],[-122.52425,38.46653],[-122.52434,38.46647],[-122.52441,38.46639],[-122.52454,38.46616],[-122.52461,38.4661],[-122.52465,38.46605],[-122.52471,38.466],[-122.52481,38.46595],[-122.52483,38.46592],[-122.52489,38.46587],[-122.52497,38.46583],[-122.52512,38.46571],[-122.52538,38.46556],[-122.52541,38.46553],[-122.52547,38.46542],[-122.52551,38.46533],[-122.52553,38.46524],[-122.52556,38.46496],[-122.5256,38.4649],[-122.52566,38.46484],[-122.52571,38.46479],[-122.52584,38.4647],[-122.5266,38.46437],[-122.52674,38.46427],[-122.52677,38.46423],[-122.5268,38.46413],[-122.52677,38.46397],[-122.52673,38.46387],[-122.52662,38.46369],[-122.52659,38.46358],[-122.5266,38.46347],[-122.52669,38.46318],[-122.52668,38.46308],[-122.52666,38.46298],[-122.52659,38.46288],[-122.52654,38.46273],[-122.52657,38.46253],[-122.52665,38.46226],[-122.52667,38.46216],[-122.52666,38.46205],[-122.5266,38.46192],[-122.52651,38.46182],[-122.52642,38.46176],[-122.52632,38.46171],[-122.52597,38.46162],[-122.52592,38.46159],[-122.52588,38.46156],[-122.52569,38.46133],[-122.52558,38.46125],[-122.52542,38.46119],[-122.52524,38.46117],[-122.52517,38.46114],[-122.52481,38.46091],[-122.5248,38.46069],[-122.52481,38.46061],[-122.52483,38.46051],[-122.52488,38.46038],[-122.52497,38.46023],[-122.525,38.46012],[-122.52498,38.45993],[-122.52498,38.45982],[-122.525,38.45974],[-122.52502,38.45968],[-122.52519,38.45951],[-122.52552,38.45924],[-122.52582,38.45902],[-122.52593,38.4589],[-122.52603,38.4587],[-122.526,38.45855],[-122.52598,38.4585],[-122.52571,38.45812],[-122.52553,38.45795],[-122.5255,38.45789],[-122.52547,38.45786],[-122.52541,38.45771],[-122.52538,38.45767],[-122.52518,38.45747],[-122.5251,38.45741],[-122.52502,38.45738],[-122.52486,38.45724],[-122.52478,38.45708],[-122.5247,38.45691],[-122.52464,38.45673],[-122.52463,38.45663],[-122.52464,38.45629],[-122.52466,38.45599],[-122.52468,38.45592],[-122.52475,38.4558],[-122.52483,38.45568],[-122.52489,38.45564],[-122.52492,38.45559],[-122.52504,38.45549],[-122.52519,38.45534],[-122.52549,38.45506],[-122.52558,38.45501],[-122.52566,38.45499],[-122.52596,38.45497],[-122.52603,38.45496],[-122.52623,38.45486],[-122.5263,38.4548],[-122.52642,38.45462],[-122.52645,38.45462],[-122.52647,38.4546],[-122.52664,38.4543],[-122.52668,38.45425],[-122.52684,38.4541],[-122.52697,38.45401],[-122.52705,38.45398],[-122.52721,38.45387],[-122.52731,38.45381],[-122.52735,38.4538],[-122.52741,38.45377],[-122.5277,38.45359],[-122.52802,38.45335],[-122.52817,38.45313],[-122.52825,38.45281],[-122.52827,38.4525],[-122.52831,38.45232],[-122.52835,38.45223],[-122.52838,38.4522],[-122.52843,38.45217],[-122.52852,38.45213],[-122.52882,38.45207],[-122.52891,38.45205],[-122.52895,38.45203],[-122.529,38.45199],[-122.52917,38.45174],[-122.52926,38.45158],[-122.52931,38.45141],[-122.52934,38.45123],[-122.52935,38.45096],[-122.52933,38.45084],[-122.52931,38.45074],[-122.52918,38.4505],[-122.52914,38.45037],[-122.52912,38.45028],[-122.52912,38.45008],[-122.52913,38.45002],[-122.52925,38.44978],[-122.52935,38.44963],[-122.52939,38.44961],[-122.52945,38.44953],[-122.52958,38.44942],[-122.52982,38.44896],[-122.52993,38.44884],[-122.52996,38.44881],[-122.53012,38.44866],[-122.53018,38.44862],[-122.53035,38.44853],[-122.53049,38.44848],[-122.5305,38.44845],[-122.53085,38.44835],[-122.53096,38.44828],[-122.53103,38.44821],[-122.53108,38.44815],[-122.53121,38.44797],[-122.53133,38.44758],[-122.53166,38.44691],[-122.53172,38.44681],[-122.53181,38.44672],[-122.53183,38.44665],[-122.53205,38.44636],[-122.53212,38.44624],[-122.53219,38.44607],[-122.53229,38.44569],[-122.53233,38.44548],[-122.53233,38.44526]]]},"properties":{"GEOID":"060971516012007","POP100":16,"HU100":3,"TRACT":"151601"}},{"type":"Feature","geometry":{"type":"Polygon","coordinates":[[[-122.56816,38.42067],[-122.56825,38.42061],[-122.56807,38.42054],[-122.56749,38.42033],[-122.56691,38.42013],[-122.56637,38.41995],[-122.56546,38.41968],[-122.56468,38.42046],[-122.56481,38.42076],[-122.56482,38.42084],[-122.56483,38.42095],[-122.5648,38.4212],[-122.56473,38.42139],[-122.56464,38.42155],[-122.56451,38.42169],[-122.56445,38.42173],[-122.56437,38.42176],[-122.56422,38.42184],[-122.56379,38.42197],[-122.56358,38.42207],[-122.56321,38.42228],[-122.56297,38.42244],[-122.56279,38.4226],[-122.56269,38.42273],[-122.56266,38.42278],[-122.56264,38.42283],[-122.56254,38.42304],[-122.56246,38.42314],[-122.56234,38.42326],[-122.56225,38.42333],[-122.56189,38.42348],[-122.56157,38.42353],[-122.56148,38.42356],[-122.56144,38.42358],[-122.56141,38.42359],[-122.56138,38.42362],[-122.56133,38.42364],[-122.56118,38.42383],[-122.56102,38.42395],[-122.5609,38.424],[-122.56062,38.42408],[-122.56023,38.42413],[-122.55961,38.42424],[-122.55955,38.42426],[-122.5595,38.4243],[-122.55945,38.42434],[-122.55943,38.42436],[-122.55942,38.42451],[-122.55947,38.42458],[-122.55975,38.42481],[-122.55978,38.42491],[-122.55978,38.42492],[-122.55977,38.42502],[-122.55975,38.42517],[-122.55973,38.42518],[-122.55959,38.42522],[-122.55957,38.42524],[-122.55958,38.42528],[-122.55961,38.42533],[-122.55966,38.42537],[-122.55969,38.42547],[-122.55968,38.42566],[-122.55968,38.42585],[-122.55968,38.42596],[-122.5597,38.42619],[-122.55984,38.42639],[-122.56,38.42657],[-122.56008,38.42671],[-122.56009,38.4268],[-122.56007,38.42696],[-122.56005,38.42709],[-122.56003,38.42714],[-122.55998,38.42721],[-122.55986,38.42734],[-122.55969,38.42743],[-122.55963,38.42745],[-122.55958,38.42751],[-122.55983,38.42767],[-122.55993,38.42773],[-122.56003,38.42778],[-122.56038,38.42794],[-122.56063,38.42805],[-122.56091,38.42816],[-122.56107,38.42823],[-122.56157,38.42844],[-122.56174,38.42851],[-122.56194,38.4286],[-122.56212,38.42867],[-122.56256,38.42886],[-122.56277,38.42895],[-122.56294,38.42902],[-122.56323,38.42914],[-122.56414,38.42761],[-122.56355,38.42736],[-122.56492,38.42537],[-122.56484,38.42533],[-122.56514,38.42445],[-122.56522,38.42421],[-122.56588,38.4232],[-122.5663,38.42338],[-122.56701,38.42234],[-122.56816,38.42067]]]},"properties":{"GEOID":"060971516021000","POP100":64,"HU100":38,"TRACT":"151602"}},{"type":"Feature","geometry":{"type":"Polygon","coordinates":[[[-122.57697,38.43087],[-122.57701,38.4308],[-122.57691,38.43077],[-122.5768,38.43071],[-122.57674,38.43068],[-122.5767,38.43066],[-122.57656,38.43056],[-122.57644,38.43046],[-122.57639,38.43041],[-122.57633,38.43032],[-122.57626,38.4302],[-122.57618,38.43003],[-122.57617,38.43001],[-122.57614,38.42992],[-122.57609,38.42975],[-122.57583,38.42978],[-122.57577,38.42979],[-122.57563,38.42985],[-122.57553,38.4299],[-122.57545,38.42996],[-122.57538,38.43002],[-122.57534,38.43006],[-122.57531,38.4301],[-122.57522,38.43022],[-122.57507,38.43043],[-122.57497,38.43056],[-122.57488,38.43069],[-122.57483,38.43077],[-122.57481,38.43084],[-122.57479,38.43092],[-122.57479,38.43101],[-122.57479,38.43103],[-122.57481,38.43112],[-122.57482,38.43117],[-122.57487,38.43125],[-122.57491,38.43132],[-122.57493,38.43134],[-122.57499,38.4314],[-122.57508,38.43146],[-122.57525,38.43156],[-122.57541,38.43164],[-122.57545,38.43166],[-122.57556,38.4317],[-122.57564,38.43173],[-122.57574,38.43177],[-122.57598,38.43187],[-122.57605,38.4319],[-122.57615,38.43194],[-122.57617,38.43195],[-122.57625,38.43198],[-122.57627,38.43199],[-122.57635,38.43188],[-122.57647,38.4317],[-122.57658,38.43153],[-122.57665,38.43141],[-122.57672,38.43129],[-122.57692,38.43093],[-122.57693,38.43092],[-122.57697,38.43087]]]},"properties":{"GEOID":"060971516022000","POP100":45,"HU100":30,"TRACT":"151602"}},{"type":"Feature","geometry":{"type":"Polygon","coordinates":[[[-122.57871,38.43317],[-122.57871,38.43314],[-122.57867,38.4332],[-122.57859,38.43326],[-122.57854,38.43328],[-122.57843,38.43332],[-122.57832,38.43334],[-122.57827,38.43335],[-122.57821,38.43336],[-122.57815,38.43337],[-122.57809,38.43339],[-122.57803,38.43341],[-122.57798,38.43343],[-122.57792,38.43346],[-122.57788,38.4335],[-122.57783,38.43354],[-122.57779,38.43358],[-122.57775,38.43361],[-122.57768,38.43371],[-122.57763,38.43376],[-122.57759,38.4338],[-122.57754,38.43385],[-122.57749,38.4339],[-122.57743,38.43394],[-122.57729,38.43408],[-122.57725,38.43413],[-122.57722,38.43418],[-122.5772,38.43423],[-122.57719,38.43428],[-122.57725,38.43445],[-122.57729,38.4345],[-122.57735,38.43454],[-122.57739,38.43461],[-122.57747,38.43461],[-122.57755,38.43463],[-122.57764,38.43465],[-122.57773,38.43465],[-122.57782,38.43464],[-122.57789,38.43461],[-122.57797,38.43457],[-122.57803,38.43454],[-122.57808,38.43449],[-122.57812,38.43443],[-122.57816,38.43438],[-122.5782,38.43432],[-122.57823,38.43425],[-122.57828,38.43419],[-122.57832,38.43414],[-122.57833,38.43413],[-122.57835,38.43403],[-122.57841,38.43397],[-122.57853,38.43386],[-122.57858,38.43379],[-122.57862,38.43373],[-122.57865,38.43366],[-122.57868,38.43344],[-122.57868,38.43338],[-122.57868,38.43333],[-122.57869,38.43322],[-122.57871,38.43317]]]},"properties":{"GEOID":"060971516021008","POP100":21,"HU100":13,"TRACT":"151602"}},{"type":"Feature","geometry":{"type":"Polygon","coordinates":[[[-122.59197,38.43163],[-122.59192,38.43159],[-122.59154,38.43121],[-122.59141,38.4311],[-122.59128,38.43101],[-122.59125,38.43099],[-122.59111,38.43092],[-122.591,38.43087],[-122.59087,38.43083],[-122.59075,38.43078],[-122.5907,38.43076],[-122.5902,38.43059],[-122.59002,38.43053],[-122.58979,38.43045],[-122.58975,38.43044],[-122.58901,38.43019],[-122.58894,38.43016],[-122.58891,38.43014],[-122.58878,38.43007],[-122.5887,38.43002],[-122.58849,38.43018],[-122.58836,38.43028],[-122.58801,38.43055],[-122.5879,38.43061],[-122.58785,38.43064],[-122.58776,38.43069],[-122.58761,38.43075],[-122.58749,38.43079],[-122.58745,38.4308],[-122.5872,38.43092],[-122.58714,38.43095],[-122.58703,38.43101],[-122.58698,38.43104],[-122.58692,38.43109],[-122.58679,38.43122],[-122.58676,38.43124],[-122.58666,38.43135],[-122.58658,38.43146],[-122.58646,38.43158],[-122.58637,38.4317],[-122.58629,38.43182],[-122.58621,38.43194],[-122.5862,38.43195],[-122.586,38.43219],[-122.58617,38.4323],[-122.58635,38.43249],[-122.58651,38.43271],[-122.58686,38.4332],[-122.58717,38.43362],[-122.58718,38.43364],[-122.58736,38.43385],[-122.58749,38.434],[-122.58734,38.43407],[-122.58686,38.43429],[-122.5867,38.43436],[-122.58679,38.43451],[-122.58681,38.43455],[-122.58684,38.43463],[-122.58686,38.43476],[-122.58686,38.43484],[-122.58686,38.4349],[-122.58685,38.43498],[-122.58681,38.4351],[-122.58678,38.43517],[-122.58673,38.43525],[-122.58667,38.43535],[-122.5867,38.43537],[-122.58674,38.43538],[-122.58676,38.43539],[-122.58682,38.43542],[-122.58694,38.43547],[-122.58701,38.4355],[-122.58728,38.43559],[-122.58734,38.4356],[-122.5874,38.43564],[-122.58743,38.43568],[-122.58746,38.43571],[-122.58746,38.43576],[-122.58745,38.43579],[-122.58736,38.4359],[-122.58725,38.43603],[-122.58713,38.43619],[-122.58702,38.43634],[-122.58698,38.43642],[-122.58691,38.43658],[-122.5869,38.43659],[-122.58687,38.4367],[-122.5868,38.43705],[-122.58679,38.43713],[-122.58677,38.43731],[-122.58675,38.43754],[-122.58669,38.438],[-122.58666,38.4381],[-122.58663,38.43817],[-122.58661,38.4382],[-122.58649,38.43838],[-122.58667,38.43846],[-122.58685,38.43853],[-122.58692,38.43856],[-122.58718,38.43865],[-122.58755,38.43876],[-122.58776,38.43882],[-122.59013,38.43425],[-122.59197,38.43163]],[[-122.58914,38.43169],[-122.58913,38.43176],[-122.58911,38.4318],[-122.58908,38.43184],[-122.58902,38.43189],[-122.58888,38.43196],[-122.58868,38.43206],[-122.58858,38.4321],[-122.58843,38.43213],[-122.58841,38.43212],[-122.58833,38.43209],[-122.58829,38.43206],[-122.58826,38.43203],[-122.58824,38.43198],[-122.58821,38.43192],[-122.58816,38.43178],[-122.58811,38.43171],[-122.58805,38.4316],[-122.58797,38.4315],[-122.58791,38.43142],[-122.58787,38.43131],[-122.58786,38.43123],[-122.58787,38.43115],[-122.58789,38.4311],[-122.58791,38.43107],[-122.58794,38.43105],[-122.58805,38.43101],[-122.58815,38.431],[-122.58822,38.431],[-122.58828,38.43101],[-122.58838,38.43105],[-122.58845,38.43109],[-122.58868,38.43134],[-122.58882,38.43144],[-122.58894,38.4315],[-122.58906,38.43155],[-122.5891,38.43159],[-122.58913,38.43163],[-122.58914,38.43169]]]},"properties":{"GEOID":"060971516013003","POP100":176,"HU100":122,"TRACT":"151601"}},{"type":"Feature","geometry":{"type":"Polygon","coordinates":[[[-122.64798,38.45401],[-122.64798,38.45398],[-122.64797,38.45394],[-122.64794,38.4539],[-122.64791,38.45388],[-122.64774,38.45385],[-122.64763,38.45385],[-122.64753,38.45385],[-122.64747,38.45386],[-122.64731,38.4539],[-122.64716,38.45395],[-122.6471,38.45398],[-122.64674,38.45421],[-122.64636,38.45444],[-122.64625,38.45451],[-122.64623,38.45454],[-122.64621,38.45457],[-122.6462,38.45463],[-122.64622,38.4547],[-122.64627,38.45484],[-122.64631,38.45496],[-122.64634,38.455],[-122.64636,38.45505],[-122.64658,38.455],[-122.64684,38.45494],[-122.64694,38.45493],[-122.64703,38.45492],[-122.64718,38.45494],[-122.64725,38.45495],[-122.64747,38.45501],[-122.6475,38.45495],[-122.64758,38.4548],[-122.64772,38.45455],[-122.64789,38.45423],[-122.6479,38.45419],[-122.64798,38.45401]]]},"properties":{"GEOID":"060971516023007","POP100":8,"HU100":8,"TRACT":"151602"}},{"type":"Feature","geometry":{"type":"Polygon","coordinates":[[[-122.63699,38.45578],[-122.63732,38.45567],[-122.63697,38.4552],[-122.63644,38.45445],[-122.63625,38.45418],[-122.63583,38.45371],[-122.63552,38.45344],[-122.6355,38.45341],[-122.63,38.45031],[-122.62946,38.45069],[-122.62929,38.45081],[-122.62962,38.45108],[-122.62982,38.45127],[-122.63008,38.45143],[-122.63122,38.452],[-122.63126,38.45202],[-122.63145,38.45207],[-122.63159,38.4522],[-122.63164,38.45225],[-122.63051,38.45342],[-122.63015,38.45381],[-122.63116,38.45427],[-122.63144,38.45421],[-122.63205,38.45407],[-122.63209,38.45406],[-122.6322,38.45403],[-122.63224,38.45403],[-122.63245,38.45398],[-122.63259,38.45397],[-122.63261,38.45397],[-122.63271,38.45398],[-122.63281,38.45399],[-122.63296,38.45403],[-122.63363,38.45424],[-122.63367,38.45426],[-122.63384,38.4543],[-122.63397,38.45433],[-122.63411,38.45436],[-122.63435,38.45439],[-122.63452,38.45442],[-122.63463,38.45445],[-122.63467,38.45446],[-122.63491,38.45457],[-122.63504,38.45463],[-122.63513,38.45468],[-122.63525,38.45477],[-122.63532,38.45484],[-122.63566,38.45527],[-122.63571,38.45532],[-122.63577,38.45538],[-122.63603,38.45559],[-122.6361,38.45566],[-122.63616,38.45573],[-122.6362,38.45578],[-122.63628,38.45591],[-122.63644,38.45586],[-122.63699,38.45578]]]},"properties":{"GEOID":"060971516023005","POP100":36,"HU100":11,"TRACT":"151602"}},{"type":"Feature","geometry":{"type":"Polygon","coordinates":[[[-122.63646,38.45633],[-122.63644,38.45631],[-122.63643,38.45627],[-122.63638,38.45616],[-122.63628,38.45591],[-122.6362,38.45578],[-122.63616,38.45573],[-122.6361,38.45566],[-122.63603,38.45559],[-122.63577,38.45538],[-122.63571,38.45532],[-122.63566,38.45527],[-122.63532,38.45484],[-122.63525,38.45477],[-122.63513,38.45468],[-122.63504,38.45463],[-122.63491,38.45457],[-122.63467,38.45446],[-122.63463,38.45445],[-122.63452,38.45442],[-122.63435,38.45439],[-122.63411,38.45436],[-122.63397,38.45433],[-122.63384,38.4543],[-122.63367,38.45426],[-122.63363,38.45424],[-122.63296,38.45403],[-122.63281,38.45399],[-122.63271,38.45398],[-122.63261,38.45397],[-122.63259,38.45397],[-122.63245,38.45398],[-122.63224,38.45403],[-122.6322,38.45403],[-122.63209,38.45406],[-122.63205,38.45407],[-122.63144,38.45421],[-122.63116,38.45427],[-122.63068,38.45438],[-122.63057,38.45441],[-122.63042,38.45448],[-122.63038,38.4545],[-122.62985,38.4548],[-122.62971,38.45488],[-122.62918,38.4552],[-122.62893,38.45535],[-122.62837,38.45568],[-122.62819,38.45578],[-122.62808,38.45585],[-122.62799,38.45592],[-122.62795,38.45594],[-122.62821,38.45605],[-122.62854,38.45622],[-122.62882,38.45631],[-122.62982,38.4568],[-122.63028,38.45703],[-122.63055,38.45691],[-122.6308,38.45688],[-122.63136,38.45672],[-122.63149,38.4567],[-122.63183,38.45667],[-122.63239,38.45672],[-122.63342,38.45668],[-122.6346,38.4567],[-122.63509,38.45651],[-122.63522,38.45647],[-122.63572,38.45633],[-122.63646,38.45633]]]},"properties":{"GEOID":"060971516023000","POP100":64,"HU100":30,"TRACT":"151602"}},{"type":"Feature","geometry":{"type":"Polygon","coordinates":[[[-122.62893,38.45535],[-122.62918,38.4552],[-122.62891,38.45492],[-122.62889,38.45491],[-122.62865,38.45467],[-122.62852,38.45453],[-122.62804,38.45403],[-122.62798,38.45397],[-122.62776,38.45373],[-122.62761,38.4536],[-122.62755,38.45356],[-122.62751,38.45355],[-122.62746,38.45355],[-122.62742,38.45355],[-122.62732,38.45358],[-122.62716,38.45362],[-122.62713,38.45363],[-122.62705,38.45368],[-122.62701,38.45372],[-122.62677,38.45404],[-122.62651,38.45436],[-122.62632,38.45461],[-122.6263,38.45464],[-122.62598,38.45504],[-122.62637,38.45522],[-122.62698,38.4555],[-122.62756,38.45576],[-122.62795,38.45594],[-122.62799,38.45592],[-122.62808,38.45585],[-122.62819,38.45578],[-122.62837,38.45568],[-122.62893,38.45535]]]},"properties":{"GEOID":"060971516023004","POP100":45,"HU100":21,"TRACT":"151602"}},{"type":"Feature","geometry":{"type":"Polygon","coordinates":[[[-122.57018,38.48779],[-122.57024,38.48773],[-122.56999,38.48771],[-122.56964,38.48771],[-122.56902,38.48767],[-122.5682,38.48774],[-122.56746,38.48776],[-122.56687,38.48791],[-122.56621,38.48805],[-122.56544,38.48817],[-122.56512,38.48811],[-122.56455,38.48851],[-122.56414,38.48892],[-122.56367,38.4892],[-122.56317,38.4893],[-122.56273,38.48928],[-122.56246,38.48916],[-122.56218,38.48905],[-122.56186,38.4888],[-122.56132,38.48864],[-122.56084,38.48867],[-122.56033,38.48886],[-122.55987,38.48901],[-122.55953,38.48908],[-122.55919,38.48903],[-122.55895,38.4889],[-122.55869,38.48862],[-122.55842,38.48821],[-122.5581,38.48788],[-122.55773,38.48765],[-122.55737,38.48752],[-122.55712,38.48763],[-122.55672,38.48781],[-122.55627,38.48799],[-122.5559,38.48802],[-122.55563,38.4879],[-122.55545,38.48764],[-122.55534,38.48734],[-122.55525,38.48701],[-122.55505,38.48679],[-122.55481,38.4867],[-122.55467,38.48677],[-122.55444,38.48693],[-122.55413,38.48704],[-122.55382,38.48707],[-122.55357,38.48696],[-122.55336,38.4868],[-122.55299,38.4865],[-122.55262,38.48629],[-122.55225,38.4861],[-122.55196,38.4859],[-122.55168,38.4856],[-122.55146,38.48524],[-122.55129,38.48509],[-122.5508,38.48488],[-122.55037,38.48476],[-122.55002,38.48488],[-122.54989,38.48504],[-122.54966,38.4852],[-122.54953,38.48513],[-122.54915,38.48508],[-122.54848,38.48502],[-122.5473,38.48514],[-122.54694,38.4853],[-122.54575,38.48531],[-122.54567,38.48536],[-122.54553,38.4854],[-122.54541,38.48543],[-122.5452,38.48546],[-122.545,38.48549],[-122.54486,38.48551],[-122.5447,38.48551],[-122.54446,38.48547],[-122.54436,38.48545],[-122.54427,38.48544],[-122.54371,38.48542],[-122.54359,38.48542],[-122.54347,38.48545],[-122.54337,38.4855],[-122.54329,38.48555],[-122.5432,38.48559],[-122.54313,38.48561],[-122.54289,38.48562],[-122.54283,38.48564],[-122.54277,38.48569],[-122.5427,38.48581],[-122.54264,38.48588],[-122.54253,38.48602],[-122.5425,38.48608],[-122.5425,38.4862],[-122.54251,38.48626],[-122.54258,38.48637],[-122.54259,38.48641],[-122.54258,38.48648],[-122.54253,38.4866],[-122.54247,38.48668],[-122.54239,38.48676],[-122.54231,38.48682],[-122.54225,38.48685],[-122.54207,38.48693],[-122.54197,38.48696],[-122.54193,38.48699],[-122.54192,38.48703],[-122.54192,38.48706],[-122.54193,38.4871],[-122.54202,38.48726],[-122.54205,38.48733],[-122.54206,38.48739],[-122.54204,38.48754],[-122.54201,38.48763],[-122.54196,38.4877],[-122.5419,38.48775],[-122.54184,38.48779],[-122.54173,38.48782],[-122.54161,38.48783],[-122.54152,38.48784],[-122.54141,38.48785],[-122.54104,38.48784],[-122.54096,38.48784],[-122.5409,38.48786],[-122.54082,38.4879],[-122.54079,38.48791],[-122.54072,38.48792],[-122.54067,38.4879],[-122.54058,38.48785],[-122.54051,38.48782],[-122.54043,38.4878],[-122.54031,38.48779],[-122.54006,38.48777],[-122.54,38.48775],[-122.53949,38.48754],[-122.53936,38.48749],[-122.53905,38.48732],[-122.53892,38.48731],[-122.53905,38.48742],[-122.53927,38.48766],[-122.5396,38.48797],[-122.5397,38.48807],[-122.5398,38.48817],[-122.53992,38.48825],[-122.54006,38.48833],[-122.54017,38.48839],[-122.54026,38.48848],[-122.54035,38.48864],[-122.54037,38.48867],[-122.54039,38.48882],[-122.54043,38.48895],[-122.54042,38.48907],[-122.54042,38.48908],[-122.54041,38.48911],[-122.54042,38.48915],[-122.54036,38.48925],[-122.54032,38.48946],[-122.5403,38.48964],[-122.54034,38.48972],[-122.54038,38.4898],[-122.54041,38.48986],[-122.54045,38.48998],[-122.54048,38.49013],[-122.54053,38.49036],[-122.54057,38.49057],[-122.54059,38.49069],[-122.5406,38.49082],[-122.54065,38.49103],[-122.54066,38.49111],[-122.54068,38.49118],[-122.5407,38.49125],[-122.54072,38.49131],[-122.54073,38.49135],[-122.54076,38.49139],[-122.54079,38.49143],[-122.54085,38.4915],[-122.54089,38.49154],[-122.54087,38.49159],[-122.54088,38.49167],[-122.54088,38.49177],[-122.54094,38.49184],[-122.54097,38.49191],[-122.541,38.49201],[-122.54104,38.49209],[-122.54112,38.4922],[-122.54129,38.49242],[-122.54145,38.49258],[-122.54156,38.49268],[-122.54161,38.49272],[-122.54162,38.49275],[-122.54163,38.49279],[-122.54164,38.49282],[-122.54166,38.49285],[-122.54171,38.49296],[-122.54173,38.49301],[-122.54175,38.49309],[-122.54178,38.49319],[-122.54191,38.4933],[-122.542,38.49337],[-122.54207,38.49343],[-122.54211,38.49348],[-122.54226,38.49363],[-122.54238,38.4937],[-122.54254,38.4938],[-122.54265,38.49389],[-122.54356,38.49391],[-122.54519,38.49427],[-122.54654,38.49431],[-122.54696,38.49443],[-122.54819,38.49476],[-122.54848,38.49484],[-122.54987,38.49529],[-122.55116,38.49614],[-122.55225,38.49667],[-122.55251,38.49668],[-122.55281,38.49674],[-122.55303,38.49677],[-122.55351,38.49689],[-122.55376,38.49699],[-122.55405,38.49713],[-122.55457,38.49727],[-122.55489,38.49739],[-122.55505,38.49741],[-122.55573,38.49744],[-122.55616,38.49747],[-122.55658,38.49743],[-122.55667,38.49745],[-122.55683,38.49753],[-122.55697,38.49759],[-122.55729,38.49762],[-122.55756,38.49766],[-122.55787,38.49776],[-122.55863,38.49779],[-122.55892,38.4978],[-122.55911,38.49778],[-122.55946,38.49774],[-122.55966,38.4977],[-122.56029,38.49749],[-122.56054,38.49744],[-122.56064,38.49744],[-122.56074,38.49745],[-122.56085,38.49749],[-122.56132,38.49776],[-122.56157,38.49785],[-122.56166,38.49787],[-122.56207,38.4979],[-122.56247,38.49793],[-122.56261,38.49792],[-122.56255,38.49781],[-122.56252,38.49744],[-122.56253,38.49735],[-122.56259,38.49717],[-122.56265,38.49705],[-122.56276,38.49695],[-122.56303,38.49679],[-122.56305,38.49677],[-122.5631,38.49675],[-122.56318,38.49666],[-122.56325,38.49655],[-122.56327,38.49649],[-122.56336,38.49636],[-122.56343,38.49629],[-122.56348,38.49625],[-122.56363,38.49614],[-122.56397,38.49594],[-122.56405,38.49588],[-122.56413,38.49575],[-122.56418,38.49565],[-122.56419,38.49554],[-122.56418,38.49518],[-122.5642,38.49504],[-122.56426,38.49483],[-122.56431,38.49469],[-122.56438,38.49462],[-122.56452,38.49434],[-122.56475,38.49407],[-122.5648,38.49394],[-122.56487,38.4935],[-122.56489,38.49342],[-122.565,38.49303],[-122.56503,38.49278],[-122.56503,38.49234],[-122.56505,38.4922],[-122.56511,38.49203],[-122.5652,38.49186],[-122.56531,38.49173],[-122.56533,38.4917],[-122.56605,38.49138],[-122.56634,38.49122],[-122.56641,38.49118],[-122.56686,38.49098],[-122.56693,38.49094],[-122.56712,38.49081],[-122.56726,38.49067],[-122.56758,38.49041],[-122.56809,38.49009],[-122.56835,38.48985],[-122.56839,38.48979],[-122.5684,38.48974],[-122.56846,38.48955],[-122.56856,38.48936],[-122.56867,38.4892],[-122.56878,38.48912],[-122.56927,38.48892],[-122.56937,38.48886],[-122.5694,38.48883],[-122.56946,38.48878],[-122.56955,38.48867],[-122.56959,38.4886],[-122.56971,38.48847],[-122.57018,38.48779]]]},"properties":{"GEOID":"060971516012001","POP100":0,"HU100":0,"TRACT":"151601"}},{"type":"Feature","geometry":{"type":"Polygon","coordinates":[[[-122.5763,38.43248],[-122.57615,38.43194],[-122.5755,38.43213],[-122.5763,38.43248]]]},"properties":{"GEOID":"060971516021009","POP100":13,"HU100":2,"TRACT":"151602"}},{"type":"Feature","geometry":{"type":"Polygon","coordinates":[[[-122.59221,38.43133],[-122.5921,38.43123],[-122.59206,38.43117],[-122.59186,38.43084],[-122.59183,38.43081],[-122.59181,38.43078],[-122.5918,38.43075],[-122.59178,38.4307],[-122.59176,38.43055],[-122.59176,38.43048],[-122.59176,38.43045],[-122.59172,38.43045],[-122.59162,38.43045],[-122.59159,38.43045],[-122.59153,38.43045],[-122.59139,38.43047],[-122.59134,38.43047],[-122.59124,38.43049],[-122.59122,38.4305],[-122.59117,38.43052],[-122.59108,38.43057],[-122.59102,38.43061],[-122.59096,38.43069],[-122.59094,38.43072],[-122.59094,38.43073],[-122.59087,38.43083],[-122.591,38.43087],[-122.59111,38.43092],[-122.59125,38.43099],[-122.59128,38.43101],[-122.59141,38.4311],[-122.59154,38.43121],[-122.59192,38.43159],[-122.59197,38.43163],[-122.59221,38.43133]]]},"properties":{"GEOID":"060971516023027","POP100":9,"HU100":5,"TRACT":"151602"}},{"type":"Feature","geometry":{"type":"Polygon","coordinates":[[[-122.59294,38.4303],[-122.59285,38.4303],[-122.5927,38.43028],[-122.59263,38.43028],[-122.59248,38.43027],[-122.59239,38.43028],[-122.59233,38.43028],[-122.59228,38.43029],[-122.59226,38.43029],[-122.59219,38.43031],[-122.59207,38.43037],[-122.59196,38.43041],[-122.59189,38.43043],[-122.59187,38.43043],[-122.59176,38.43045],[-122.59176,38.43048],[-122.59176,38.43055],[-122.59178,38.4307],[-122.5918,38.43075],[-122.59181,38.43078],[-122.59183,38.43081],[-122.59186,38.43084],[-122.59206,38.43117],[-122.5921,38.43123],[-122.59221,38.43133],[-122.59264,38.43073],[-122.59294,38.4303]]]},"properties":{"GEOID":"060971516023028","POP100":11,"HU100":5,"TRACT":"151602"}},{"type":"Feature","geometry":{"type":"Polygon","coordinates":[[[-122.59726,38.42358],[-122.59728,38.42345],[-122.59717,38.42346],[-122.59685,38.42356],[-122.59676,38.4236],[-122.59667,38.42362],[-122.59664,38.42363],[-122.59651,38.4237],[-122.59601,38.42391],[-122.59594,38.42393],[-122.59583,38.42395],[-122.59578,38.42395],[-122.59561,38.42392],[-122.59548,38.4239],[-122.59531,38.42389],[-122.59494,38.42388],[-122.59458,38.4239],[-122.59445,38.42391],[-122.59443,38.42393],[-122.5944,38.42396],[-122.59439,38.42405],[-122.59441,38.42413],[-122.59443,38.42418],[-122.59446,38.42423],[-122.5945,38.42427],[-122.59461,38.42436],[-122.59472,38.42442],[-122.59487,38.42449],[-122.59496,38.42455],[-122.59502,38.4246],[-122.59505,38.42465],[-122.59505,38.42467],[-122.59504,38.42472],[-122.59502,38.42477],[-122.59498,38.42483],[-122.59495,38.42498],[-122.59499,38.42526],[-122.59498,38.42529],[-122.59497,38.42532],[-122.59493,38.42535],[-122.59482,38.42542],[-122.59475,38.42545],[-122.59463,38.42548],[-122.59441,38.42555],[-122.59429,38.42558],[-122.59396,38.42564],[-122.59391,38.42565],[-122.59384,38.42566],[-122.59379,38.42566],[-122.59376,38.42565],[-122.59366,38.42557],[-122.59362,38.42554],[-122.59354,38.42552],[-122.59349,38.42552],[-122.59341,38.42553],[-122.59334,38.42554],[-122.59336,38.42563],[-122.59337,38.42573],[-122.59335,38.4258],[-122.59321,38.42607],[-122.59316,38.42618],[-122.59314,38.42626],[-122.59313,38.42634],[-122.59313,38.42642],[-122.59315,38.42653],[-122.59318,38.4266],[-122.59321,38.42665],[-122.59322,38.42667],[-122.5933,38.42676],[-122.59336,38.42681],[-122.59344,38.42686],[-122.59354,38.42691],[-122.59366,38.42698],[-122.59375,38.42704],[-122.59383,38.42711],[-122.59391,38.42718],[-122.59396,38.42728],[-122.59399,38.42736],[-122.594,38.42747],[-122.594,38.42759],[-122.59397,38.42766],[-122.59394,38.42773],[-122.59387,38.42783],[-122.59381,38.42789],[-122.59369,38.428],[-122.59366,38.42802],[-122.59362,38.42807],[-122.59358,38.42813],[-122.59355,38.42822],[-122.59354,38.42831],[-122.59355,38.42835],[-122.59356,38.4284],[-122.59359,38.42845],[-122.59363,38.42851],[-122.5938,38.42866],[-122.59387,38.42874],[-122.59396,38.42887],[-122.59471,38.4279],[-122.59639,38.42538],[-122.59702,38.42466],[-122.59689,38.42442],[-122.59691,38.4243],[-122.59707,38.42394],[-122.59719,38.42377],[-122.59726,38.42358]]]},"properties":{"GEOID":"060971516023030","POP100":9,"HU100":5,"TRACT":"151602"}},{"type":"Feature","geometry":{"type":"Polygon","coordinates":[[[-122.60477,38.4148],[-122.60463,38.41484],[-122.60402,38.41503],[-122.60392,38.4151],[-122.60382,38.41516],[-122.60366,38.41532],[-122.6036,38.4154],[-122.60344,38.41572],[-122.60331,38.4159],[-122.60324,38.41601],[-122.60313,38.41607],[-122.60296,38.41615],[-122.60223,38.41643],[-122.60197,38.4165],[-122.60185,38.41657],[-122.60174,38.41673],[-122.60154,38.41696],[-122.60146,38.4171],[-122.60121,38.41731],[-122.60096,38.41746],[-122.60074,38.41755],[-122.60052,38.41769],[-122.60037,38.41784],[-122.60027,38.418],[-122.60022,38.41823],[-122.60022,38.41827],[-122.60063,38.42034],[-122.60477,38.4148]]]},"properties":{"GEOID":"060971516023018","POP100":0,"HU100":0,"TRACT":"151602"}},{"type":"Feature","geometry":{"type":"Polygon","coordinates":[[[-122.60436,38.43983],[-122.6044,38.43967],[-122.60393,38.4395],[-122.60346,38.43933],[-122.60325,38.43926],[-122.60307,38.43926],[-122.60289,38.43938],[-122.60272,38.43951],[-122.60284,38.43962],[-122.6029,38.43968],[-122.60297,38.43975],[-122.60302,38.43981],[-122.60312,38.43991],[-122.60322,38.43998],[-122.60355,38.44031],[-122.60361,38.44037],[-122.6041,38.4401],[-122.60427,38.43996],[-122.60436,38.43983]]]},"properties":{"GEOID":"060971516023022","POP100":24,"HU100":18,"TRACT":"151602"}},{"type":"Feature","geometry":{"type":"Polygon","coordinates":[[[-122.56546,38.41968],[-122.56493,38.41953],[-122.5636,38.41913],[-122.56353,38.4191],[-122.56344,38.41903],[-122.56339,38.41897],[-122.56335,38.41891],[-122.56331,38.4188],[-122.56329,38.41857],[-122.56329,38.41849],[-122.56327,38.41839],[-122.56325,38.41833],[-122.56322,38.41829],[-122.56318,38.41823],[-122.56312,38.41819],[-122.56302,38.41813],[-122.5629,38.41807],[-122.56279,38.41802],[-122.56273,38.41798],[-122.5627,38.41794],[-122.56267,38.4179],[-122.56266,38.41785],[-122.56264,38.41757],[-122.56262,38.41752],[-122.5626,38.41747],[-122.56256,38.41743],[-122.56251,38.41738],[-122.56235,38.41724],[-122.56215,38.41708],[-122.562,38.41694],[-122.56193,38.41689],[-122.56182,38.41684],[-122.56174,38.41681],[-122.56165,38.4168],[-122.56157,38.41679],[-122.5614,38.41682],[-122.56132,38.41682],[-122.56125,38.4168],[-122.56115,38.41676],[-122.56067,38.41632],[-122.56064,38.4163],[-122.56061,38.41625],[-122.56061,38.41621],[-122.56063,38.416],[-122.56064,38.41594],[-122.56063,38.41587],[-122.5606,38.4158],[-122.56057,38.41576],[-122.56052,38.41573],[-122.56047,38.4157],[-122.56042,38.41568],[-122.56011,38.41562],[-122.56006,38.4156],[-122.56001,38.41557],[-122.5596,38.41523],[-122.55948,38.41513],[-122.55931,38.41498],[-122.55916,38.41481],[-122.55908,38.41469],[-122.55905,38.41467],[-122.5585,38.41401],[-122.55833,38.41386],[-122.5583,38.41382],[-122.55825,38.41365],[-122.55818,38.4135],[-122.55802,38.41314],[-122.55793,38.4129],[-122.55786,38.41276],[-122.55774,38.41256],[-122.5577,38.41251],[-122.55767,38.41245],[-122.5576,38.41236],[-122.55751,38.41228],[-122.55744,38.41224],[-122.55717,38.41211],[-122.55712,38.41207],[-122.55708,38.41203],[-122.55698,38.41188],[-122.55689,38.41179],[-122.55667,38.41163],[-122.55663,38.41158],[-122.55659,38.41148],[-122.55635,38.41104],[-122.55615,38.41064],[-122.5561,38.41059],[-122.55601,38.41052],[-122.55585,38.41063],[-122.55575,38.41068],[-122.55565,38.41071],[-122.55538,38.41077],[-122.55503,38.41083],[-122.55451,38.41091],[-122.55416,38.41095],[-122.55397,38.41096],[-122.55383,38.41097],[-122.55382,38.41117],[-122.55382,38.41132],[-122.55377,38.41178],[-122.55377,38.4118],[-122.55377,38.41198],[-122.55378,38.41235],[-122.55383,38.41266],[-122.55384,38.4127],[-122.55395,38.4129],[-122.55401,38.41298],[-122.55415,38.41313],[-122.55433,38.41332],[-122.55458,38.41357],[-122.55499,38.41414],[-122.55509,38.41426],[-122.55543,38.41465],[-122.55555,38.41477],[-122.55579,38.41501],[-122.55606,38.41527],[-122.55609,38.41529],[-122.55621,38.41536],[-122.5563,38.41544],[-122.55643,38.41554],[-122.55658,38.41563],[-122.55662,38.41567],[-122.55677,38.41573],[-122.55724,38.41598],[-122.55755,38.41607],[-122.55796,38.41616],[-122.55797,38.41617],[-122.5582,38.41624],[-122.55832,38.41627],[-122.5585,38.41633],[-122.55865,38.41636],[-122.55883,38.41641],[-122.55892,38.41644],[-122.55921,38.41659],[-122.55946,38.41673],[-122.55954,38.41678],[-122.56019,38.41691],[-122.56021,38.41692],[-122.56037,38.41697],[-122.56051,38.41704],[-122.56054,38.41705],[-122.56056,38.41708],[-122.56064,38.41713],[-122.56086,38.41737],[-122.56102,38.41761],[-122.56105,38.41766],[-122.56107,38.41769],[-122.56115,38.41788],[-122.56123,38.41827],[-122.56126,38.41833],[-122.56129,38.41836],[-122.5614,38.41849],[-122.56146,38.41853],[-122.56152,38.41856],[-122.56167,38.41864],[-122.56194,38.41874],[-122.56206,38.41879],[-122.56214,38.41883],[-122.56237,38.41895],[-122.56248,38.41903],[-122.5626,38.4191],[-122.56289,38.41918],[-122.56305,38.4192],[-122.56315,38.41924],[-122.5632,38.41924],[-122.564,38.41939],[-122.56408,38.41941],[-122.56417,38.41943],[-122.56435,38.4195],[-122.56439,38.4198],[-122.56443,38.41994],[-122.5645,38.42011],[-122.56464,38.42034],[-122.56468,38.42046],[-122.56546,38.41968]]]},"properties":{"GEOID":"060971516021014","POP100":3,"HU100":1,"TRACT":"151602"}},{"type":"Feature","geometry":{"type":"Polygon","coordinates":[[[-122.65145,38.45408],[-122.6513,38.45371],[-122.65133,38.45365],[-122.65137,38.45359],[-122.65132,38.45338],[-122.65123,38.45283],[-122.65112,38.45252],[-122.6511,38.45242],[-122.65107,38.45239],[-122.65107,38.45202],[-122.65099,38.45165],[-122.6508,38.45156],[-122.65069,38.45153],[-122.65042,38.4514],[-122.65031,38.45118],[-122.65031,38.45113],[-122.65028,38.45108],[-122.6502,38.45084],[-122.6501,38.45058],[-122.65007,38.4505],[-122.65003,38.45038],[-122.64991,38.44999],[-122.64986,38.44953],[-122.64977,38.44859],[-122.64975,38.44849],[-122.64971,38.44843],[-122.64963,38.44822],[-122.6495,38.44793],[-122.64928,38.4474],[-122.64916,38.44716],[-122.64902,38.4469],[-122.64877,38.44641],[-122.64864,38.44615],[-122.64862,38.44611],[-122.64852,38.44584],[-122.64854,38.44581],[-122.64846,38.44582],[-122.64809,38.44585],[-122.64776,38.44588],[-122.6481,38.4482],[-122.6481,38.44908],[-122.64453,38.45143],[-122.64352,38.45134],[-122.6423,38.45547],[-122.64216,38.45591],[-122.64228,38.45637],[-122.64178,38.45656],[-122.64174,38.45657],[-122.64141,38.45671],[-122.64133,38.45673],[-122.64127,38.45674],[-122.64125,38.45674],[-122.64099,38.45673],[-122.64094,38.45674],[-122.6409,38.45676],[-122.64085,38.45683],[-122.64121,38.45686],[-122.6418,38.45694],[-122.64206,38.45696],[-122.64272,38.45703],[-122.64285,38.45703],[-122.64325,38.45703],[-122.64363,38.457],[-122.64433,38.45695],[-122.6456,38.45683],[-122.64572,38.45681],[-122.64614,38.45675],[-122.64676,38.45666],[-122.64693,38.45662],[-122.64691,38.45653],[-122.64691,38.45647],[-122.64693,38.4564],[-122.64698,38.4563],[-122.64718,38.45592],[-122.64734,38.4556],[-122.64742,38.4554],[-122.64743,38.45538],[-122.64745,38.45509],[-122.64746,38.45506],[-122.6479,38.4551],[-122.64819,38.45515],[-122.64834,38.45518],[-122.64875,38.45523],[-122.64894,38.45522],[-122.64946,38.45508],[-122.65003,38.45488],[-122.65033,38.45474],[-122.6505,38.45466],[-122.65079,38.45445],[-122.65099,38.45446],[-122.65103,38.45442],[-122.65145,38.45408]],[[-122.64798,38.45398],[-122.64798,38.45401],[-122.6479,38.45419],[-122.64789,38.45423],[-122.64772,38.45455],[-122.64758,38.4548],[-122.6475,38.45495],[-122.64747,38.45501],[-122.64725,38.45495],[-122.64718,38.45494],[-122.64703,38.45492],[-122.64694,38.45493],[-122.64684,38.45494],[-122.64658,38.455],[-122.64636,38.45505],[-122.64634,38.455],[-122.64631,38.45496],[-122.64627,38.45484],[-122.64622,38.4547],[-122.6462,38.45463],[-122.64621,38.45457],[-122.64623,38.45454],[-122.64625,38.45451],[-122.64636,38.45444],[-122.64674,38.45421],[-122.6471,38.45398],[-122.64716,38.45395],[-122.64731,38.4539],[-122.64747,38.45386],[-122.64753,38.45385],[-122.64763,38.45385],[-122.64774,38.45385],[-122.64791,38.45388],[-122.64794,38.4539],[-122.64797,38.45394],[-122.64798,38.45398]]]},"properties":{"GEOID":"060971516023006","POP100":101,"HU100":38,"TRACT":"151602"}},{"type":"Feature","geometry":{"type":"Polygon","coordinates":[[[-122.57797,38.43585],[-122.57819,38.43547],[-122.57784,38.43533],[-122.5775,38.43518],[-122.57682,38.43488],[-122.5768,38.43487],[-122.57648,38.43473],[-122.57632,38.43466],[-122.57628,38.43464],[-122.57584,38.43446],[-122.57567,38.43439],[-122.57549,38.43431],[-122.57492,38.43407],[-122.57482,38.43403],[-122.57473,38.43399],[-122.57446,38.43387],[-122.57432,38.43382],[-122.5731,38.4333],[-122.57308,38.4333],[-122.57217,38.43291],[-122.57098,38.43239],[-122.57079,38.43231],[-122.57075,38.4323],[-122.5707,38.43228],[-122.57056,38.43247],[-122.56923,38.43445],[-122.56873,38.43514],[-122.56786,38.43641],[-122.56738,38.43699],[-122.56695,38.43742],[-122.5667,38.4379],[-122.56647,38.43817],[-122.56645,38.43859],[-122.56669,38.43882],[-122.56686,38.43893],[-122.56709,38.43907],[-122.56734,38.43925],[-122.56753,38.4394],[-122.56781,38.43961],[-122.56808,38.43985],[-122.56839,38.44022],[-122.56849,38.44047],[-122.56867,38.44077],[-122.56883,38.44095],[-122.56906,38.44103],[-122.56911,38.44103],[-122.56956,38.44106],[-122.56984,38.44109],[-122.57014,38.44118],[-122.57043,38.44133],[-122.57072,38.44148],[-122.571,38.44168],[-122.57114,38.44176],[-122.57212,38.44198],[-122.57372,38.44233],[-122.57589,38.4428],[-122.57598,38.44258],[-122.57599,38.4425],[-122.57611,38.44218],[-122.57624,38.44183],[-122.57632,38.44156],[-122.57639,38.44135],[-122.57641,38.4413],[-122.57663,38.44054],[-122.57664,38.44053],[-122.57671,38.44029],[-122.57676,38.44016],[-122.57699,38.43951],[-122.57705,38.43932],[-122.57707,38.43927],[-122.57717,38.4389],[-122.57719,38.43876],[-122.5772,38.43871],[-122.57725,38.43842],[-122.57725,38.4384],[-122.57726,38.43818],[-122.57731,38.43739],[-122.57732,38.43729],[-122.57734,38.43711],[-122.57739,38.43694],[-122.57744,38.43682],[-122.57753,38.43666],[-122.57772,38.43637],[-122.57797,38.43585]]]},"properties":{"GEOID":"060971516012017","POP100":26,"HU100":8,"TRACT":"151601"}},{"type":"Feature","geometry":{"type":"Polygon","coordinates":[[[-122.60735,38.44168],[-122.60734,38.44163],[-122.60732,38.44158],[-122.6073,38.44154],[-122.60728,38.44151],[-122.60724,38.44147],[-122.60719,38.44144],[-122.6071,38.44138],[-122.60707,38.44135],[-122.60706,38.44131],[-122.60707,38.44129],[-122.60699,38.44127],[-122.60689,38.44121],[-122.60688,38.4412],[-122.60685,38.44117],[-122.60677,38.44114],[-122.60671,38.44112],[-122.60658,38.44113],[-122.60651,38.44116],[-122.60641,38.44123],[-122.60635,38.44125],[-122.60629,38.44128],[-122.60611,38.4414],[-122.60603,38.44145],[-122.60592,38.44152],[-122.60589,38.44159],[-122.60589,38.44165],[-122.60591,38.44168],[-122.60592,38.44172],[-122.60598,38.44178],[-122.60606,38.44185],[-122.60616,38.44192],[-122.60625,38.44195],[-122.60631,38.44197],[-122.60637,38.44197],[-122.60644,38.44196],[-122.60651,38.44195],[-122.60655,38.44193],[-122.60659,38.44193],[-122.60664,38.44191],[-122.60672,38.44186],[-122.60676,38.44183],[-122.60695,38.44179],[-122.60697,38.44179],[-122.60707,38.44176],[-122.60715,38.44172],[-122.60721,38.4417],[-122.60727,38.4417],[-122.60735,38.44168]]]},"properties":{"GEOID":"060971516023013","POP100":17,"HU100":16,"TRACT":"151602"}},{"type":"Feature","geometry":{"type":"Polygon","coordinates":[[[-122.57993,38.43692],[-122.58017,38.43628],[-122.57977,38.43612],[-122.57901,38.4358],[-122.57858,38.43563],[-122.57819,38.43547],[-122.57797,38.43585],[-122.57772,38.43637],[-122.57753,38.43666],[-122.57744,38.43682],[-122.57739,38.43694],[-122.57734,38.43711],[-122.57732,38.43729],[-122.57731,38.43739],[-122.57726,38.43818],[-122.57725,38.4384],[-122.57725,38.43842],[-122.57729,38.43859],[-122.57732,38.4387],[-122.57747,38.439],[-122.57752,38.43905],[-122.57757,38.4391],[-122.57763,38.43914],[-122.57769,38.43918],[-122.5778,38.43922],[-122.57792,38.43924],[-122.57801,38.43924],[-122.57839,38.43932],[-122.579,38.43947],[-122.57906,38.43931],[-122.57917,38.43902],[-122.57923,38.43883],[-122.57926,38.43875],[-122.5796,38.43782],[-122.57981,38.43723],[-122.57993,38.43692]]]},"properties":{"GEOID":"060971516012018","POP100":4,"HU100":1,"TRACT":"151601"}},{"type":"Feature","geometry":{"type":"Polygon","coordinates":[[[-122.59773,38.44591],[-122.59787,38.44552],[-122.59767,38.44531],[-122.59756,38.44519],[-122.59687,38.44495],[-122.5961,38.44491],[-122.59553,38.44495],[-122.59516,38.44488],[-122.59505,38.44486],[-122.59475,38.44474],[-122.59449,38.44457],[-122.59417,38.4444],[-122.59332,38.44386],[-122.59315,38.44366],[-122.59302,38.44348],[-122.59287,38.4432],[-122.59296,38.44314],[-122.59302,38.44307],[-122.59319,38.44277],[-122.59324,38.44269],[-122.59365,38.44192],[-122.5938,38.44163],[-122.59392,38.44142],[-122.59396,38.44132],[-122.59407,38.44113],[-122.59421,38.44084],[-122.59372,38.44072],[-122.59292,38.44053],[-122.59224,38.44037],[-122.59175,38.44025],[-122.59156,38.44021],[-122.59102,38.44007],[-122.59083,38.44003],[-122.59042,38.43993],[-122.58919,38.43964],[-122.58878,38.43955],[-122.58865,38.43952],[-122.58826,38.43943],[-122.58813,38.4394],[-122.58812,38.43939],[-122.58808,38.43938],[-122.58807,38.43938],[-122.58758,38.43926],[-122.58752,38.43925],[-122.58732,38.43919],[-122.58714,38.43914],[-122.58699,38.43918],[-122.58677,38.43944],[-122.58613,38.44042],[-122.58502,38.44201],[-122.58473,38.44245],[-122.58423,38.44322],[-122.58388,38.4438],[-122.58335,38.44467],[-122.58167,38.44717],[-122.57962,38.45033],[-122.57969,38.45031],[-122.57997,38.45018],[-122.58014,38.44989],[-122.58016,38.44987],[-122.58027,38.44974],[-122.58042,38.44957],[-122.58085,38.44912],[-122.58131,38.44905],[-122.58151,38.44904],[-122.58207,38.44901],[-122.58213,38.44902],[-122.58233,38.44904],[-122.58293,38.44911],[-122.58379,38.44923],[-122.58459,38.4492],[-122.58487,38.44921],[-122.58555,38.44923],[-122.58636,38.44935],[-122.5872,38.44955],[-122.58749,38.44974],[-122.58791,38.44975],[-122.58839,38.44964],[-122.58909,38.44966],[-122.58995,38.44974],[-122.59046,38.45],[-122.59137,38.45032],[-122.59223,38.45066],[-122.59232,38.4507],[-122.59249,38.45076],[-122.5935,38.45125],[-122.59459,38.45161],[-122.59501,38.4517],[-122.59544,38.45167],[-122.59604,38.45162],[-122.59659,38.45141],[-122.59667,38.45119],[-122.59675,38.4508],[-122.59676,38.45056],[-122.59677,38.45021],[-122.59684,38.44973],[-122.59666,38.44932],[-122.59643,38.44872],[-122.59618,38.44792],[-122.59652,38.44717],[-122.59713,38.4469],[-122.59742,38.4466],[-122.59765,38.44618],[-122.59773,38.44591]]]},"properties":{"GEOID":"060971516012012","POP100":2,"HU100":2,"TRACT":"151601"}},{"type":"Feature","geometry":{"type":"Polygon","coordinates":[[[-122.58,38.42778],[-122.57998,38.42764],[-122.57989,38.42749],[-122.57973,38.42739],[-122.57954,38.42728],[-122.5792,38.42718],[-122.579,38.4271],[-122.57889,38.42707],[-122.5788,38.42712],[-122.57877,38.4272],[-122.57877,38.42729],[-122.5788,38.42738],[-122.57886,38.42746],[-122.57894,38.42755],[-122.5792,38.42768],[-122.57966,38.42798],[-122.57976,38.42796],[-122.57987,38.42794],[-122.57996,38.42786],[-122.58,38.42778]]]},"properties":{"GEOID":"060971516022004","POP100":13,"HU100":7,"TRACT":"151602"}},{"type":"Feature","geometry":{"type":"Polygon","coordinates":[[[-122.60909,38.44529],[-122.6091,38.44523],[-122.60909,38.44515],[-122.60908,38.44509],[-122.60905,38.44503],[-122.60901,38.44496],[-122.60887,38.4448],[-122.60873,38.44466],[-122.60851,38.44446],[-122.60841,38.44439],[-122.60833,38.44434],[-122.60824,38.44427],[-122.6082,38.44425],[-122.60815,38.44424],[-122.60807,38.44423],[-122.60801,38.44424],[-122.60795,38.44427],[-122.60788,38.44433],[-122.60785,38.44438],[-122.60782,38.44445],[-122.60779,38.44455],[-122.60776,38.44468],[-122.60773,38.4448],[-122.60771,38.4449],[-122.60772,38.44498],[-122.60774,38.44504],[-122.6078,38.44514],[-122.60786,38.44522],[-122.60793,38.44526],[-122.60802,38.44531],[-122.60813,38.44537],[-122.60827,38.44541],[-122.60834,38.44542],[-122.60846,38.44543],[-122.60861,38.44544],[-122.60876,38.44544],[-122.60885,38.44545],[-122.60891,38.44544],[-122.60896,38.44543],[-122.60901,38.4454],[-122.60904,38.44538],[-122.60908,38.44533],[-122.60909,38.44529]]]},"properties":{"GEOID":"060971516011002","POP100":17,"HU100":11,"TRACT":"151601"}},{"type":"Feature","geometry":{"type":"Polygon","coordinates":[[[-122.58698,38.43642],[-122.58693,38.43641],[-122.58691,38.43641],[-122.5868,38.43639],[-122.58672,38.43639],[-122.5867,38.43639],[-122.58663,38.4364],[-122.58654,38.43643],[-122.58626,38.43653],[-122.58619,38.43655],[-122.58567,38.43672],[-122.58558,38.43675],[-122.58553,38.43678],[-122.58547,38.43682],[-122.58542,38.43687],[-122.58538,38.43692],[-122.58528,38.43706],[-122.58511,38.43731],[-122.58486,38.4377],[-122.58506,38.43778],[-122.58568,38.43804],[-122.58589,38.43813],[-122.58601,38.43818],[-122.58637,38.43833],[-122.58649,38.43838],[-122.58661,38.4382],[-122.58663,38.43817],[-122.58666,38.4381],[-122.58669,38.438],[-122.58675,38.43754],[-122.58677,38.43731],[-122.58679,38.43713],[-122.5868,38.43705],[-122.58687,38.4367],[-122.5869,38.43659],[-122.58691,38.43658],[-122.58698,38.43642]]]},"properties":{"GEOID":"060971516013002","POP100":39,"HU100":25,"TRACT":"151601"}},{"type":"Feature","geometry":{"type":"Polygon","coordinates":[[[-122.58064,38.42408],[-122.58072,38.42386],[-122.5805,38.42382],[-122.58037,38.42381],[-122.5802,38.42381],[-122.58007,38.42383],[-122.57995,38.42388],[-122.57984,38.42394],[-122.57966,38.42408],[-122.5794,38.42429],[-122.57933,38.42437],[-122.57925,38.42443],[-122.57919,38.42448],[-122.57907,38.42456],[-122.57899,38.4246],[-122.57891,38.42463],[-122.57876,38.42466],[-122.57865,38.42467],[-122.57859,38.42468],[-122.57852,38.42472],[-122.57848,38.42476],[-122.57845,38.4248],[-122.57842,38.42487],[-122.57841,38.42491],[-122.57841,38.42496],[-122.57842,38.42502],[-122.57845,38.42506],[-122.57852,38.42512],[-122.5786,38.42516],[-122.57867,38.42518],[-122.57875,38.42519],[-122.57884,38.42518],[-122.57898,38.42511],[-122.5791,38.42503],[-122.5793,38.42486],[-122.57939,38.42479],[-122.57953,38.42468],[-122.5797,38.42457],[-122.5798,38.42452],[-122.57987,38.42449],[-122.58013,38.42439],[-122.58034,38.42432],[-122.58045,38.42426],[-122.58052,38.42422],[-122.58057,38.42417],[-122.58064,38.42408]]]},"properties":{"GEOID":"060971516022006","POP100":17,"HU100":13,"TRACT":"151602"}},{"type":"Feature","geometry":{"type":"Polygon","coordinates":[[[-122.5799,38.43098],[-122.57993,38.43084],[-122.57973,38.43081],[-122.57969,38.4308],[-122.57946,38.43079],[-122.57928,38.43079],[-122.57911,38.4308],[-122.57908,38.43081],[-122.5789,38.43085],[-122.57874,38.43088],[-122.57852,38.43092],[-122.57843,38.43094],[-122.57823,38.43096],[-122.57798,38.43099],[-122.57796,38.43099],[-122.57779,38.43098],[-122.57759,38.43096],[-122.57742,38.43093],[-122.57737,38.43092],[-122.57727,38.43089],[-122.57713,38.43085],[-122.57701,38.4308],[-122.57697,38.43087],[-122.57693,38.43092],[-122.57692,38.43093],[-122.57672,38.43129],[-122.57665,38.43141],[-122.57705,38.43155],[-122.57718,38.4316],[-122.57758,38.43172],[-122.57761,38.43173],[-122.57807,38.43182],[-122.57825,38.43184],[-122.57838,38.43186],[-122.57853,38.43188],[-122.57866,38.43191],[-122.5788,38.43193],[-122.57903,38.43197],[-122.57922,38.43202],[-122.57935,38.43206],[-122.57948,38.43182],[-122.5795,38.43181],[-122.57962,38.43161],[-122.5797,38.43147],[-122.57977,38.43132],[-122.57985,38.43112],[-122.57986,38.4311],[-122.5799,38.43098]]]},"properties":{"GEOID":"060971516022008","POP100":42,"HU100":28,"TRACT":"151602"}},{"type":"Feature","geometry":{"type":"Polygon","coordinates":[[[-122.56532,38.38711],[-122.56532,38.38706],[-122.56531,38.38702],[-122.56529,38.38703],[-122.56514,38.38707],[-122.56501,38.38713],[-122.56468,38.38729],[-122.56466,38.38732],[-122.5646,38.38733],[-122.56452,38.38736],[-122.56449,38.38739],[-122.56445,38.38741],[-122.56426,38.38748],[-122.56415,38.38755],[-122.56405,38.38758],[-122.5638,38.38766],[-122.56369,38.38767],[-122.5635,38.38766],[-122.5633,38.38762],[-122.56261,38.38748],[-122.56248,38.38745],[-122.56225,38.38734],[-122.56203,38.38717],[-122.56191,38.38709],[-122.56174,38.38701],[-122.56149,38.38657],[-122.56143,38.38646],[-122.56121,38.38615],[-122.56117,38.38606],[-122.56101,38.38555],[-122.56099,38.38554],[-122.56095,38.38552],[-122.56094,38.38551],[-122.56091,38.38549],[-122.56085,38.38545],[-122.56083,38.38544],[-122.56067,38.38533],[-122.56039,38.38511],[-122.5602,38.38494],[-122.55979,38.38459],[-122.55964,38.38447],[-122.55935,38.38426],[-122.55922,38.38416],[-122.55899,38.38403],[-122.55882,38.38394],[-122.55864,38.38387],[-122.55831,38.38373],[-122.55805,38.38365],[-122.55761,38.38349],[-122.55756,38.38347],[-122.55748,38.38345],[-122.55689,38.38327],[-122.5567,38.38321],[-122.55618,38.38302],[-122.5561,38.38299],[-122.55606,38.38296],[-122.55593,38.38288],[-122.55582,38.38279],[-122.55557,38.38257],[-122.55541,38.38241],[-122.55527,38.3823],[-122.55511,38.38218],[-122.55494,38.38207],[-122.55477,38.38197],[-122.55436,38.38178],[-122.55378,38.38153],[-122.55327,38.3813],[-122.55266,38.38102],[-122.55252,38.38095],[-122.55245,38.38091],[-122.55239,38.38086],[-122.55236,38.38082],[-122.55205,38.38078],[-122.55203,38.38082],[-122.552,38.38089],[-122.552,38.38095],[-122.55186,38.38136],[-122.55183,38.38158],[-122.55186,38.38229],[-122.55189,38.38275],[-122.5519,38.38286],[-122.55194,38.38298],[-122.55201,38.38317],[-122.55216,38.38352],[-122.55238,38.38397],[-122.55249,38.3842],[-122.55249,38.38423],[-122.55251,38.38424],[-122.55257,38.38447],[-122.55259,38.38461],[-122.55257,38.38486],[-122.5525,38.38504],[-122.55244,38.38511],[-122.55234,38.38519],[-122.55159,38.38563],[-122.55129,38.38583],[-122.55128,38.38585],[-122.55124,38.38586],[-122.55123,38.38587],[-122.55114,38.38596],[-122.55102,38.38611],[-122.55088,38.3863],[-122.55076,38.38648],[-122.5507,38.38663],[-122.5507,38.38667],[-122.55076,38.38712],[-122.55075,38.38726],[-122.55078,38.38736],[-122.55079,38.38758],[-122.55081,38.38766],[-122.55082,38.38778],[-122.55085,38.38786],[-122.55099,38.3881],[-122.55117,38.38831],[-122.5513,38.38844],[-122.55162,38.38868],[-122.5518,38.38882],[-122.55216,38.38921],[-122.55222,38.38929],[-122.55233,38.38952],[-122.55245,38.38991],[-122.55245,38.39002],[-122.55243,38.39015],[-122.55236,38.39039],[-122.55233,38.39048],[-122.5522,38.39113],[-122.55208,38.39147],[-122.55206,38.3915],[-122.55205,38.39153],[-122.55202,38.39158],[-122.55184,38.39191],[-122.55183,38.39192],[-122.55169,38.39211],[-122.55157,38.39231],[-122.55133,38.39263],[-122.55123,38.3928],[-122.55119,38.39288],[-122.55115,38.39298],[-122.55107,38.39324],[-122.55102,38.39343],[-122.551,38.39349],[-122.55098,38.3936],[-122.55096,38.39369],[-122.55097,38.39385],[-122.55097,38.3939],[-122.55098,38.39398],[-122.55101,38.39412],[-122.55112,38.39445],[-122.55116,38.39455],[-122.55121,38.39466],[-122.55125,38.39477],[-122.55136,38.395],[-122.55146,38.39515],[-122.5515,38.39522],[-122.55156,38.39529],[-122.55166,38.39537],[-122.55187,38.3955],[-122.55196,38.39561],[-122.55198,38.39565],[-122.55206,38.39582],[-122.55207,38.39588],[-122.55225,38.39598],[-122.5555,38.39595],[-122.55608,38.39594],[-122.55807,38.39596],[-122.55805,38.39562],[-122.55838,38.39564],[-122.55848,38.39547],[-122.55869,38.39548],[-122.56085,38.39552],[-122.56222,38.3957],[-122.56368,38.3957],[-122.56366,38.39529],[-122.56365,38.39516],[-122.56365,38.39514],[-122.56364,38.39512],[-122.56363,38.3951],[-122.56366,38.39503],[-122.56366,38.39495],[-122.56365,38.3949],[-122.56364,38.39485],[-122.56362,38.3948],[-122.5636,38.39475],[-122.56355,38.39461],[-122.56353,38.39452],[-122.56352,38.39444],[-122.56352,38.39435],[-122.56352,38.39427],[-122.56353,38.39421],[-122.56353,38.39415],[-122.56357,38.39403],[-122.56346,38.39401],[-122.56347,38.39398],[-122.56345,38.39394],[-122.56343,38.39388],[-122.56342,38.39382],[-122.56338,38.39369],[-122.56336,38.39361],[-122.5633,38.39339],[-122.56328,38.39332],[-122.56326,38.39324],[-122.5632,38.39303],[-122.56318,38.39288],[-122.56319,38.39273],[-122.5632,38.39266],[-122.56322,38.39259],[-122.56326,38.39244],[-122.56328,38.39236],[-122.56331,38.39229],[-122.56333,38.39222],[-122.56337,38.39208],[-122.5634,38.39201],[-122.56341,38.39194],[-122.56343,38.39187],[-122.56347,38.39173],[-122.56351,38.39159],[-122.56353,38.39153],[-122.56357,38.3914],[-122.56358,38.39133],[-122.5636,38.39126],[-122.56362,38.39112],[-122.56362,38.39106],[-122.56363,38.39101],[-122.56364,38.39096],[-122.56366,38.39087],[-122.56368,38.39076],[-122.5637,38.39067],[-122.56371,38.39062],[-122.56381,38.39044],[-122.56385,38.39038],[-122.56388,38.39032],[-122.56392,38.39026],[-122.56397,38.39015],[-122.56401,38.39003],[-122.56404,38.38996],[-122.56407,38.3899],[-122.56413,38.38976],[-122.56416,38.38969],[-122.56419,38.38961],[-122.56426,38.38946],[-122.5643,38.38939],[-122.56437,38.38923],[-122.56441,38.38916],[-122.56452,38.38894],[-122.5646,38.3888],[-122.56475,38.38852],[-122.56479,38.38846],[-122.56479,38.38845],[-122.56487,38.38831],[-122.56491,38.38824],[-122.56495,38.38817],[-122.56499,38.3881],[-122.5651,38.3879],[-122.56514,38.38783],[-122.56518,38.38777],[-122.56521,38.3877],[-122.56526,38.38756],[-122.56528,38.3875],[-122.56529,38.38744],[-122.5653,38.38738],[-122.56531,38.38733],[-122.56531,38.38722],[-122.56532,38.38711]]]},"properties":{"GEOID":"060971516021017","POP100":54,"HU100":39,"TRACT":"151602"}},{"type":"Feature","geometry":{"type":"Polygon","coordinates":[[[-122.59547,38.44034],[-122.59556,38.44018],[-122.59543,38.44013],[-122.59524,38.44005],[-122.59515,38.44],[-122.59506,38.43995],[-122.59505,38.43994],[-122.59497,38.43989],[-122.59493,38.43985],[-122.59473,38.43964],[-122.59458,38.43947],[-122.59434,38.43919],[-122.59428,38.43914],[-122.59417,38.43906],[-122.59412,38.43904],[-122.59409,38.43902],[-122.59385,38.43893],[-122.59376,38.43905],[-122.5935,38.43941],[-122.59341,38.43953],[-122.59346,38.43956],[-122.59355,38.43961],[-122.59364,38.43966],[-122.59374,38.43974],[-122.59383,38.43983],[-122.5939,38.4399],[-122.59391,38.43992],[-122.594,38.44003],[-122.59403,38.44008],[-122.59413,38.44019],[-122.5942,38.44025],[-122.59426,38.4403],[-122.59433,38.44034],[-122.59441,38.44037],[-122.59456,38.44043],[-122.59481,38.44049],[-122.59489,38.44051],[-122.59502,38.44053],[-122.59515,38.44055],[-122.59521,38.44055],[-122.59529,38.44054],[-122.59533,38.44052],[-122.59536,38.4405],[-122.59539,38.44048],[-122.59542,38.44045],[-122.59547,38.44034]]]},"properties":{"GEOID":"060971516012025","POP100":21,"HU100":15,"TRACT":"151601"}},{"type":"Feature","geometry":{"type":"Polygon","coordinates":[[[-122.61616,38.44659],[-122.6162,38.44648],[-122.61596,38.44641],[-122.61582,38.44636],[-122.61572,38.44633],[-122.61544,38.44622],[-122.61539,38.4462],[-122.61526,38.44614],[-122.61469,38.44594],[-122.61464,38.44593],[-122.61431,38.44581],[-122.61393,38.44566],[-122.61392,38.44566],[-122.61344,38.44549],[-122.61293,38.44529],[-122.61281,38.44523],[-122.61266,38.44513],[-122.61249,38.445],[-122.61227,38.44516],[-122.61221,38.4452],[-122.61215,38.44523],[-122.61203,38.44527],[-122.61196,38.44528],[-122.6112,38.44537],[-122.61085,38.44542],[-122.61077,38.44543],[-122.61067,38.44544],[-122.61015,38.44549],[-122.61011,38.4455],[-122.60992,38.44551],[-122.60991,38.44575],[-122.60992,38.44578],[-122.60993,38.44586],[-122.60995,38.44595],[-122.60998,38.44603],[-122.61002,38.44611],[-122.61006,38.44617],[-122.61008,38.4462],[-122.61014,38.44626],[-122.61025,38.44636],[-122.61037,38.44644],[-122.61038,38.44644],[-122.61047,38.44649],[-122.61062,38.44655],[-122.61074,38.44659],[-122.61111,38.44672],[-122.61123,38.44676],[-122.61151,38.44687],[-122.61153,38.44688],[-122.61176,38.44695],[-122.61191,38.44698],[-122.61205,38.447],[-122.61216,38.44702],[-122.61239,38.44709],[-122.61262,38.44717],[-122.61268,38.4472],[-122.61277,38.44724],[-122.61289,38.44731],[-122.61306,38.44741],[-122.61369,38.44772],[-122.6139,38.44778],[-122.61397,38.4478],[-122.61419,38.44786],[-122.61439,38.44794],[-122.6146,38.44765],[-122.61465,38.4476],[-122.61471,38.44755],[-122.61482,38.44749],[-122.61488,38.44746],[-122.61496,38.44743],[-122.61529,38.44733],[-122.61543,38.44727],[-122.61561,38.44718],[-122.61573,38.44711],[-122.61587,38.44699],[-122.61601,38.44684],[-122.61611,38.44669],[-122.61616,38.44659]]]},"properties":{"GEOID":"060971516011001","POP100":75,"HU100":54,"TRACT":"151601"}},{"type":"Feature","geometry":{"type":"Polygon","coordinates":[[[-122.61249,38.445],[-122.61233,38.44487],[-122.61225,38.44481],[-122.61201,38.4446],[-122.61192,38.44453],[-122.61186,38.44447],[-122.61171,38.44434],[-122.61148,38.44451],[-122.61133,38.44461],[-122.61131,38.44462],[-122.61123,38.44465],[-122.61117,38.44466],[-122.6111,38.44466],[-122.61101,38.44466],[-122.61096,38.44465],[-122.61094,38.44464],[-122.61089,38.44462],[-122.61086,38.44461],[-122.61061,38.44442],[-122.61044,38.44428],[-122.61018,38.44403],[-122.60987,38.44378],[-122.60951,38.44346],[-122.60935,38.44331],[-122.60911,38.44312],[-122.60904,38.44307],[-122.60901,38.44304],[-122.60898,38.44301],[-122.6089,38.44292],[-122.60887,38.44285],[-122.60885,38.44281],[-122.60884,38.44272],[-122.60883,38.44265],[-122.60884,38.4426],[-122.60894,38.44236],[-122.60894,38.44227],[-122.60882,38.44225],[-122.60865,38.44221],[-122.60851,38.44218],[-122.60845,38.44218],[-122.60832,38.44217],[-122.60823,38.44217],[-122.60814,38.44216],[-122.60795,38.44217],[-122.60786,38.44217],[-122.60791,38.44251],[-122.60792,38.44262],[-122.60795,38.44289],[-122.60805,38.44313],[-122.60819,38.44333],[-122.60834,38.44348],[-122.60853,38.44365],[-122.60861,38.44371],[-122.60868,38.44377],[-122.60895,38.444],[-122.60924,38.44426],[-122.60929,38.44429],[-122.60937,38.44436],[-122.60954,38.4445],[-122.60966,38.44461],[-122.60978,38.44473],[-122.60984,38.44479],[-122.6099,38.44488],[-122.60992,38.44495],[-122.60994,38.44502],[-122.60995,38.44513],[-122.60994,38.44536],[-122.60992,38.44551],[-122.61011,38.4455],[-122.61015,38.44549],[-122.61067,38.44544],[-122.61077,38.44543],[-122.61085,38.44542],[-122.6112,38.44537],[-122.61196,38.44528],[-122.61203,38.44527],[-122.61215,38.44523],[-122.61221,38.4452],[-122.61227,38.44516],[-122.61249,38.445]]]},"properties":{"GEOID":"060971516011006","POP100":74,"HU100":57,"TRACT":"151601"}},{"type":"Feature","geometry":{"type":"Polygon","coordinates":[[[-122.59853,38.43891],[-122.59854,38.43885],[-122.59849,38.43873],[-122.59848,38.43867],[-122.59848,38.43854],[-122.59848,38.4383],[-122.59847,38.43813],[-122.59845,38.438],[-122.59841,38.43792],[-122.59838,38.43785],[-122.59833,38.43779],[-122.59827,38.43774],[-122.59823,38.4377],[-122.59818,38.43768],[-122.59814,38.43766],[-122.59812,38.43766],[-122.59805,38.43766],[-122.59802,38.43767],[-122.59799,38.43768],[-122.59795,38.43772],[-122.59793,38.43776],[-122.5979,38.43786],[-122.59786,38.43799],[-122.59784,38.43807],[-122.59781,38.43817],[-122.59775,38.43827],[-122.5977,38.43836],[-122.59767,38.4384],[-122.59755,38.43854],[-122.59751,38.43861],[-122.59749,38.43865],[-122.59748,38.4387],[-122.59747,38.43874],[-122.59749,38.43878],[-122.5975,38.43881],[-122.59752,38.43884],[-122.59756,38.43887],[-122.59761,38.43889],[-122.59766,38.4389],[-122.59774,38.43891],[-122.59778,38.43891],[-122.59789,38.4389],[-122.59804,38.43889],[-122.59819,38.43888],[-122.59831,38.43889],[-122.5984,38.43889],[-122.59853,38.43891]]]},"properties":{"GEOID":"060971516013009","POP100":24,"HU100":13,"TRACT":"151601"}},{"type":"Feature","geometry":{"type":"Polygon","coordinates":[[[-122.60397,38.44113],[-122.60421,38.44098],[-122.60376,38.44052],[-122.60361,38.44037],[-122.60355,38.44031],[-122.60322,38.43998],[-122.60312,38.43991],[-122.60302,38.43981],[-122.60297,38.43975],[-122.6029,38.43968],[-122.60284,38.43962],[-122.60272,38.43951],[-122.60256,38.43937],[-122.60248,38.4393],[-122.60234,38.43921],[-122.60229,38.43919],[-122.60218,38.43914],[-122.60206,38.43909],[-122.60135,38.43883],[-122.60112,38.43874],[-122.60066,38.43857],[-122.60024,38.43839],[-122.60012,38.43833],[-122.60002,38.43826],[-122.59987,38.43814],[-122.59976,38.43802],[-122.59968,38.43792],[-122.59964,38.43787],[-122.59962,38.43783],[-122.59958,38.43778],[-122.59955,38.43772],[-122.59954,38.43769],[-122.59951,38.43762],[-122.59945,38.43745],[-122.59941,38.43723],[-122.59934,38.43686],[-122.59923,38.4363],[-122.59916,38.43608],[-122.5991,38.43597],[-122.59904,38.43587],[-122.59899,38.4358],[-122.59896,38.43577],[-122.59888,38.43568],[-122.59878,38.43559],[-122.59872,38.43554],[-122.59868,38.43551],[-122.59856,38.43543],[-122.59852,38.43542],[-122.59847,38.43539],[-122.59829,38.43531],[-122.59819,38.43527],[-122.5978,38.43514],[-122.5977,38.43511],[-122.5975,38.43505],[-122.59745,38.43516],[-122.59739,38.43529],[-122.59733,38.43544],[-122.59729,38.4355],[-122.59723,38.43558],[-122.59721,38.43559],[-122.59713,38.43561],[-122.59707,38.43562],[-122.59674,38.43562],[-122.59561,38.43559],[-122.59552,38.43558],[-122.59545,38.43557],[-122.59538,38.43554],[-122.5953,38.43551],[-122.59524,38.43546],[-122.59516,38.43539],[-122.59512,38.43534],[-122.59509,38.43526],[-122.59508,38.43518],[-122.59506,38.43484],[-122.59508,38.43473],[-122.59512,38.43465],[-122.59516,38.4346],[-122.5952,38.43455],[-122.59526,38.43447],[-122.59538,38.43434],[-122.59526,38.43426],[-122.59512,38.43414],[-122.59502,38.43405],[-122.59492,38.43391],[-122.59486,38.43381],[-122.59478,38.43364],[-122.59476,38.4336],[-122.59459,38.43318],[-122.5945,38.43299],[-122.59449,38.43297],[-122.59442,38.43287],[-122.59435,38.43278],[-122.59423,38.43268],[-122.59422,38.43266],[-122.59407,38.43255],[-122.59394,38.43248],[-122.59382,38.43243],[-122.59381,38.43242],[-122.59367,38.43238],[-122.59345,38.4323],[-122.5928,38.43207],[-122.59277,38.43206],[-122.59259,38.43199],[-122.59247,38.43194],[-122.59235,38.43189],[-122.59221,38.4318],[-122.59219,38.43179],[-122.59208,38.43171],[-122.59197,38.43163],[-122.59013,38.43425],[-122.58776,38.43882],[-122.58782,38.43883],[-122.58796,38.43887],[-122.58809,38.4389],[-122.58834,38.43896],[-122.58835,38.43897],[-122.5884,38.43898],[-122.58841,38.43898],[-122.58852,38.43868],[-122.58856,38.43858],[-122.58861,38.43846],[-122.58875,38.4382],[-122.58889,38.43793],[-122.58907,38.43767],[-122.5892,38.4375],[-122.58922,38.43748],[-122.58923,38.43746],[-122.58936,38.43738],[-122.58949,38.43731],[-122.58959,38.43727],[-122.5897,38.43724],[-122.58975,38.43722],[-122.58988,38.43721],[-122.58996,38.43721],[-122.59004,38.43723],[-122.59015,38.43726],[-122.59024,38.43729],[-122.5903,38.43733],[-122.59035,38.43736],[-122.59042,38.43742],[-122.59048,38.43749],[-122.59056,38.43759],[-122.5906,38.43767],[-122.59062,38.43771],[-122.59067,38.43787],[-122.59081,38.43785],[-122.59101,38.43785],[-122.59103,38.43785],[-122.59114,38.43786],[-122.59126,38.43787],[-122.59139,38.4379],[-122.59151,38.43793],[-122.59169,38.438],[-122.59179,38.43805],[-122.59205,38.43816],[-122.59238,38.4383],[-122.59243,38.43822],[-122.5925,38.43815],[-122.59258,38.43808],[-122.59262,38.43805],[-122.59268,38.43802],[-122.59276,38.43799],[-122.59284,38.43797],[-122.59365,38.43786],[-122.594,38.43781],[-122.59437,38.43776],[-122.59439,38.43776],[-122.59483,38.43769],[-122.59512,38.43765],[-122.59528,38.43764],[-122.59536,38.43765],[-122.59542,38.43766],[-122.59548,38.43767],[-122.59549,38.43768],[-122.59555,38.4377],[-122.59561,38.43773],[-122.59568,38.43778],[-122.59573,38.43783],[-122.59577,38.4379],[-122.59579,38.43794],[-122.5958,38.43803],[-122.5958,38.43808],[-122.59564,38.43858],[-122.59558,38.43875],[-122.5955,38.439],[-122.59547,38.43908],[-122.59543,38.43924],[-122.59533,38.43948],[-122.59528,38.43959],[-122.59519,38.43968],[-122.59516,38.43971],[-122.59513,38.43973],[-122.59493,38.43985],[-122.59497,38.43989],[-122.59505,38.43994],[-122.59506,38.43995],[-122.59515,38.44],[-122.59524,38.44005],[-122.59543,38.44013],[-122.59556,38.44018],[-122.59573,38.44024],[-122.59622,38.44041],[-122.59639,38.44046],[-122.59651,38.44049],[-122.59656,38.44049],[-122.59672,38.44048],[-122.59682,38.44046],[-122.59691,38.44044],[-122.59696,38.44042],[-122.59705,38.44039],[-122.59726,38.44031],[-122.59734,38.44028],[-122.59764,38.4402],[-122.59783,38.44014],[-122.59793,38.44012],[-122.59801,38.44011],[-122.59807,38.4401],[-122.59811,38.4401],[-122.59818,38.44011],[-122.59831,38.44015],[-122.59851,38.44023],[-122.59873,38.44032],[-122.599,38.44045],[-122.5991,38.44051],[-122.59946,38.44072],[-122.59953,38.44078],[-122.5996,38.44084],[-122.59967,38.44094],[-122.5997,38.44101],[-122.59972,38.44109],[-122.59972,38.44122],[-122.5997,38.44132],[-122.59967,38.44137],[-122.59963,38.44143],[-122.59946,38.4417],[-122.59969,38.4418],[-122.59983,38.44187],[-122.60008,38.44199],[-122.60022,38.44203],[-122.6004,38.44209],[-122.601,38.44226],[-122.60113,38.44228],[-122.60133,38.44231],[-122.60141,38.44231],[-122.60153,38.44231],[-122.6017,38.4423],[-122.60182,38.44228],[-122.60195,38.44226],[-122.6021,38.44222],[-122.60225,38.44217],[-122.60244,38.44208],[-122.60256,38.44201],[-122.60269,38.44193],[-122.60397,38.44113]],[[-122.59854,38.43885],[-122.59853,38.43891],[-122.5984,38.43889],[-122.59831,38.43889],[-122.59819,38.43888],[-122.59804,38.43889],[-122.59789,38.4389],[-122.59778,38.43891],[-122.59774,38.43891],[-122.59766,38.4389],[-122.59761,38.43889],[-122.59756,38.43887],[-122.59752,38.43884],[-122.5975,38.43881],[-122.59749,38.43878],[-122.59747,38.43874],[-122.59748,38.4387],[-122.59749,38.43865],[-122.59751,38.43861],[-122.59755,38.43854],[-122.59767,38.4384],[-122.5977,38.43836],[-122.59775,38.43827],[-122.59781,38.43817],[-122.59784,38.43807],[-122.59786,38.43799],[-122.5979,38.43786],[-122.59793,38.43776],[-122.59795,38.43772],[-122.59799,38.43768],[-122.59802,38.43767],[-122.59805,38.43766],[-122.59812,38.43766],[-122.59814,38.43766],[-122.59818,38.43768],[-122.59823,38.4377],[-122.59827,38.43774],[-122.59833,38.43779],[-122.59838,38.43785],[-122.59841,38.43792],[-122.59845,38.438],[-122.59847,38.43813],[-122.59848,38.4383],[-122.59848,38.43854],[-122.59848,38.43867],[-122.59849,38.43873],[-122.59854,38.43885]],[[-122.59282,38.43593],[-122.59283,38.43603],[-122.59282,38.43607],[-122.5928,38.43609],[-122.59275,38.43612],[-122.59273,38.43613],[-122.59257,38.43617],[-122.59234,38.43623],[-122.59223,38.43627],[-122.59214,38.4363],[-122.59204,38.43633],[-122.59196,38.43637],[-122.59186,38.43641],[-122.59177,38.43645],[-122.59165,38.43655],[-122.59149,38.43669],[-122.59144,38.43675],[-122.59137,38.43682],[-122.59132,38.43689],[-122.59128,38.43692],[-122.59125,38.43694],[-122.59117,38.43698],[-122.59111,38.43697],[-122.59105,38.43695],[-122.59098,38.43691],[-122.59096,38.43689],[-122.59082,38.43683],[-122.59073,38.4368],[-122.59062,38.43678],[-122.59058,38.43677],[-122.59045,38.43676],[-122.59039,38.43676],[-122.59038,38.43669],[-122.59037,38.43657],[-122.59035,38.43648],[-122.59035,38.43634],[-122.59038,38.43624],[-122.59041,38.43618],[-122.59052,38.43604],[-122.59064,38.43589],[-122.59092,38.43554],[-122.59095,38.43552],[-122.591,38.4355],[-122.59104,38.43549],[-122.59113,38.4355],[-122.59123,38.43554],[-122.5913,38.43556],[-122.59133,38.43557],[-122.59166,38.43562],[-122.59199,38.43567],[-122.59206,38.43568],[-122.59251,38.43567],[-122.59257,38.43568],[-122.59265,38.43571],[-122.59271,38.43574],[-122.59273,38.43575],[-122.59277,38.43581],[-122.59279,38.43583],[-122.59282,38.43593]]]},"properties":{"GEOID":"060971516013005","POP100":331,"HU100":264,"TRACT":"151601"}},{"type":"Feature","geometry":{"type":"Polygon","coordinates":[[[-122.61201,38.44405],[-122.612,38.44397],[-122.61195,38.44391],[-122.61185,38.44381],[-122.61158,38.44363],[-122.61145,38.44357],[-122.61134,38.44349],[-122.61125,38.44341],[-122.61116,38.44329],[-122.61105,38.44311],[-122.61098,38.44302],[-122.61072,38.4428],[-122.61064,38.44277],[-122.61062,38.44276],[-122.61052,38.44276],[-122.61044,38.44276],[-122.61035,38.44279],[-122.61021,38.44291],[-122.61012,38.44298],[-122.61044,38.44325],[-122.61139,38.44407],[-122.61171,38.44434],[-122.61194,38.44418],[-122.61199,38.44413],[-122.61201,38.44405]]]},"properties":{"GEOID":"060971516023010","POP100":16,"HU100":13,"TRACT":"151602"}},{"type":"Feature","geometry":{"type":"Polygon","coordinates":[[[-122.60838,38.44172],[-122.60838,38.44165],[-122.60837,38.44161],[-122.60834,38.44157],[-122.6083,38.44153],[-122.60826,38.4415],[-122.60818,38.44146],[-122.60813,38.44145],[-122.60765,38.44128],[-122.60744,38.44121],[-122.60742,38.44121],[-122.60731,38.4412],[-122.6072,38.44122],[-122.60712,38.44124],[-122.60709,38.44126],[-122.60707,38.44129],[-122.60706,38.44131],[-122.60707,38.44135],[-122.6071,38.44138],[-122.60719,38.44144],[-122.60724,38.44147],[-122.60728,38.44151],[-122.6073,38.44154],[-122.60732,38.44158],[-122.60734,38.44163],[-122.60735,38.44168],[-122.60735,38.4417],[-122.60738,38.44179],[-122.60741,38.44184],[-122.60747,38.4419],[-122.60752,38.44197],[-122.60755,38.44204],[-122.60757,38.44209],[-122.6076,38.4422],[-122.60765,38.44219],[-122.6077,38.44219],[-122.60781,38.44218],[-122.60786,38.44217],[-122.60795,38.44217],[-122.60814,38.44216],[-122.60823,38.44217],[-122.60832,38.44217],[-122.60832,38.44207],[-122.60834,38.44192],[-122.60836,38.44183],[-122.60837,38.44181],[-122.60838,38.44178],[-122.60838,38.44172]]]},"properties":{"GEOID":"060971516023012","POP100":15,"HU100":12,"TRACT":"151602"}},{"type":"Feature","geometry":{"type":"Polygon","coordinates":[[[-122.59935,38.4216],[-122.59956,38.42123],[-122.59863,38.42092],[-122.59797,38.42094],[-122.59312,38.42107],[-122.59268,38.42306],[-122.5925,38.42406],[-122.5921,38.42638],[-122.59182,38.42776],[-122.5915,38.42932],[-122.5915,38.42943],[-122.5915,38.42978],[-122.59151,38.4299],[-122.59152,38.43001],[-122.59157,38.43034],[-122.59159,38.43045],[-122.59162,38.43045],[-122.59172,38.43045],[-122.59176,38.43045],[-122.59187,38.43043],[-122.59189,38.43043],[-122.59196,38.43041],[-122.59207,38.43037],[-122.59219,38.43031],[-122.59226,38.43029],[-122.59228,38.43029],[-122.59233,38.43028],[-122.59239,38.43028],[-122.59248,38.43027],[-122.59263,38.43028],[-122.5927,38.43028],[-122.59285,38.4303],[-122.59294,38.4303],[-122.59396,38.42887],[-122.59387,38.42874],[-122.5938,38.42866],[-122.59363,38.42851],[-122.59359,38.42845],[-122.59356,38.4284],[-122.59355,38.42835],[-122.59354,38.42831],[-122.59355,38.42822],[-122.59358,38.42813],[-122.59362,38.42807],[-122.59366,38.42802],[-122.59369,38.428],[-122.59381,38.42789],[-122.59387,38.42783],[-122.59394,38.42773],[-122.59397,38.42766],[-122.594,38.42759],[-122.594,38.42747],[-122.59399,38.42736],[-122.59396,38.42728],[-122.59391,38.42718],[-122.59383,38.42711],[-122.59375,38.42704],[-122.59366,38.42698],[-122.59354,38.42691],[-122.59344,38.42686],[-122.59336,38.42681],[-122.5933,38.42676],[-122.59322,38.42667],[-122.59321,38.42665],[-122.59318,38.4266],[-122.59315,38.42653],[-122.59313,38.42642],[-122.59313,38.42634],[-122.59314,38.42626],[-122.59316,38.42618],[-122.59321,38.42607],[-122.59335,38.4258],[-122.59337,38.42573],[-122.59336,38.42563],[-122.59334,38.42554],[-122.59341,38.42553],[-122.59349,38.42552],[-122.59354,38.42552],[-122.59362,38.42554],[-122.59366,38.42557],[-122.59376,38.42565],[-122.59379,38.42566],[-122.59384,38.42566],[-122.59391,38.42565],[-122.59396,38.42564],[-122.59429,38.42558],[-122.59441,38.42555],[-122.59463,38.42548],[-122.59475,38.42545],[-122.59482,38.42542],[-122.59493,38.42535],[-122.59497,38.42532],[-122.59498,38.42529],[-122.59499,38.42526],[-122.59495,38.42498],[-122.59498,38.42483],[-122.59502,38.42477],[-122.59504,38.42472],[-122.59505,38.42467],[-122.59505,38.42465],[-122.59502,38.4246],[-122.59496,38.42455],[-122.59487,38.42449],[-122.59472,38.42442],[-122.59461,38.42436],[-122.5945,38.42427],[-122.59446,38.42423],[-122.59443,38.42418],[-122.59441,38.42413],[-122.59439,38.42405],[-122.5944,38.42396],[-122.59443,38.42393],[-122.59445,38.42391],[-122.59458,38.4239],[-122.59494,38.42388],[-122.59531,38.42389],[-122.59548,38.4239],[-122.59561,38.42392],[-122.59578,38.42395],[-122.59583,38.42395],[-122.59594,38.42393],[-122.59601,38.42391],[-122.59651,38.4237],[-122.59664,38.42363],[-122.59667,38.42362],[-122.59676,38.4236],[-122.59685,38.42356],[-122.59717,38.42346],[-122.59728,38.42345],[-122.59728,38.42343],[-122.59735,38.42332],[-122.59739,38.42324],[-122.59742,38.42317],[-122.59753,38.42306],[-122.59758,38.42305],[-122.59765,38.42303],[-122.59775,38.42302],[-122.59774,38.42293],[-122.59776,38.42278],[-122.59778,38.42269],[-122.59781,38.42261],[-122.59788,38.42247],[-122.5979,38.42236],[-122.5979,38.42224],[-122.59835,38.42211],[-122.59859,38.42176],[-122.59935,38.4216]]]},"properties":{"GEOID":"060971516023029","POP100":57,"HU100":29,"TRACT":"151602"}},{"type":"Feature","geometry":{"type":"Polygon","coordinates":[[[-122.60995,38.44224],[-122.60994,38.44216],[-122.60991,38.44208],[-122.60986,38.44204],[-122.60968,38.44197],[-122.6093,38.44183],[-122.60921,38.44184],[-122.60916,38.44185],[-122.60912,38.44186],[-122.60906,38.44192],[-122.60905,38.44194],[-122.609,38.44202],[-122.60892,38.4422],[-122.60892,38.44223],[-122.60894,38.44227],[-122.60908,38.44232],[-122.60929,38.44241],[-122.60936,38.44244],[-122.6095,38.44251],[-122.60963,38.44259],[-122.60985,38.44238],[-122.6099,38.44233],[-122.60991,38.44231],[-122.60995,38.44224]]]},"properties":{"GEOID":"060971516023014","POP100":16,"HU100":5,"TRACT":"151602"}},{"type":"Feature","geometry":{"type":"Polygon","coordinates":[[[-122.60038,38.4363],[-122.60038,38.43618],[-122.60036,38.43613],[-122.60034,38.43607],[-122.60025,38.4359],[-122.60005,38.43557],[-122.59995,38.43538],[-122.59993,38.43535],[-122.59985,38.43524],[-122.59977,38.43516],[-122.59973,38.43513],[-122.59969,38.43511],[-122.59957,38.43505],[-122.59954,38.43504],[-122.59908,38.43487],[-122.59904,38.43486],[-122.59892,38.43482],[-122.59889,38.43488],[-122.59884,38.43494],[-122.59882,38.43497],[-122.5987,38.43512],[-122.59856,38.43528],[-122.59852,38.43533],[-122.59847,38.43539],[-122.59852,38.43542],[-122.59856,38.43543],[-122.59868,38.43551],[-122.59872,38.43554],[-122.59878,38.43559],[-122.59888,38.43568],[-122.59896,38.43577],[-122.59899,38.4358],[-122.59904,38.43587],[-122.5991,38.43597],[-122.59916,38.43608],[-122.59923,38.4363],[-122.59934,38.43686],[-122.59941,38.43723],[-122.59965,38.4372],[-122.59977,38.43719],[-122.59989,38.43717],[-122.59998,38.43717],[-122.60011,38.43714],[-122.6002,38.43711],[-122.60027,38.43706],[-122.6003,38.43702],[-122.60031,38.437],[-122.60033,38.43697],[-122.60034,38.43688],[-122.60033,38.43682],[-122.60032,38.43676],[-122.6003,38.43667],[-122.6003,38.43659],[-122.60032,38.43649],[-122.60036,38.4364],[-122.60037,38.43636],[-122.60038,38.4363]]]},"properties":{"GEOID":"060971516023024","POP100":35,"HU100":19,"TRACT":"151602"}},{"type":"Feature","geometry":{"type":"Polygon","coordinates":[[[-122.59745,38.43516],[-122.5975,38.43505],[-122.59737,38.43501],[-122.59723,38.43496],[-122.59698,38.43489],[-122.59685,38.43485],[-122.59662,38.43478],[-122.59613,38.43461],[-122.59583,38.43451],[-122.59568,38.43445],[-122.59559,38.43441],[-122.59549,38.43438],[-122.59538,38.43434],[-122.59526,38.43447],[-122.5952,38.43455],[-122.59516,38.4346],[-122.59512,38.43465],[-122.59508,38.43473],[-122.59506,38.43484],[-122.59508,38.43518],[-122.59509,38.43526],[-122.59512,38.43534],[-122.59516,38.43539],[-122.59524,38.43546],[-122.5953,38.43551],[-122.59538,38.43554],[-122.59545,38.43557],[-122.59552,38.43558],[-122.59561,38.43559],[-122.59674,38.43562],[-122.59707,38.43562],[-122.59713,38.43561],[-122.59721,38.43559],[-122.59723,38.43558],[-122.59729,38.4355],[-122.59733,38.43544],[-122.59739,38.43529],[-122.59745,38.43516]]]},"properties":{"GEOID":"060971516013008","POP100":36,"HU100":27,"TRACT":"151601"}},{"type":"Feature","geometry":{"type":"Polygon","coordinates":[[[-122.58443,38.43682],[-122.58447,38.43676],[-122.58431,38.43669],[-122.58391,38.43652],[-122.58385,38.4365],[-122.58369,38.43643],[-122.58336,38.43629],[-122.58312,38.43619],[-122.58236,38.43588],[-122.5823,38.43585],[-122.58202,38.43575],[-122.58176,38.4362],[-122.58172,38.43629],[-122.58172,38.43631],[-122.58172,38.43632],[-122.58172,38.43635],[-122.58175,38.4364],[-122.58177,38.43642],[-122.58279,38.43684],[-122.58346,38.43712],[-122.58406,38.43737],[-122.58412,38.43725],[-122.58413,38.43724],[-122.58439,38.43688],[-122.58443,38.43682]]]},"properties":{"GEOID":"060971516013000","POP100":28,"HU100":20,"TRACT":"151601"}},{"type":"Feature","geometry":{"type":"Polygon","coordinates":[[[-122.59376,38.43905],[-122.59385,38.43893],[-122.59356,38.4388],[-122.59303,38.43858],[-122.59268,38.43842],[-122.59238,38.4383],[-122.59205,38.43816],[-122.59179,38.43805],[-122.59169,38.438],[-122.59151,38.43793],[-122.59139,38.4379],[-122.59126,38.43787],[-122.59114,38.43786],[-122.59103,38.43785],[-122.59101,38.43785],[-122.59081,38.43785],[-122.59067,38.43787],[-122.59071,38.438],[-122.59073,38.43807],[-122.59078,38.43827],[-122.59081,38.43843],[-122.59083,38.43857],[-122.59091,38.43856],[-122.59096,38.43856],[-122.59102,38.43857],[-122.59116,38.4386],[-122.59131,38.43864],[-122.59134,38.43865],[-122.59146,38.43869],[-122.59158,38.43874],[-122.59162,38.43876],[-122.59171,38.43881],[-122.59211,38.43898],[-122.59227,38.43905],[-122.59244,38.43912],[-122.59293,38.43933],[-122.59297,38.43935],[-122.59309,38.43939],[-122.59316,38.43942],[-122.59323,38.43945],[-122.59335,38.4395],[-122.59341,38.43953],[-122.5935,38.43941],[-122.59376,38.43905]]]},"properties":{"GEOID":"060971516012026","POP100":39,"HU100":24,"TRACT":"151601"}},{"type":"Feature","geometry":{"type":"Polygon","coordinates":[[[-122.59067,38.43787],[-122.59062,38.43771],[-122.5906,38.43767],[-122.59056,38.43759],[-122.59048,38.43749],[-122.59042,38.43742],[-122.59035,38.43736],[-122.5903,38.43733],[-122.59024,38.43729],[-122.59015,38.43726],[-122.59004,38.43723],[-122.58996,38.43721],[-122.58988,38.43721],[-122.58975,38.43722],[-122.5897,38.43724],[-122.58959,38.43727],[-122.58949,38.43731],[-122.58936,38.43738],[-122.58923,38.43746],[-122.58922,38.43748],[-122.5892,38.4375],[-122.58907,38.43767],[-122.58889,38.43793],[-122.58875,38.4382],[-122.58861,38.43846],[-122.58856,38.43858],[-122.58852,38.43868],[-122.58841,38.43898],[-122.58859,38.43902],[-122.58881,38.43907],[-122.5891,38.43914],[-122.58928,38.43918],[-122.5893,38.4391],[-122.58938,38.43887],[-122.58942,38.43879],[-122.58948,38.43865],[-122.58957,38.4385],[-122.58965,38.43838],[-122.58977,38.43826],[-122.58984,38.43819],[-122.58994,38.43812],[-122.59004,38.43806],[-122.59018,38.438],[-122.59027,38.43797],[-122.59036,38.43793],[-122.59048,38.4379],[-122.59067,38.43787]]]},"properties":{"GEOID":"060971516013010","POP100":33,"HU100":19,"TRACT":"151601"}},{"type":"Feature","geometry":{"type":"Polygon","coordinates":[[[-122.597,38.43445],[-122.597,38.43437],[-122.59698,38.4343],[-122.59696,38.43425],[-122.59693,38.43421],[-122.59688,38.43416],[-122.59683,38.43413],[-122.59678,38.4341],[-122.59665,38.43404],[-122.59648,38.43395],[-122.59636,38.4339],[-122.59622,38.43382],[-122.59603,38.43373],[-122.59596,38.4337],[-122.59588,38.43367],[-122.59579,38.43365],[-122.59567,38.43364],[-122.59554,38.43364],[-122.59534,38.43367],[-122.59525,38.43369],[-122.59516,38.43372],[-122.59513,38.43373],[-122.59503,38.43376],[-122.59486,38.43381],[-122.59492,38.43391],[-122.59502,38.43405],[-122.59512,38.43414],[-122.59526,38.43426],[-122.59538,38.43434],[-122.59549,38.43438],[-122.59559,38.43441],[-122.59568,38.43445],[-122.59583,38.43451],[-122.59613,38.43461],[-122.59662,38.43478],[-122.59685,38.43485],[-122.59696,38.43463],[-122.59697,38.43458],[-122.597,38.43445]]]},"properties":{"GEOID":"060971516023025","POP100":24,"HU100":16,"TRACT":"151602"}},{"type":"Feature","geometry":{"type":"Polygon","coordinates":[[[-122.58698,38.43104],[-122.58703,38.43101],[-122.58697,38.43098],[-122.58684,38.43084],[-122.58673,38.43071],[-122.58664,38.43059],[-122.58652,38.43039],[-122.58646,38.43028],[-122.58615,38.42974],[-122.58608,38.42963],[-122.58597,38.42947],[-122.58588,38.42936],[-122.58583,38.42931],[-122.58574,38.42923],[-122.58564,38.42915],[-122.58554,38.42908],[-122.58543,38.42902],[-122.58529,38.42896],[-122.58517,38.42892],[-122.58497,38.42886],[-122.5848,38.42883],[-122.58478,38.42883],[-122.58461,38.42881],[-122.58454,38.42881],[-122.5845,38.42881],[-122.58424,38.42883],[-122.58412,38.42885],[-122.58399,38.42888],[-122.58391,38.42891],[-122.58377,38.42896],[-122.58366,38.42901],[-122.58358,38.42904],[-122.58345,38.42911],[-122.58332,38.4292],[-122.58311,38.42935],[-122.58299,38.42943],[-122.58255,38.42974],[-122.58253,38.42976],[-122.58189,38.43021],[-122.58171,38.43034],[-122.58131,38.43061],[-122.58116,38.43072],[-122.58115,38.43073],[-122.58107,38.4308],[-122.58092,38.43095],[-122.58077,38.43113],[-122.58098,38.43122],[-122.58161,38.43147],[-122.58182,38.43156],[-122.58215,38.43169],[-122.58316,38.4321],[-122.58322,38.43212],[-122.58335,38.43217],[-122.58349,38.43223],[-122.58359,38.43229],[-122.58372,38.43237],[-122.58376,38.43241],[-122.5838,38.43247],[-122.58382,38.43252],[-122.58384,38.43261],[-122.58383,38.4327],[-122.58381,38.43276],[-122.58379,38.43281],[-122.58375,38.43289],[-122.58366,38.43308],[-122.58349,38.43341],[-122.58331,38.43374],[-122.58252,38.43496],[-122.58247,38.43505],[-122.58202,38.43575],[-122.5823,38.43585],[-122.58236,38.43588],[-122.58312,38.43619],[-122.58336,38.43629],[-122.58369,38.43643],[-122.58386,38.43618],[-122.58407,38.43593],[-122.58412,38.43589],[-122.58417,38.43585],[-122.58426,38.43578],[-122.58438,38.43569],[-122.58456,38.43559],[-122.58474,38.4355],[-122.58489,38.43543],[-122.58517,38.43534],[-122.58562,38.43521],[-122.58578,38.43518],[-122.58591,38.43517],[-122.58601,38.43517],[-122.58615,38.43519],[-122.5863,38.43522],[-122.58646,38.43526],[-122.58667,38.43535],[-122.58673,38.43525],[-122.58678,38.43517],[-122.58681,38.4351],[-122.58685,38.43498],[-122.58686,38.4349],[-122.58686,38.43484],[-122.58686,38.43476],[-122.58684,38.43463],[-122.58681,38.43455],[-122.58679,38.43451],[-122.5867,38.43436],[-122.58658,38.43417],[-122.58655,38.43414],[-122.58645,38.43401],[-122.58639,38.43393],[-122.58608,38.4335],[-122.58593,38.43329],[-122.58585,38.43317],[-122.58578,38.43308],[-122.58574,38.433],[-122.5857,38.4329],[-122.58569,38.43282],[-122.58569,38.4327],[-122.58571,38.43263],[-122.58572,38.43258],[-122.58575,38.43252],[-122.58582,38.43241],[-122.58584,38.43239],[-122.586,38.43219],[-122.5862,38.43195],[-122.58621,38.43194],[-122.58629,38.43182],[-122.58637,38.4317],[-122.58646,38.43158],[-122.58658,38.43146],[-122.58666,38.43135],[-122.58676,38.43124],[-122.58679,38.43122],[-122.58692,38.43109],[-122.58698,38.43104]]]},"properties":{"GEOID":"060971516013011","POP100":177,"HU100":135,"TRACT":"151601"}},{"type":"Feature","geometry":{"type":"Polygon","coordinates":[[[-122.58661,38.43543],[-122.58667,38.43535],[-122.58646,38.43526],[-122.5863,38.43522],[-122.58615,38.43519],[-122.58601,38.43517],[-122.58591,38.43517],[-122.58578,38.43518],[-122.58562,38.43521],[-122.58517,38.43534],[-122.58489,38.43543],[-122.58474,38.4355],[-122.58456,38.43559],[-122.58438,38.43569],[-122.58426,38.43578],[-122.58417,38.43585],[-122.58412,38.43589],[-122.58407,38.43593],[-122.58386,38.43618],[-122.58369,38.43643],[-122.58385,38.4365],[-122.58391,38.43652],[-122.58431,38.43669],[-122.58447,38.43676],[-122.5846,38.43656],[-122.58474,38.43639],[-122.58478,38.43635],[-122.5848,38.43634],[-122.5849,38.43626],[-122.585,38.43619],[-122.58511,38.43613],[-122.58517,38.4361],[-122.58538,38.43603],[-122.58559,38.43597],[-122.58581,38.43592],[-122.58589,38.43589],[-122.58602,38.43585],[-122.5862,38.43576],[-122.58624,38.43573],[-122.58627,38.43571],[-122.58634,38.43567],[-122.58644,38.4356],[-122.58653,38.43552],[-122.58661,38.43543]]]},"properties":{"GEOID":"060971516013012","POP100":33,"HU100":21,"TRACT":"151601"}},{"type":"Feature","geometry":{"type":"Polygon","coordinates":[[[-122.54044,38.49881],[-122.5404,38.49876],[-122.54035,38.49871],[-122.54025,38.49862],[-122.54019,38.4986],[-122.54013,38.49859],[-122.54005,38.49857],[-122.53992,38.49854],[-122.53982,38.49851],[-122.53976,38.4985],[-122.5397,38.49851],[-122.53939,38.49855],[-122.53931,38.49853],[-122.53919,38.4985],[-122.53906,38.49843],[-122.53896,38.49837],[-122.53885,38.4983],[-122.53873,38.49828],[-122.53846,38.4983],[-122.53838,38.4983],[-122.53832,38.49828],[-122.53823,38.49826],[-122.53813,38.49824],[-122.53802,38.49823],[-122.53797,38.49822],[-122.53792,38.49818],[-122.53787,38.49815],[-122.53782,38.49816],[-122.53779,38.49818],[-122.53776,38.4982],[-122.53769,38.49829],[-122.53766,38.49835],[-122.53763,38.4984],[-122.53762,38.49842],[-122.53758,38.49848],[-122.53756,38.49858],[-122.53757,38.49876],[-122.53757,38.49882],[-122.53755,38.49888],[-122.53749,38.49898],[-122.53745,38.49903],[-122.53735,38.49915],[-122.53724,38.49927],[-122.5372,38.49931],[-122.53721,38.49939],[-122.53721,38.49943],[-122.53725,38.49949],[-122.53726,38.49954],[-122.53725,38.49959],[-122.53722,38.49964],[-122.53715,38.49969],[-122.5371,38.49973],[-122.53708,38.49978],[-122.53706,38.49986],[-122.53702,38.49995],[-122.53699,38.49997],[-122.53698,38.50004],[-122.53698,38.50015],[-122.53695,38.50022],[-122.53694,38.50028],[-122.53693,38.50035],[-122.53688,38.50039],[-122.53683,38.50043],[-122.53678,38.50046],[-122.53673,38.5005],[-122.53665,38.50053],[-122.5366,38.50056],[-122.53656,38.50061],[-122.53651,38.50066],[-122.53646,38.50072],[-122.53639,38.50078],[-122.53634,38.50086],[-122.53623,38.50094],[-122.53617,38.50098],[-122.53613,38.50099],[-122.53611,38.50102],[-122.53592,38.50108],[-122.5358,38.50113],[-122.53568,38.50115],[-122.53557,38.50119],[-122.53549,38.50124],[-122.53539,38.50137],[-122.53538,38.50142],[-122.53536,38.50149],[-122.53536,38.50155],[-122.53533,38.50161],[-122.53531,38.50169],[-122.53533,38.50171],[-122.53536,38.50177],[-122.53541,38.50182],[-122.53547,38.50191],[-122.53553,38.50199],[-122.53564,38.50207],[-122.53571,38.50212],[-122.5358,38.50221],[-122.53593,38.50228],[-122.5361,38.5023],[-122.53615,38.50231],[-122.5362,38.50232],[-122.53629,38.50234],[-122.53634,38.50233],[-122.53639,38.50229],[-122.53639,38.50221],[-122.53641,38.50209],[-122.53656,38.50204],[-122.53677,38.50205],[-122.53709,38.5021],[-122.53757,38.50222],[-122.53764,38.50222],[-122.53775,38.50218],[-122.53783,38.50213],[-122.53799,38.50217],[-122.53824,38.50227],[-122.53848,38.50238],[-122.53847,38.50245],[-122.53846,38.50251],[-122.53845,38.50259],[-122.53845,38.50271],[-122.53847,38.50279],[-122.53852,38.50287],[-122.53855,38.50289],[-122.53858,38.50293],[-122.53862,38.50297],[-122.5387,38.50302],[-122.53883,38.50305],[-122.53891,38.50306],[-122.53897,38.50306],[-122.53903,38.50307],[-122.53909,38.50308],[-122.53917,38.50306],[-122.53921,38.50305],[-122.53929,38.50305],[-122.53937,38.50303],[-122.53942,38.50303],[-122.53946,38.50304],[-122.53956,38.50311],[-122.53963,38.50311],[-122.53968,38.50313],[-122.53981,38.50313],[-122.53983,38.50298],[-122.53978,38.50272],[-122.53974,38.5025],[-122.53971,38.50236],[-122.53967,38.50217],[-122.5397,38.50203],[-122.53999,38.50168],[-122.54017,38.50145],[-122.54018,38.50139],[-122.54022,38.50127],[-122.54015,38.50099],[-122.54003,38.50067],[-122.54005,38.50056],[-122.54002,38.50011],[-122.53988,38.49979],[-122.53987,38.49965],[-122.53987,38.49952],[-122.53989,38.49937],[-122.54008,38.49918],[-122.54044,38.49881]]]},"properties":{"GEOID":"060971516012028","POP100":10,"HU100":1,"TRACT":"151601"}},{"type":"Feature","geometry":{"type":"Polygon","coordinates":[[[-122.62237,38.45156],[-122.6222,38.45121],[-122.62208,38.45104],[-122.62206,38.45101],[-122.62189,38.4508],[-122.6217,38.45061],[-122.62159,38.45051],[-122.6214,38.45036],[-122.62129,38.45029],[-122.62104,38.45013],[-122.62083,38.44999],[-122.6207,38.4499],[-122.62064,38.44985],[-122.62023,38.44953],[-122.62008,38.44963],[-122.61986,38.44978],[-122.6197,38.44986],[-122.61961,38.44989],[-122.61959,38.4499],[-122.61949,38.44995],[-122.61943,38.44999],[-122.61939,38.45002],[-122.61933,38.45009],[-122.61929,38.45016],[-122.61926,38.45023],[-122.61924,38.45031],[-122.61923,38.45038],[-122.61924,38.45048],[-122.61927,38.45058],[-122.61932,38.45065],[-122.61936,38.4507],[-122.61939,38.45074],[-122.61946,38.45079],[-122.61956,38.45085],[-122.6199,38.45101],[-122.62039,38.45123],[-122.62121,38.45159],[-122.62131,38.45162],[-122.62146,38.45166],[-122.62157,38.45167],[-122.62173,38.45167],[-122.62183,38.45166],[-122.62237,38.45156]]]},"properties":{"GEOID":"060971516011004","POP100":49,"HU100":19,"TRACT":"151601"}},{"type":"Feature","geometry":{"type":"Polygon","coordinates":[[[-122.62433,38.45057],[-122.62432,38.45049],[-122.62428,38.45041],[-122.62389,38.45006],[-122.6238,38.45002],[-122.62374,38.45],[-122.62368,38.44999],[-122.62358,38.44999],[-122.62352,38.45001],[-122.62345,38.45003],[-122.62342,38.45005],[-122.62332,38.4501],[-122.62315,38.4502],[-122.62294,38.45031],[-122.62297,38.45035],[-122.62307,38.45044],[-122.62312,38.45049],[-122.6232,38.45058],[-122.62329,38.4507],[-122.62335,38.45079],[-122.62341,38.45086],[-122.62342,38.45088],[-122.62349,38.45102],[-122.62375,38.45095],[-122.62402,38.45088],[-122.62407,38.45087],[-122.62416,38.45083],[-122.62423,38.45077],[-122.62429,38.4507],[-122.62431,38.45065],[-122.62433,38.45057]]]},"properties":{"GEOID":"060971516023002","POP100":14,"HU100":6,"TRACT":"151602"}},{"type":"Feature","geometry":{"type":"Polygon","coordinates":[[[-122.58756,38.43919],[-122.58776,38.43882],[-122.58755,38.43876],[-122.58718,38.43865],[-122.58692,38.43856],[-122.58685,38.43853],[-122.58667,38.43846],[-122.58649,38.43838],[-122.58637,38.43833],[-122.58601,38.43818],[-122.58589,38.43813],[-122.58568,38.43804],[-122.58506,38.43778],[-122.58486,38.4377],[-122.58469,38.43763],[-122.58422,38.43743],[-122.58406,38.43737],[-122.58346,38.43712],[-122.58279,38.43684],[-122.58177,38.43642],[-122.58175,38.4364],[-122.58172,38.43635],[-122.58172,38.43632],[-122.58172,38.43631],[-122.58172,38.43629],[-122.58176,38.4362],[-122.58202,38.43575],[-122.58247,38.43505],[-122.58252,38.43496],[-122.58331,38.43374],[-122.58349,38.43341],[-122.58366,38.43308],[-122.58375,38.43289],[-122.58379,38.43281],[-122.58381,38.43276],[-122.58383,38.4327],[-122.58384,38.43261],[-122.58382,38.43252],[-122.5838,38.43247],[-122.58376,38.43241],[-122.58372,38.43237],[-122.58359,38.43229],[-122.58349,38.43223],[-122.58335,38.43217],[-122.58322,38.43212],[-122.58316,38.4321],[-122.58215,38.43169],[-122.58182,38.43156],[-122.58161,38.43147],[-122.58098,38.43122],[-122.58077,38.43113],[-122.58064,38.43131],[-122.58059,38.43137],[-122.58052,38.43148],[-122.58046,38.43161],[-122.58038,38.43175],[-122.58016,38.43212],[-122.58009,38.43225],[-122.58002,38.43237],[-122.57994,38.4325],[-122.57972,38.43288],[-122.57964,38.433],[-122.57935,38.43349],[-122.57867,38.43463],[-122.57847,38.43497],[-122.57819,38.43547],[-122.57858,38.43563],[-122.57901,38.4358],[-122.57977,38.43612],[-122.58017,38.43628],[-122.58024,38.43631],[-122.58046,38.4364],[-122.58053,38.43643],[-122.58103,38.43663],[-122.58157,38.43685],[-122.58196,38.43702],[-122.58466,38.43815],[-122.58569,38.43858],[-122.58616,38.43877],[-122.58635,38.43885],[-122.5868,38.43903],[-122.587,38.4391],[-122.58714,38.43914],[-122.58732,38.43919],[-122.58756,38.43919]],[[-122.58263,38.4328],[-122.58263,38.43288],[-122.58257,38.43297],[-122.58253,38.43302],[-122.58245,38.43312],[-122.58241,38.43317],[-122.58237,38.43322],[-122.58234,38.43328],[-122.58232,38.43335],[-122.58228,38.43344],[-122.58226,38.4335],[-122.58223,38.4336],[-122.58221,38.43365],[-122.58218,38.43374],[-122.58215,38.43379],[-122.58213,38.43383],[-122.5821,38.43388],[-122.58208,38.43392],[-122.58205,38.43397],[-122.58203,38.43402],[-122.58198,38.43412],[-122.58195,38.43416],[-122.58193,38.43421],[-122.5819,38.43426],[-122.58187,38.43431],[-122.58184,38.43436],[-122.58181,38.43441],[-122.58177,38.43446],[-122.58174,38.43451],[-122.5817,38.43456],[-122.58167,38.43462],[-122.58163,38.43468],[-122.58154,38.43484],[-122.58147,38.43498],[-122.58136,38.43518],[-122.58133,38.43519],[-122.58134,38.43525],[-122.5813,38.43538],[-122.5812,38.43555],[-122.5811,38.43567],[-122.58101,38.43577],[-122.58092,38.43583],[-122.58085,38.43587],[-122.58077,38.43587],[-122.58066,38.43585],[-122.58033,38.43572],[-122.57999,38.43557],[-122.57965,38.43542],[-122.57945,38.43533],[-122.57929,38.43524],[-122.57921,38.43517],[-122.57922,38.43516],[-122.5792,38.43513],[-122.57919,38.43508],[-122.57923,38.435],[-122.57931,38.43488],[-122.57954,38.4345],[-122.57957,38.43444],[-122.57959,38.43439],[-122.57962,38.43433],[-122.57967,38.43421],[-122.57972,38.43413],[-122.57975,38.43409],[-122.57978,38.43405],[-122.57985,38.43396],[-122.57989,38.43392],[-122.57997,38.43382],[-122.58,38.43377],[-122.58008,38.43367],[-122.58014,38.43356],[-122.5802,38.43346],[-122.58029,38.43329],[-122.58037,38.43313],[-122.58048,38.43291],[-122.58057,38.43275],[-122.58062,38.43267],[-122.58065,38.43262],[-122.58069,38.43257],[-122.58073,38.43251],[-122.58076,38.43246],[-122.5808,38.4324],[-122.58084,38.43235],[-122.58088,38.43229],[-122.58092,38.43224],[-122.58095,38.43219],[-122.58099,38.43215],[-122.58106,38.43212],[-122.58109,38.43211],[-122.58119,38.43212],[-122.58125,38.43215],[-122.58131,38.43217],[-122.58138,38.4322],[-122.58144,38.43223],[-122.58152,38.43226],[-122.58159,38.43229],[-122.58166,38.43232],[-122.58173,38.43235],[-122.5818,38.43238],[-122.58188,38.43241],[-122.58195,38.43244],[-122.58203,38.43248],[-122.5821,38.43251],[-122.58216,38.43254],[-122.58223,38.43257],[-122.5823,38.4326],[-122.58243,38.43266],[-122.58249,38.43269],[-122.58255,38.43272],[-122.5826,38.43276],[-122.58263,38.4328]]]},"properties":{"GEOID":"060971516012019","POP100":230,"HU100":146,"TRACT":"151601"}},{"type":"Feature","geometry":{"type":"Polygon","coordinates":[[[-122.61148,38.44451],[-122.61171,38.44434],[-122.61139,38.44407],[-122.61044,38.44325],[-122.61012,38.44298],[-122.61003,38.44289],[-122.60986,38.44275],[-122.60974,38.44266],[-122.60969,38.44263],[-122.60963,38.44259],[-122.6095,38.44251],[-122.60936,38.44244],[-122.60929,38.44241],[-122.60908,38.44232],[-122.60894,38.44227],[-122.60894,38.44236],[-122.60884,38.4426],[-122.60883,38.44265],[-122.60884,38.44272],[-122.60885,38.44281],[-122.60887,38.44285],[-122.6089,38.44292],[-122.60898,38.44301],[-122.60901,38.44304],[-122.60904,38.44307],[-122.60911,38.44312],[-122.60935,38.44331],[-122.60951,38.44346],[-122.60987,38.44378],[-122.61018,38.44403],[-122.61044,38.44428],[-122.61061,38.44442],[-122.61086,38.44461],[-122.61089,38.44462],[-122.61094,38.44464],[-122.61096,38.44465],[-122.61101,38.44466],[-122.6111,38.44466],[-122.61117,38.44466],[-122.61123,38.44465],[-122.61131,38.44462],[-122.61133,38.44461],[-122.61148,38.44451]]]},"properties":{"GEOID":"060971516011007","POP100":45,"HU100":32,"TRACT":"151601"}},{"type":"Feature","geometry":{"type":"Polygon","coordinates":[[[-122.59083,38.43857],[-122.59081,38.43843],[-122.59078,38.43827],[-122.59073,38.43807],[-122.59071,38.438],[-122.59067,38.43787],[-122.59048,38.4379],[-122.59036,38.43793],[-122.59027,38.43797],[-122.59018,38.438],[-122.59004,38.43806],[-122.58994,38.43812],[-122.58984,38.43819],[-122.58977,38.43826],[-122.58965,38.43838],[-122.58957,38.4385],[-122.58948,38.43865],[-122.58942,38.43879],[-122.58938,38.43887],[-122.5893,38.4391],[-122.58928,38.43918],[-122.58964,38.43926],[-122.5898,38.43929],[-122.58985,38.4393],[-122.58991,38.4393],[-122.58997,38.43929],[-122.59002,38.43927],[-122.59007,38.43924],[-122.59012,38.4392],[-122.59017,38.43914],[-122.59032,38.43891],[-122.59045,38.43876],[-122.59049,38.43872],[-122.59053,38.43868],[-122.59058,38.43865],[-122.59066,38.43862],[-122.59074,38.43859],[-122.59083,38.43857]]]},"properties":{"GEOID":"060971516012027","POP100":24,"HU100":12,"TRACT":"151601"}},{"type":"Feature","geometry":{"type":"Polygon","coordinates":[[[-122.58763,38.42804],[-122.58766,38.42799],[-122.58757,38.42794],[-122.58745,38.42784],[-122.58724,38.42766],[-122.58723,38.42765],[-122.58703,38.42748],[-122.58668,38.4272],[-122.58657,38.4271],[-122.58636,38.42689],[-122.58621,38.42674],[-122.58607,38.42657],[-122.58606,38.42657],[-122.58597,38.42644],[-122.58586,38.42627],[-122.58576,38.42613],[-122.58558,38.4262],[-122.58505,38.42642],[-122.58488,38.4265],[-122.58517,38.42691],[-122.58524,38.42699],[-122.58538,38.42716],[-122.58553,38.42732],[-122.58577,38.42756],[-122.58594,38.42772],[-122.58612,38.42786],[-122.5864,38.4281],[-122.58657,38.42824],[-122.5867,38.42835],[-122.58705,38.42863],[-122.58719,38.42853],[-122.58722,38.4285],[-122.58736,38.42839],[-122.58745,38.4283],[-122.58753,38.4282],[-122.58757,38.42814],[-122.58763,38.42804]]]},"properties":{"GEOID":"060971516022007","POP100":33,"HU100":21,"TRACT":"151602"}},{"type":"Feature","geometry":{"type":"Polygon","coordinates":[[[-122.56536,38.38677],[-122.56536,38.38672],[-122.56511,38.38672],[-122.56482,38.38672],[-122.56479,38.38672],[-122.56466,38.38673],[-122.5645,38.38676],[-122.5644,38.38678],[-122.56431,38.38681],[-122.56407,38.38694],[-122.56395,38.38699],[-122.56381,38.38704],[-122.56374,38.38706],[-122.56364,38.38706],[-122.56355,38.38705],[-122.56329,38.38697],[-122.563,38.38689],[-122.56288,38.38685],[-122.56276,38.38681],[-122.56269,38.38678],[-122.56263,38.38676],[-122.56232,38.38669],[-122.56223,38.38666],[-122.56205,38.3866],[-122.56192,38.38655],[-122.56179,38.38643],[-122.56171,38.38635],[-122.5616,38.38622],[-122.56157,38.38616],[-122.56152,38.38606],[-122.56149,38.38598],[-122.56144,38.3859],[-122.5614,38.38584],[-122.56137,38.38581],[-122.56135,38.38579],[-122.5613,38.38574],[-122.56123,38.38569],[-122.56101,38.38555],[-122.56117,38.38606],[-122.56121,38.38615],[-122.56143,38.38646],[-122.56149,38.38657],[-122.56174,38.38701],[-122.56191,38.38709],[-122.56203,38.38717],[-122.56225,38.38734],[-122.56248,38.38745],[-122.56261,38.38748],[-122.5633,38.38762],[-122.5635,38.38766],[-122.56369,38.38767],[-122.5638,38.38766],[-122.56405,38.38758],[-122.56415,38.38755],[-122.56426,38.38748],[-122.56445,38.38741],[-122.56449,38.38739],[-122.56452,38.38736],[-122.5646,38.38733],[-122.56466,38.38732],[-122.56468,38.38729],[-122.56501,38.38713],[-122.56514,38.38707],[-122.56529,38.38703],[-122.56531,38.38702],[-122.56529,38.38694],[-122.56536,38.38696],[-122.56536,38.38691],[-122.56535,38.38681],[-122.56536,38.38677]]]},"properties":{"GEOID":"060971516021021","POP100":7,"HU100":3,"TRACT":"151602"}},{"type":"Feature","geometry":{"type":"Polygon","coordinates":[[[-122.60282,38.40394],[-122.60282,38.40389],[-122.60272,38.40374],[-122.60237,38.40348],[-122.60217,38.40343],[-122.60201,38.40337],[-122.60185,38.40333],[-122.60162,38.40328],[-122.6015,38.4032],[-122.60134,38.40308],[-122.60122,38.403],[-122.6011,38.40298],[-122.60099,38.40298],[-122.60086,38.40302],[-122.60071,38.40307],[-122.60061,38.40308],[-122.60047,38.4031],[-122.60043,38.4031],[-122.60029,38.40348],[-122.59937,38.40594],[-122.59939,38.40595],[-122.59946,38.406],[-122.59956,38.40609],[-122.59959,38.40615],[-122.59976,38.4061],[-122.5999,38.40609],[-122.60002,38.40612],[-122.60014,38.40618],[-122.60024,38.40629],[-122.60045,38.40654],[-122.60059,38.40663],[-122.60083,38.40673],[-122.60097,38.40676],[-122.60118,38.40674],[-122.60137,38.4067],[-122.60155,38.40658],[-122.60168,38.40642],[-122.60172,38.40631],[-122.60179,38.40618],[-122.60191,38.40604],[-122.60209,38.40563],[-122.60214,38.40548],[-122.60217,38.40541],[-122.60231,38.40501],[-122.60241,38.40458],[-122.60245,38.40436],[-122.60255,38.40419],[-122.60282,38.40394]]]},"properties":{"GEOID":"060971516023036","POP100":0,"HU100":0,"TRACT":"151602"}},{"type":"Feature","geometry":{"type":"Polygon","coordinates":[[[-122.61476,38.44495],[-122.61486,38.44482],[-122.61472,38.44473],[-122.61336,38.44381],[-122.6135,38.44345],[-122.61484,38.44224],[-122.61255,38.4371],[-122.60933,38.43431],[-122.60922,38.43431],[-122.60892,38.43424],[-122.6087,38.43413],[-122.6086,38.43398],[-122.60863,38.43384],[-122.60578,38.43206],[-122.60196,38.43054],[-122.60153,38.42976],[-122.60022,38.42623],[-122.60053,38.42353],[-122.60026,38.422],[-122.60016,38.4221],[-122.60003,38.4222],[-122.59983,38.42227],[-122.59973,38.42232],[-122.59965,38.42243],[-122.59935,38.4226],[-122.59923,38.42276],[-122.59909,38.42291],[-122.59904,38.42296],[-122.59895,38.42302],[-122.59884,38.42306],[-122.59877,38.42307],[-122.59869,38.42308],[-122.59843,38.42306],[-122.59777,38.42302],[-122.59775,38.42302],[-122.59765,38.42303],[-122.59758,38.42305],[-122.59753,38.42306],[-122.59742,38.42317],[-122.59739,38.42324],[-122.59735,38.42332],[-122.59728,38.42343],[-122.59728,38.42345],[-122.59726,38.42358],[-122.59738,38.4237],[-122.59748,38.42374],[-122.59759,38.42379],[-122.59768,38.42384],[-122.59771,38.42386],[-122.59784,38.42395],[-122.59793,38.42403],[-122.59802,38.4241],[-122.59825,38.42436],[-122.59844,38.4246],[-122.59863,38.42486],[-122.59883,38.42517],[-122.59899,38.42538],[-122.59915,38.42556],[-122.59922,38.42566],[-122.59939,38.42592],[-122.59942,38.42597],[-122.59955,38.42624],[-122.59961,38.42631],[-122.59965,38.42637],[-122.59969,38.42645],[-122.59975,38.42664],[-122.59978,38.4268],[-122.59978,38.42695],[-122.5998,38.42702],[-122.59979,38.42711],[-122.59981,38.42759],[-122.59981,38.42765],[-122.59981,38.42773],[-122.59984,38.42786],[-122.59988,38.42796],[-122.59997,38.42805],[-122.60022,38.42825],[-122.60039,38.42837],[-122.60067,38.42859],[-122.60069,38.42861],[-122.60075,38.42866],[-122.60078,38.42872],[-122.60082,38.42883],[-122.60082,38.42897],[-122.60081,38.42902],[-122.6008,38.42911],[-122.60082,38.42924],[-122.60086,38.42935],[-122.60104,38.4297],[-122.60108,38.4298],[-122.60116,38.43007],[-122.60127,38.43024],[-122.60134,38.43033],[-122.60156,38.43057],[-122.60171,38.43075],[-122.60189,38.43094],[-122.60198,38.43101],[-122.602,38.43105],[-122.6021,38.4312],[-122.60222,38.43133],[-122.60236,38.43144],[-122.60251,38.43155],[-122.60268,38.43163],[-122.6028,38.43168],[-122.60294,38.43173],[-122.60301,38.43176],[-122.60322,38.43186],[-122.60336,38.43191],[-122.60351,38.43195],[-122.60382,38.43201],[-122.604,38.43206],[-122.60421,38.43214],[-122.60449,38.43226],[-122.60462,38.43233],[-122.6047,38.43239],[-122.60474,38.43242],[-122.60509,38.43276],[-122.60517,38.43282],[-122.60539,38.43295],[-122.60545,38.43298],[-122.60568,38.43311],[-122.60577,38.43318],[-122.60588,38.43329],[-122.60594,38.43337],[-122.60601,38.43352],[-122.60605,38.43376],[-122.60607,38.43397],[-122.60611,38.43414],[-122.60619,38.43437],[-122.60642,38.4349],[-122.60644,38.43496],[-122.6065,38.4351],[-122.60658,38.43524],[-122.60674,38.43544],[-122.60676,38.43546],[-122.60677,38.43547],[-122.60686,38.43554],[-122.60708,38.4357],[-122.60718,38.43575],[-122.6073,38.43585],[-122.60735,38.4359],[-122.60749,38.43603],[-122.6076,38.43615],[-122.60772,38.43632],[-122.60781,38.43645],[-122.60796,38.43664],[-122.60801,38.43669],[-122.60835,38.43693],[-122.60849,38.43706],[-122.60865,38.43721],[-122.60895,38.43757],[-122.60932,38.43799],[-122.60935,38.43803],[-122.60941,38.43813],[-122.60945,38.43825],[-122.60948,38.43834],[-122.60949,38.43844],[-122.60949,38.4385],[-122.60948,38.43858],[-122.60945,38.4387],[-122.6094,38.43879],[-122.60935,38.43888],[-122.60928,38.43896],[-122.60921,38.43904],[-122.60901,38.43922],[-122.60863,38.43956],[-122.60852,38.43963],[-122.60837,38.43973],[-122.60825,38.43978],[-122.60809,38.43984],[-122.60795,38.43988],[-122.60755,38.43996],[-122.60753,38.43997],[-122.60742,38.43999],[-122.60727,38.44003],[-122.6071,38.44009],[-122.60697,38.44015],[-122.60689,38.4402],[-122.60682,38.44025],[-122.60668,38.44039],[-122.60665,38.44042],[-122.60658,38.44047],[-122.60651,38.44051],[-122.60638,38.44056],[-122.60629,38.44059],[-122.60619,38.44061],[-122.60607,38.44062],[-122.60574,38.44064],[-122.60503,38.44065],[-122.60492,38.44066],[-122.60474,38.44069],[-122.60467,38.44071],[-122.60457,38.44075],[-122.60421,38.44098],[-122.60437,38.44116],[-122.60467,38.44144],[-122.60504,38.4418],[-122.60517,38.44192],[-122.60539,38.44213],[-122.60546,38.44221],[-122.60557,38.44235],[-122.6057,38.44256],[-122.60575,38.44269],[-122.60614,38.44257],[-122.60646,38.44249],[-122.60658,38.44246],[-122.60688,38.44237],[-122.60716,38.4423],[-122.6076,38.4422],[-122.60757,38.44209],[-122.60755,38.44204],[-122.60752,38.44197],[-122.60747,38.4419],[-122.60741,38.44184],[-122.60738,38.44179],[-122.60735,38.4417],[-122.60735,38.44168],[-122.60727,38.4417],[-122.60721,38.4417],[-122.60715,38.44172],[-122.60707,38.44176],[-122.60697,38.44179],[-122.60695,38.44179],[-122.60676,38.44183],[-122.60672,38.44186],[-122.60664,38.44191],[-122.60659,38.44193],[-122.60655,38.44193],[-122.60651,38.44195],[-122.60644,38.44196],[-122.60637,38.44197],[-122.60631,38.44197],[-122.60625,38.44195],[-122.60616,38.44192],[-122.60606,38.44185],[-122.60598,38.44178],[-122.60592,38.44172],[-122.60591,38.44168],[-122.60589,38.44165],[-122.60589,38.44159],[-122.60592,38.44152],[-122.60603,38.44145],[-122.60611,38.4414],[-122.60629,38.44128],[-122.60635,38.44125],[-122.60641,38.44123],[-122.60651,38.44116],[-122.60658,38.44113],[-122.60671,38.44112],[-122.60677,38.44114],[-122.60685,38.44117],[-122.60688,38.4412],[-122.60689,38.44121],[-122.60699,38.44127],[-122.60707,38.44129],[-122.60709,38.44126],[-122.60712,38.44124],[-122.6072,38.44122],[-122.60731,38.4412],[-122.60742,38.44121],[-122.60744,38.44121],[-122.60765,38.44128],[-122.60813,38.44145],[-122.60818,38.44146],[-122.60826,38.4415],[-122.6083,38.44153],[-122.60834,38.44157],[-122.60837,38.44161],[-122.60838,38.44165],[-122.60838,38.44172],[-122.60838,38.44178],[-122.60837,38.44181],[-122.60836,38.44183],[-122.60834,38.44192],[-122.60832,38.44207],[-122.60832,38.44217],[-122.60845,38.44218],[-122.60851,38.44218],[-122.60865,38.44221],[-122.60882,38.44225],[-122.60894,38.44227],[-122.60892,38.44223],[-122.60892,38.4422],[-122.609,38.44202],[-122.60905,38.44194],[-122.60906,38.44192],[-122.60912,38.44186],[-122.60916,38.44185],[-122.60921,38.44184],[-122.6093,38.44183],[-122.60968,38.44197],[-122.60986,38.44204],[-122.60991,38.44208],[-122.60994,38.44216],[-122.60995,38.44224],[-122.60991,38.44231],[-122.6099,38.44233],[-122.60985,38.44238],[-122.60963,38.44259],[-122.60969,38.44263],[-122.60974,38.44266],[-122.60986,38.44275],[-122.61003,38.44289],[-122.61012,38.44298],[-122.61021,38.44291],[-122.61035,38.44279],[-122.61044,38.44276],[-122.61052,38.44276],[-122.61062,38.44276],[-122.61064,38.44277],[-122.61072,38.4428],[-122.61098,38.44302],[-122.61105,38.44311],[-122.61116,38.44329],[-122.61125,38.44341],[-122.61134,38.44349],[-122.61145,38.44357],[-122.61158,38.44363],[-122.61185,38.44381],[-122.61195,38.44391],[-122.612,38.44397],[-122.61201,38.44405],[-122.61199,38.44413],[-122.61194,38.44418],[-122.61171,38.44434],[-122.61186,38.44447],[-122.61192,38.44453],[-122.61201,38.4446],[-122.61225,38.44481],[-122.61233,38.44487],[-122.61249,38.445],[-122.61266,38.44513],[-122.61281,38.44523],[-122.61293,38.44529],[-122.61344,38.44549],[-122.61392,38.44566],[-122.61393,38.44566],[-122.61431,38.44581],[-122.61445,38.44554],[-122.61467,38.44513],[-122.61476,38.44495]],[[-122.61333,38.44286],[-122.61331,38.44303],[-122.61327,38.44312],[-122.61314,38.44322],[-122.61305,38.44326],[-122.61285,38.4433],[-122.61277,38.4433],[-122.61258,38.44324],[-122.61236,38.44308],[-122.6122,38.44298],[-122.61212,38.44293],[-122.61204,38.44287],[-122.61178,38.44271],[-122.61169,38.44268],[-122.61163,38.44262],[-122.61153,38.44247],[-122.61148,38.44241],[-122.61141,38.44237],[-122.61135,38.44234],[-122.61131,38.4423],[-122.61125,38.44225],[-122.61119,38.44219],[-122.61106,38.44213],[-122.61101,38.44211],[-122.61096,38.44208],[-122.61082,38.44199],[-122.61074,38.44196],[-122.61068,38.4419],[-122.61063,38.44187],[-122.61052,38.4418],[-122.61044,38.44178],[-122.61039,38.44175],[-122.61034,38.44169],[-122.61028,38.44157],[-122.61027,38.44149],[-122.61027,38.44143],[-122.61027,38.44137],[-122.61028,38.44134],[-122.61047,38.44107],[-122.61057,38.4409],[-122.61061,38.44079],[-122.6106,38.44074],[-122.61082,38.44074],[-122.61105,38.44077],[-122.61122,38.4408],[-122.61148,38.44091],[-122.61154,38.44095],[-122.61161,38.44101],[-122.61165,38.44108],[-122.61172,38.44115],[-122.6118,38.4413],[-122.61185,38.44136],[-122.61189,38.44147],[-122.61201,38.44164],[-122.61208,38.4417],[-122.61216,38.44176],[-122.61224,38.44181],[-122.61249,38.44198],[-122.61265,38.4421],[-122.61299,38.44235],[-122.61312,38.44247],[-122.61317,38.44254],[-122.61327,38.44269],[-122.61331,38.44278],[-122.61333,38.44286]]]},"properties":{"GEOID":"060971516023008","POP100":187,"HU100":121,"TRACT":"151602"}},{"type":"Feature","geometry":{"type":"Polygon","coordinates":[[[-122.56979,38.42136],[-122.56988,38.42134],[-122.56952,38.42118],[-122.56886,38.42087],[-122.56825,38.42061],[-122.56816,38.42067],[-122.56701,38.42234],[-122.5663,38.42338],[-122.56588,38.4232],[-122.56522,38.42421],[-122.56514,38.42445],[-122.56484,38.42533],[-122.56492,38.42537],[-122.56355,38.42736],[-122.56414,38.42761],[-122.56323,38.42914],[-122.56346,38.42924],[-122.56363,38.42931],[-122.56373,38.42935],[-122.56405,38.42949],[-122.56416,38.42953],[-122.56523,38.42797],[-122.56592,38.42691],[-122.56601,38.42678],[-122.56655,38.426],[-122.56734,38.42483],[-122.56761,38.42442],[-122.56779,38.42416],[-122.56812,38.42369],[-122.56916,38.42214],[-122.56929,38.42196],[-122.56964,38.42144],[-122.5697,38.4214],[-122.56979,38.42136]]]},"properties":{"GEOID":"060971516021001","POP100":6,"HU100":12,"TRACT":"151602"}},{"type":"Feature","geometry":{"type":"Polygon","coordinates":[[[-122.60591,38.44345],[-122.6059,38.4433],[-122.60589,38.44315],[-122.60585,38.44296],[-122.6058,38.44281],[-122.60575,38.44269],[-122.6054,38.44278],[-122.60523,38.44283],[-122.60515,38.44286],[-122.60506,38.44289],[-122.605,38.44292],[-122.6049,38.44299],[-122.60476,38.44314],[-122.60457,38.44336],[-122.60438,38.44364],[-122.60425,38.44386],[-122.60436,38.44391],[-122.6046,38.44403],[-122.60477,38.44411],[-122.60491,38.44413],[-122.605,38.44414],[-122.60513,38.44416],[-122.60525,38.44421],[-122.60542,38.4443],[-122.60562,38.4444],[-122.60567,38.44431],[-122.60574,38.44417],[-122.6058,38.44402],[-122.60582,38.44397],[-122.60589,38.44366],[-122.60591,38.44345]]]},"properties":{"GEOID":"060971516012011","POP100":15,"HU100":11,"TRACT":"151601"}},{"type":"Feature","geometry":{"type":"Polygon","coordinates":[[[-122.62333,38.45249],[-122.62333,38.45245],[-122.62332,38.45239],[-122.62302,38.45191],[-122.62291,38.45191],[-122.62283,38.4519],[-122.62272,38.45187],[-122.62265,38.45184],[-122.62255,38.45178],[-122.62249,38.45173],[-122.62242,38.45165],[-122.62237,38.45156],[-122.62183,38.45166],[-122.62173,38.45167],[-122.62157,38.45167],[-122.62146,38.45166],[-122.62131,38.45162],[-122.62121,38.45159],[-122.62039,38.45123],[-122.6199,38.45101],[-122.61956,38.45085],[-122.61946,38.45079],[-122.61939,38.45074],[-122.61936,38.4507],[-122.61932,38.45065],[-122.61927,38.45058],[-122.61924,38.45048],[-122.61923,38.45038],[-122.61924,38.45031],[-122.61926,38.45023],[-122.61929,38.45016],[-122.61933,38.45009],[-122.61939,38.45002],[-122.61943,38.44999],[-122.61949,38.44995],[-122.61959,38.4499],[-122.61961,38.44989],[-122.6197,38.44986],[-122.61986,38.44978],[-122.62008,38.44963],[-122.62023,38.44953],[-122.61991,38.44926],[-122.61979,38.44915],[-122.61964,38.44907],[-122.61958,38.44904],[-122.61945,38.44898],[-122.61924,38.44891],[-122.61902,38.44885],[-122.61888,38.44883],[-122.61847,38.44878],[-122.61835,38.44876],[-122.61823,38.44872],[-122.61805,38.44866],[-122.61799,38.44864],[-122.61764,38.44845],[-122.61754,38.44841],[-122.61738,38.44836],[-122.61727,38.44833],[-122.61726,38.44833],[-122.61715,38.44832],[-122.61704,38.44831],[-122.61699,38.44831],[-122.61644,38.44832],[-122.6163,38.44831],[-122.61618,38.4483],[-122.61607,38.44829],[-122.61591,38.44826],[-122.6156,38.44818],[-122.61543,38.44816],[-122.61539,38.44815],[-122.61518,38.44814],[-122.61501,38.44813],[-122.61492,38.44813],[-122.61483,38.44812],[-122.6147,38.44808],[-122.61462,38.44805],[-122.61454,38.44801],[-122.61439,38.44794],[-122.61419,38.44786],[-122.61397,38.4478],[-122.6139,38.44778],[-122.61369,38.44772],[-122.61306,38.44741],[-122.61289,38.44731],[-122.61277,38.44724],[-122.61268,38.4472],[-122.61262,38.44717],[-122.61239,38.44709],[-122.61216,38.44702],[-122.61205,38.447],[-122.61191,38.44698],[-122.61176,38.44695],[-122.61153,38.44688],[-122.61151,38.44687],[-122.61123,38.44676],[-122.61111,38.44672],[-122.61074,38.44659],[-122.61062,38.44655],[-122.61047,38.44649],[-122.61038,38.44644],[-122.61037,38.44644],[-122.61025,38.44636],[-122.61014,38.44626],[-122.61008,38.4462],[-122.61006,38.44617],[-122.61002,38.44611],[-122.60998,38.44603],[-122.60995,38.44595],[-122.60993,38.44586],[-122.60992,38.44578],[-122.60991,38.44575],[-122.60992,38.44551],[-122.60994,38.44536],[-122.60995,38.44513],[-122.60994,38.44502],[-122.60992,38.44495],[-122.6099,38.44488],[-122.60984,38.44479],[-122.60978,38.44473],[-122.60966,38.44461],[-122.60954,38.4445],[-122.60937,38.44436],[-122.60929,38.44429],[-122.60924,38.44426],[-122.60895,38.444],[-122.60868,38.44377],[-122.60861,38.44371],[-122.60853,38.44365],[-122.60834,38.44348],[-122.60819,38.44333],[-122.60805,38.44313],[-122.60795,38.44289],[-122.60792,38.44262],[-122.60791,38.44251],[-122.60786,38.44217],[-122.60781,38.44218],[-122.6077,38.44219],[-122.60765,38.44219],[-122.6076,38.4422],[-122.60716,38.4423],[-122.60688,38.44237],[-122.60658,38.44246],[-122.6067,38.44278],[-122.60675,38.44288],[-122.60678,38.44302],[-122.60679,38.44327],[-122.6068,38.4435],[-122.6068,38.44365],[-122.60677,38.44384],[-122.60671,38.44408],[-122.60662,38.44435],[-122.60651,38.44455],[-122.60645,38.44464],[-122.60639,38.44472],[-122.60562,38.4444],[-122.60515,38.44502],[-122.60504,38.44516],[-122.60499,38.44522],[-122.60534,38.4454],[-122.60542,38.44544],[-122.60565,38.44555],[-122.60617,38.4458],[-122.60653,38.44597],[-122.60673,38.44607],[-122.60717,38.44627],[-122.60745,38.4464],[-122.60826,38.44678],[-122.60854,38.44691],[-122.60917,38.44721],[-122.61107,38.4481],[-122.6117,38.4484],[-122.61224,38.44865],[-122.61387,38.4494],[-122.61441,38.44966],[-122.61472,38.4498],[-122.61565,38.45024],[-122.61596,38.45038],[-122.61632,38.45055],[-122.61739,38.45105],[-122.61775,38.45122],[-122.61784,38.45126],[-122.61812,38.45139],[-122.61821,38.45143],[-122.61839,38.45151],[-122.61893,38.45176],[-122.61911,38.45185],[-122.61941,38.45199],[-122.6201,38.45231],[-122.6203,38.4524],[-122.6206,38.45254],[-122.62093,38.45269],[-122.62103,38.45273],[-122.62138,38.45288],[-122.62186,38.45309],[-122.62232,38.45331],[-122.62274,38.45352],[-122.62271,38.45346],[-122.62269,38.45336],[-122.62268,38.45326],[-122.62269,38.45316],[-122.62271,38.4531],[-122.62276,38.45298],[-122.62289,38.45278],[-122.62296,38.45271],[-122.62302,38.45268],[-122.62307,38.45267],[-122.6231,38.45266],[-122.62314,38.45262],[-122.6232,38.45261],[-122.62325,38.45259],[-122.6233,38.45255],[-122.62333,38.45249]],[[-122.6091,38.44523],[-122.60909,38.44529],[-122.60908,38.44533],[-122.60904,38.44538],[-122.60901,38.4454],[-122.60896,38.44543],[-122.60891,38.44544],[-122.60885,38.44545],[-122.60876,38.44544],[-122.60861,38.44544],[-122.60846,38.44543],[-122.60834,38.44542],[-122.60827,38.44541],[-122.60813,38.44537],[-122.60802,38.44531],[-122.60793,38.44526],[-122.60786,38.44522],[-122.6078,38.44514],[-122.60774,38.44504],[-122.60772,38.44498],[-122.60771,38.4449],[-122.60773,38.4448],[-122.60776,38.44468],[-122.60779,38.44455],[-122.60782,38.44445],[-122.60785,38.44438],[-122.60788,38.44433],[-122.60795,38.44427],[-122.60801,38.44424],[-122.60807,38.44423],[-122.60815,38.44424],[-122.6082,38.44425],[-122.60824,38.44427],[-122.60833,38.44434],[-122.60841,38.44439],[-122.60851,38.44446],[-122.60873,38.44466],[-122.60887,38.4448],[-122.60901,38.44496],[-122.60905,38.44503],[-122.60908,38.44509],[-122.60909,38.44515],[-122.6091,38.44523]]]},"properties":{"GEOID":"060971516011000","POP100":230,"HU100":189,"TRACT":"151601"}},{"type":"Feature","geometry":{"type":"Polygon","coordinates":[[[-122.6236,38.45141],[-122.6236,38.45139],[-122.62359,38.45132],[-122.62354,38.45114],[-122.62349,38.45102],[-122.62342,38.45088],[-122.62341,38.45086],[-122.62335,38.45079],[-122.62329,38.4507],[-122.6232,38.45058],[-122.62312,38.45049],[-122.62307,38.45044],[-122.62297,38.45035],[-122.62294,38.45031],[-122.62283,38.45018],[-122.62271,38.45],[-122.62262,38.44985],[-122.62257,38.44973],[-122.62252,38.44961],[-122.62248,38.44945],[-122.62247,38.44938],[-122.62244,38.44887],[-122.62243,38.44876],[-122.62239,38.44858],[-122.62232,38.44841],[-122.62226,38.4483],[-122.62217,38.44816],[-122.62209,38.44806],[-122.62201,38.44798],[-122.62187,38.44785],[-122.62172,38.44775],[-122.62123,38.44748],[-122.62106,38.44739],[-122.62083,38.44728],[-122.62076,38.44724],[-122.62054,38.44716],[-122.62031,38.44707],[-122.62012,38.44702],[-122.6199,38.44696],[-122.6197,38.44692],[-122.61964,38.44691],[-122.61944,38.44688],[-122.61915,38.44685],[-122.61909,38.44684],[-122.61889,38.44682],[-122.61845,38.44678],[-122.61834,38.44677],[-122.61757,38.44673],[-122.61732,38.4467],[-122.61713,38.44667],[-122.61695,38.44665],[-122.6167,38.4466],[-122.6166,38.44658],[-122.61656,38.44657],[-122.6163,38.44651],[-122.6162,38.44648],[-122.61616,38.44659],[-122.61611,38.44669],[-122.61601,38.44684],[-122.61587,38.44699],[-122.61573,38.44711],[-122.61561,38.44718],[-122.61543,38.44727],[-122.61529,38.44733],[-122.61496,38.44743],[-122.61488,38.44746],[-122.61482,38.44749],[-122.61471,38.44755],[-122.61465,38.4476],[-122.6146,38.44765],[-122.61439,38.44794],[-122.61454,38.44801],[-122.61462,38.44805],[-122.6147,38.44808],[-122.61483,38.44812],[-122.61492,38.44813],[-122.61501,38.44813],[-122.61518,38.44814],[-122.61539,38.44815],[-122.61543,38.44816],[-122.6156,38.44818],[-122.61591,38.44826],[-122.61607,38.44829],[-122.61618,38.4483],[-122.6163,38.44831],[-122.61644,38.44832],[-122.61699,38.44831],[-122.61704,38.44831],[-122.61715,38.44832],[-122.61726,38.44833],[-122.61727,38.44833],[-122.61738,38.44836],[-122.61754,38.44841],[-122.61764,38.44845],[-122.61799,38.44864],[-122.61805,38.44866],[-122.61823,38.44872],[-122.61835,38.44876],[-122.61847,38.44878],[-122.61888,38.44883],[-122.61902,38.44885],[-122.61924,38.44891],[-122.61945,38.44898],[-122.61958,38.44904],[-122.61964,38.44907],[-122.61979,38.44915],[-122.61991,38.44926],[-122.62023,38.44953],[-122.62064,38.44985],[-122.6207,38.4499],[-122.62083,38.44999],[-122.62104,38.45013],[-122.62129,38.45029],[-122.6214,38.45036],[-122.62159,38.45051],[-122.6217,38.45061],[-122.62189,38.4508],[-122.62206,38.45101],[-122.62208,38.45104],[-122.6222,38.45121],[-122.62237,38.45156],[-122.62242,38.45165],[-122.62249,38.45173],[-122.62255,38.45178],[-122.62265,38.45184],[-122.62272,38.45187],[-122.62283,38.4519],[-122.62291,38.45191],[-122.62302,38.45191],[-122.62311,38.4519],[-122.62326,38.45185],[-122.62336,38.4518],[-122.62342,38.45176],[-122.62348,38.45171],[-122.62352,38.45165],[-122.62357,38.45156],[-122.62359,38.45148],[-122.6236,38.45141]]]},"properties":{"GEOID":"060971516011005","POP100":87,"HU100":65,"TRACT":"151601"}},{"type":"Feature","geometry":{"type":"Polygon","coordinates":[[[-122.60575,38.44269],[-122.6057,38.44256],[-122.60557,38.44235],[-122.60546,38.44221],[-122.60539,38.44213],[-122.60517,38.44192],[-122.60504,38.4418],[-122.60467,38.44144],[-122.60437,38.44116],[-122.60421,38.44098],[-122.60397,38.44113],[-122.60269,38.44193],[-122.60256,38.44201],[-122.60244,38.44208],[-122.60225,38.44217],[-122.6021,38.44222],[-122.60195,38.44226],[-122.60182,38.44228],[-122.6017,38.4423],[-122.60153,38.44231],[-122.60141,38.44231],[-122.60133,38.44231],[-122.60113,38.44228],[-122.601,38.44226],[-122.6004,38.44209],[-122.60022,38.44203],[-122.60008,38.44199],[-122.59983,38.44187],[-122.59969,38.4418],[-122.59946,38.4417],[-122.59963,38.44143],[-122.59967,38.44137],[-122.5997,38.44132],[-122.59972,38.44122],[-122.59972,38.44109],[-122.5997,38.44101],[-122.59967,38.44094],[-122.5996,38.44084],[-122.59953,38.44078],[-122.59946,38.44072],[-122.5991,38.44051],[-122.599,38.44045],[-122.59873,38.44032],[-122.59851,38.44023],[-122.59831,38.44015],[-122.59818,38.44011],[-122.59811,38.4401],[-122.59807,38.4401],[-122.59801,38.44011],[-122.59793,38.44012],[-122.59783,38.44014],[-122.59764,38.4402],[-122.59734,38.44028],[-122.59726,38.44031],[-122.59705,38.44039],[-122.59696,38.44042],[-122.59691,38.44044],[-122.59682,38.44046],[-122.59672,38.44048],[-122.59656,38.44049],[-122.59651,38.44049],[-122.59639,38.44046],[-122.59622,38.44041],[-122.59573,38.44024],[-122.59556,38.44018],[-122.59547,38.44034],[-122.59542,38.44045],[-122.59539,38.44048],[-122.59536,38.4405],[-122.59533,38.44052],[-122.59529,38.44054],[-122.59521,38.44055],[-122.59515,38.44055],[-122.59502,38.44053],[-122.59489,38.44051],[-122.59481,38.44049],[-122.59456,38.44043],[-122.59441,38.44037],[-122.59433,38.44034],[-122.59426,38.4403],[-122.5942,38.44025],[-122.59413,38.44019],[-122.59403,38.44008],[-122.594,38.44003],[-122.59394,38.44005],[-122.59376,38.44014],[-122.5937,38.44016],[-122.59337,38.44032],[-122.59292,38.44053],[-122.59372,38.44072],[-122.59421,38.44084],[-122.59479,38.44098],[-122.59654,38.44139],[-122.59658,38.4414],[-122.59672,38.44144],[-122.59701,38.44154],[-122.59711,38.44158],[-122.5972,38.44162],[-122.59747,38.44174],[-122.598,38.44199],[-122.59807,38.44202],[-122.5984,38.44218],[-122.59893,38.44242],[-122.60096,38.44337],[-122.60192,38.44382],[-122.60403,38.44477],[-122.60438,38.44493],[-122.60448,38.44497],[-122.60499,38.44522],[-122.60504,38.44516],[-122.60515,38.44502],[-122.60562,38.4444],[-122.60542,38.4443],[-122.60525,38.44421],[-122.60513,38.44416],[-122.605,38.44414],[-122.60491,38.44413],[-122.60477,38.44411],[-122.6046,38.44403],[-122.60436,38.44391],[-122.60425,38.44386],[-122.60438,38.44364],[-122.60457,38.44336],[-122.60476,38.44314],[-122.6049,38.44299],[-122.605,38.44292],[-122.60506,38.44289],[-122.60515,38.44286],[-122.60523,38.44283],[-122.6054,38.44278],[-122.60575,38.44269]]]},"properties":{"GEOID":"060971516012010","POP100":295,"HU100":270,"TRACT":"151601"}},{"type":"Feature","geometry":{"type":"Polygon","coordinates":[[[-122.59159,38.43045],[-122.59157,38.43034],[-122.59152,38.43001],[-122.59151,38.4299],[-122.5915,38.42978],[-122.5915,38.42943],[-122.5915,38.42932],[-122.5915,38.42918],[-122.59149,38.42879],[-122.59149,38.42865],[-122.59145,38.42868],[-122.59139,38.42869],[-122.59122,38.42872],[-122.59107,38.42874],[-122.59102,38.42874],[-122.59092,38.42872],[-122.59073,38.42865],[-122.59067,38.42864],[-122.59062,38.42865],[-122.59054,38.42867],[-122.59037,38.42875],[-122.59024,38.42879],[-122.59007,38.42886],[-122.58993,38.42882],[-122.58976,38.4288],[-122.58962,38.42879],[-122.58957,38.42879],[-122.58941,38.4288],[-122.58927,38.42883],[-122.58913,38.42885],[-122.58897,38.42887],[-122.58883,38.42887],[-122.58882,38.42887],[-122.58852,38.42886],[-122.58842,38.42887],[-122.58828,38.42889],[-122.58814,38.42894],[-122.58806,38.42898],[-122.58797,38.42903],[-122.58788,38.42908],[-122.58772,38.4292],[-122.58791,38.42936],[-122.58834,38.42972],[-122.5885,38.42985],[-122.5887,38.43002],[-122.58878,38.43007],[-122.58891,38.43014],[-122.58894,38.43016],[-122.58901,38.43019],[-122.58975,38.43044],[-122.58979,38.43045],[-122.59002,38.43053],[-122.5902,38.43059],[-122.5907,38.43076],[-122.59075,38.43078],[-122.59087,38.43083],[-122.59094,38.43073],[-122.59094,38.43072],[-122.59096,38.43069],[-122.59102,38.43061],[-122.59108,38.43057],[-122.59117,38.43052],[-122.59122,38.4305],[-122.59124,38.43049],[-122.59134,38.43047],[-122.59139,38.43047],[-122.59153,38.43045],[-122.59159,38.43045]]]},"properties":{"GEOID":"060971516022011","POP100":39,"HU100":28,"TRACT":"151602"}},{"type":"Feature","geometry":{"type":"Polygon","coordinates":[[[-122.61998,38.44653],[-122.61998,38.44647],[-122.61996,38.44638],[-122.61993,38.44631],[-122.61989,38.44625],[-122.61984,38.44621],[-122.61979,38.44617],[-122.61973,38.44614],[-122.61964,38.44611],[-122.61957,38.4461],[-122.6195,38.4461],[-122.61944,38.44611],[-122.61935,38.44613],[-122.61925,38.44617],[-122.61916,38.44623],[-122.61912,38.44627],[-122.61904,38.44639],[-122.61903,38.44641],[-122.61896,38.44655],[-122.61893,38.4466],[-122.6189,38.44674],[-122.61889,38.44682],[-122.61909,38.44684],[-122.61915,38.44685],[-122.61944,38.44688],[-122.61964,38.44691],[-122.6197,38.44692],[-122.6199,38.44696],[-122.61994,38.44685],[-122.61996,38.44672],[-122.61998,38.44656],[-122.61998,38.44653]]]},"properties":{"GEOID":"060971516023003","POP100":5,"HU100":7,"TRACT":"151602"}},{"type":"Feature","geometry":{"type":"Polygon","coordinates":[[[-122.57935,38.43349],[-122.57964,38.433],[-122.57894,38.43275],[-122.57878,38.43269],[-122.57868,38.43266],[-122.57848,38.43261],[-122.57834,38.43259],[-122.57817,38.43257],[-122.57773,38.43249],[-122.57734,38.4324],[-122.57712,38.43233],[-122.5771,38.43233],[-122.57688,38.43225],[-122.57666,38.43217],[-122.57648,38.43208],[-122.57627,38.43199],[-122.57625,38.43198],[-122.57617,38.43195],[-122.57615,38.43194],[-122.5763,38.43248],[-122.57598,38.433],[-122.57643,38.4332],[-122.57567,38.43439],[-122.57584,38.43446],[-122.57628,38.43464],[-122.57632,38.43466],[-122.57648,38.43473],[-122.5768,38.43487],[-122.57682,38.43488],[-122.5775,38.43518],[-122.57784,38.43533],[-122.57819,38.43547],[-122.57847,38.43497],[-122.57867,38.43463],[-122.57935,38.43349]],[[-122.57871,38.43314],[-122.57871,38.43317],[-122.57869,38.43322],[-122.57868,38.43333],[-122.57868,38.43338],[-122.57868,38.43344],[-122.57865,38.43366],[-122.57862,38.43373],[-122.57858,38.43379],[-122.57853,38.43386],[-122.57841,38.43397],[-122.57835,38.43403],[-122.57833,38.43413],[-122.57832,38.43414],[-122.57828,38.43419],[-122.57823,38.43425],[-122.5782,38.43432],[-122.57816,38.43438],[-122.57812,38.43443],[-122.57808,38.43449],[-122.57803,38.43454],[-122.57797,38.43457],[-122.57789,38.43461],[-122.57782,38.43464],[-122.57773,38.43465],[-122.57764,38.43465],[-122.57755,38.43463],[-122.57747,38.43461],[-122.57739,38.43461],[-122.57735,38.43454],[-122.57729,38.4345],[-122.57725,38.43445],[-122.57719,38.43428],[-122.5772,38.43423],[-122.57722,38.43418],[-122.57725,38.43413],[-122.57729,38.43408],[-122.57743,38.43394],[-122.57749,38.4339],[-122.57754,38.43385],[-122.57759,38.4338],[-122.57763,38.43376],[-122.57768,38.43371],[-122.57775,38.43361],[-122.57779,38.43358],[-122.57783,38.43354],[-122.57788,38.4335],[-122.57792,38.43346],[-122.57798,38.43343],[-122.57803,38.43341],[-122.57809,38.43339],[-122.57815,38.43337],[-122.57821,38.43336],[-122.57827,38.43335],[-122.57832,38.43334],[-122.57843,38.43332],[-122.57854,38.43328],[-122.57859,38.43326],[-122.57867,38.4332],[-122.57871,38.43314]]]},"properties":{"GEOID":"060971516021007","POP100":69,"HU100":53,"TRACT":"151602"}},{"type":"Feature","geometry":{"type":"Polygon","coordinates":[[[-122.57603,38.42428],[-122.5734,38.423],[-122.57291,38.42276],[-122.57281,38.42291],[-122.57275,38.42288],[-122.57241,38.42338],[-122.57085,38.42273],[-122.5695,38.42473],[-122.56882,38.42573],[-122.56747,38.42773],[-122.5691,38.42842],[-122.56901,38.42855],[-122.56887,38.42874],[-122.56856,38.42919],[-122.56846,38.42935],[-122.56816,38.42978],[-122.56784,38.43027],[-122.56781,38.43031],[-122.56775,38.4304],[-122.56758,38.43065],[-122.56744,38.43091],[-122.56972,38.43188],[-122.56999,38.43199],[-122.5702,38.43207],[-122.57039,38.43216],[-122.57066,38.43227],[-122.5707,38.43228],[-122.57075,38.4323],[-122.57079,38.43231],[-122.57098,38.43239],[-122.57217,38.43291],[-122.57308,38.4333],[-122.5731,38.4333],[-122.57432,38.43382],[-122.57446,38.43387],[-122.57501,38.43297],[-122.57505,38.43291],[-122.57529,38.4325],[-122.5755,38.43213],[-122.57508,38.43197],[-122.57387,38.43145],[-122.57553,38.42898],[-122.57342,38.42812],[-122.57338,38.42811],[-122.57603,38.42428]]]},"properties":{"GEOID":"060971516021005","POP100":62,"HU100":50,"TRACT":"151602"}},{"type":"Feature","geometry":{"type":"Polygon","coordinates":[[[-122.61052,38.40708],[-122.61058,38.40699],[-122.60607,38.40496],[-122.60329,38.40369],[-122.60325,38.40379],[-122.60061,38.40261],[-122.60043,38.4031],[-122.60047,38.4031],[-122.60061,38.40308],[-122.60071,38.40307],[-122.60086,38.40302],[-122.60099,38.40298],[-122.6011,38.40298],[-122.60122,38.403],[-122.60134,38.40308],[-122.6015,38.4032],[-122.60162,38.40328],[-122.60185,38.40333],[-122.60201,38.40337],[-122.60217,38.40343],[-122.60237,38.40348],[-122.60272,38.40374],[-122.60282,38.40389],[-122.60282,38.40394],[-122.60255,38.40419],[-122.60245,38.40436],[-122.60241,38.40458],[-122.60231,38.40501],[-122.60217,38.40541],[-122.60214,38.40548],[-122.60209,38.40563],[-122.60191,38.40604],[-122.60179,38.40618],[-122.60172,38.40631],[-122.60168,38.40642],[-122.60155,38.40658],[-122.60137,38.4067],[-122.60118,38.40674],[-122.60097,38.40676],[-122.60083,38.40673],[-122.60059,38.40663],[-122.60045,38.40654],[-122.60024,38.40629],[-122.60014,38.40618],[-122.60002,38.40612],[-122.5999,38.40609],[-122.59976,38.4061],[-122.59959,38.40615],[-122.59915,38.40678],[-122.599,38.40692],[-122.59881,38.40744],[-122.59876,38.4075],[-122.59874,38.40752],[-122.59862,38.40763],[-122.5986,38.40764],[-122.59854,38.40769],[-122.59837,38.40781],[-122.59799,38.40802],[-122.59757,38.40826],[-122.59698,38.40853],[-122.59688,38.40861],[-122.59686,38.40866],[-122.59715,38.40903],[-122.59728,38.40914],[-122.5974,38.40923],[-122.59754,38.40932],[-122.59783,38.40947],[-122.59751,38.41026],[-122.59766,38.41035],[-122.59777,38.41043],[-122.59782,38.41051],[-122.59783,38.4106],[-122.59781,38.4108],[-122.59788,38.41085],[-122.59797,38.41089],[-122.5981,38.41093],[-122.59836,38.41086],[-122.59859,38.41078],[-122.59876,38.41074],[-122.59888,38.41072],[-122.59914,38.41064],[-122.59928,38.41061],[-122.59942,38.4106],[-122.59962,38.41065],[-122.5999,38.41073],[-122.60043,38.41092],[-122.60069,38.41104],[-122.60094,38.41116],[-122.601,38.41118],[-122.6012,38.41125],[-122.60148,38.41132],[-122.60156,38.41136],[-122.60194,38.41157],[-122.60213,38.4117],[-122.60226,38.41178],[-122.60245,38.41187],[-122.60255,38.41189],[-122.60259,38.4119],[-122.60271,38.41191],[-122.60291,38.41188],[-122.60312,38.41187],[-122.60326,38.41189],[-122.60336,38.41195],[-122.60345,38.41203],[-122.60355,38.41216],[-122.60367,38.41235],[-122.60374,38.41253],[-122.60379,38.41273],[-122.60385,38.41289],[-122.604,38.41315],[-122.60412,38.4133],[-122.60418,38.41346],[-122.60423,38.41363],[-122.60428,38.41382],[-122.60429,38.41397],[-122.60435,38.41414],[-122.60468,38.41466],[-122.60472,38.41472],[-122.60861,38.4097],[-122.60862,38.40955],[-122.61052,38.40708]]]},"properties":{"GEOID":"060971516023034","POP100":0,"HU100":0,"TRACT":"151602"}},{"type":"Feature","geometry":{"type":"Polygon","coordinates":[[[-122.59268,38.42306],[-122.59312,38.42107],[-122.59067,38.42115],[-122.58894,38.42012],[-122.58181,38.41586],[-122.58108,38.41699],[-122.57603,38.42428],[-122.57338,38.42811],[-122.57342,38.42812],[-122.57553,38.42898],[-122.57387,38.43145],[-122.57508,38.43197],[-122.5755,38.43213],[-122.57615,38.43194],[-122.57605,38.4319],[-122.57598,38.43187],[-122.57574,38.43177],[-122.57564,38.43173],[-122.57556,38.4317],[-122.57545,38.43166],[-122.57541,38.43164],[-122.57525,38.43156],[-122.57508,38.43146],[-122.57499,38.4314],[-122.57493,38.43134],[-122.57491,38.43132],[-122.57487,38.43125],[-122.57482,38.43117],[-122.57481,38.43112],[-122.57479,38.43103],[-122.57479,38.43101],[-122.57479,38.43092],[-122.57481,38.43084],[-122.57483,38.43077],[-122.57488,38.43069],[-122.57497,38.43056],[-122.57507,38.43043],[-122.57522,38.43022],[-122.57531,38.4301],[-122.57534,38.43006],[-122.57538,38.43002],[-122.57545,38.42996],[-122.57553,38.4299],[-122.57563,38.42985],[-122.57577,38.42979],[-122.57583,38.42978],[-122.57609,38.42975],[-122.57606,38.42962],[-122.57605,38.42951],[-122.57604,38.4294],[-122.57592,38.42879],[-122.57587,38.42855],[-122.57571,38.42857],[-122.57562,38.42857],[-122.57554,38.42856],[-122.5755,38.42855],[-122.57544,38.42854],[-122.575,38.42836],[-122.57488,38.42832],[-122.57479,38.42828],[-122.57472,38.42823],[-122.57467,38.4282],[-122.57461,38.42815],[-122.57456,38.42811],[-122.57453,38.42807],[-122.57448,38.42797],[-122.57444,38.42787],[-122.57439,38.42772],[-122.57442,38.42758],[-122.57446,38.42746],[-122.57448,38.42743],[-122.57453,38.42733],[-122.57509,38.42652],[-122.57514,38.42645],[-122.57519,38.42641],[-122.57528,38.42635],[-122.57539,38.4263],[-122.57543,38.42629],[-122.57551,38.42627],[-122.5756,38.42627],[-122.57573,38.42626],[-122.57577,38.42604],[-122.57578,38.42599],[-122.57581,38.42586],[-122.57583,38.4258],[-122.57592,38.4255],[-122.57596,38.42542],[-122.57598,38.42538],[-122.57609,38.42517],[-122.57618,38.425],[-122.57632,38.42475],[-122.5764,38.42462],[-122.57645,38.42455],[-122.57656,38.42438],[-122.57689,38.4239],[-122.57726,38.42334],[-122.57743,38.4231],[-122.57746,38.42306],[-122.57761,38.42287],[-122.57775,38.42272],[-122.5779,38.4226],[-122.57803,38.42252],[-122.57813,38.42246],[-122.57837,38.42235],[-122.57853,38.42228],[-122.57874,38.42223],[-122.57889,38.42219],[-122.57904,38.42217],[-122.57917,38.42216],[-122.57929,38.42215],[-122.57945,38.42215],[-122.57962,38.42216],[-122.57982,38.42218],[-122.5799,38.4222],[-122.57995,38.42221],[-122.58015,38.42226],[-122.58035,38.42232],[-122.58064,38.42243],[-122.58087,38.42252],[-122.58099,38.42256],[-122.58117,38.42261],[-122.58134,38.42263],[-122.58154,38.42264],[-122.58179,38.42263],[-122.58204,38.42263],[-122.58205,38.42263],[-122.58219,38.42266],[-122.58233,38.4227],[-122.58248,38.42276],[-122.58261,38.42284],[-122.5827,38.42291],[-122.58278,38.42299],[-122.58279,38.42301],[-122.58284,38.42307],[-122.58289,38.42315],[-122.58292,38.42322],[-122.58293,38.42324],[-122.58295,38.42332],[-122.58296,38.42336],[-122.58296,38.42339],[-122.58297,38.42349],[-122.58296,38.42358],[-122.58294,38.42364],[-122.58292,38.42376],[-122.5829,38.42395],[-122.5829,38.4241],[-122.5829,38.42413],[-122.58292,38.42425],[-122.58292,38.42429],[-122.58297,38.42444],[-122.583,38.42449],[-122.58305,38.42461],[-122.58312,38.42471],[-122.58319,38.42481],[-122.5833,38.42494],[-122.58338,38.42502],[-122.58348,38.4251],[-122.58369,38.42526],[-122.58396,38.42546],[-122.58399,38.42548],[-122.58424,38.42568],[-122.58435,38.42579],[-122.58445,38.42589],[-122.58457,38.42605],[-122.58469,38.42621],[-122.58473,38.42627],[-122.58488,38.4265],[-122.58505,38.42642],[-122.58558,38.4262],[-122.58576,38.42613],[-122.58588,38.42608],[-122.58597,38.42605],[-122.58608,38.42603],[-122.58624,38.42602],[-122.5864,38.42603],[-122.58641,38.42603],[-122.58651,38.42604],[-122.58664,38.42608],[-122.58674,38.42612],[-122.58685,38.42618],[-122.58695,38.42625],[-122.58707,38.42634],[-122.58717,38.42644],[-122.58723,38.42648],[-122.58734,38.42658],[-122.58749,38.42673],[-122.58765,38.4269],[-122.58776,38.42713],[-122.58778,38.42721],[-122.5878,38.42734],[-122.5878,38.42734],[-122.58781,38.42749],[-122.58779,38.42762],[-122.58777,38.42775],[-122.58773,38.42785],[-122.58766,38.42799],[-122.58763,38.42804],[-122.58757,38.42814],[-122.58753,38.4282],[-122.58745,38.4283],[-122.58736,38.42839],[-122.58722,38.4285],[-122.58719,38.42853],[-122.58705,38.42863],[-122.58714,38.42872],[-122.58718,38.42875],[-122.58736,38.4289],[-122.58758,38.42909],[-122.58772,38.4292],[-122.58788,38.42908],[-122.58797,38.42903],[-122.58806,38.42898],[-122.58814,38.42894],[-122.58828,38.42889],[-122.58842,38.42887],[-122.58852,38.42886],[-122.58882,38.42887],[-122.58883,38.42887],[-122.58897,38.42887],[-122.58913,38.42885],[-122.58927,38.42883],[-122.58941,38.4288],[-122.58957,38.42879],[-122.58962,38.42879],[-122.58976,38.4288],[-122.58993,38.42882],[-122.59007,38.42886],[-122.59024,38.42879],[-122.59037,38.42875],[-122.59054,38.42867],[-122.59062,38.42865],[-122.59067,38.42864],[-122.59073,38.42865],[-122.59092,38.42872],[-122.59102,38.42874],[-122.59107,38.42874],[-122.59122,38.42872],[-122.59139,38.42869],[-122.59145,38.42868],[-122.59149,38.42865],[-122.59149,38.42879],[-122.5915,38.42918],[-122.5915,38.42932],[-122.59182,38.42776],[-122.5921,38.42638],[-122.5925,38.42406],[-122.59268,38.42306]]]},"properties":{"GEOID":"060971516021010","POP100":359,"HU100":233,"TRACT":"151602"}},{"type":"Feature","geometry":{"type":"Polygon","coordinates":[[[-122.58913,38.43176],[-122.58914,38.43169],[-122.58913,38.43163],[-122.5891,38.43159],[-122.58906,38.43155],[-122.58894,38.4315],[-122.58882,38.43144],[-122.58868,38.43134],[-122.58845,38.43109],[-122.58838,38.43105],[-122.58828,38.43101],[-122.58822,38.431],[-122.58815,38.431],[-122.58805,38.43101],[-122.58794,38.43105],[-122.58791,38.43107],[-122.58789,38.4311],[-122.58787,38.43115],[-122.58786,38.43123],[-122.58787,38.43131],[-122.58791,38.43142],[-122.58797,38.4315],[-122.58805,38.4316],[-122.58811,38.43171],[-122.58816,38.43178],[-122.58821,38.43192],[-122.58824,38.43198],[-122.58826,38.43203],[-122.58829,38.43206],[-122.58833,38.43209],[-122.58841,38.43212],[-122.58843,38.43213],[-122.58858,38.4321],[-122.58868,38.43206],[-122.58888,38.43196],[-122.58902,38.43189],[-122.58908,38.43184],[-122.58911,38.4318],[-122.58913,38.43176]]]},"properties":{"GEOID":"060971516013004","POP100":15,"HU100":10,"TRACT":"151601"}},{"type":"Feature","geometry":{"type":"Polygon","coordinates":[[[-122.64821,38.43989],[-122.64819,38.4398],[-122.64814,38.43948],[-122.64812,38.43939],[-122.6481,38.43928],[-122.64807,38.43898],[-122.64803,38.43884],[-122.64798,38.43874],[-122.64795,38.43864],[-122.64778,38.43823],[-122.64771,38.43805],[-122.64762,38.43789],[-122.64739,38.43748],[-122.64735,38.43717],[-122.64731,38.43688],[-122.64724,38.43643],[-122.64713,38.43623],[-122.64693,38.4359],[-122.64689,38.43583],[-122.64688,38.43566],[-122.64686,38.43548],[-122.64686,38.43547],[-122.64686,38.43543],[-122.64686,38.43538],[-122.64673,38.43511],[-122.64671,38.43509],[-122.64628,38.43451],[-122.64592,38.43421],[-122.64518,38.43405],[-122.6448,38.4339],[-122.64441,38.43386],[-122.64387,38.43369],[-122.64379,38.43366],[-122.64325,38.43316],[-122.64288,38.43264],[-122.64232,38.43208],[-122.64189,38.43152],[-122.64173,38.43115],[-122.64133,38.43051],[-122.64119,38.42996],[-122.64063,38.42931],[-122.64063,38.42926],[-122.64032,38.42895],[-122.63976,38.42853],[-122.63923,38.42824],[-122.63897,38.42796],[-122.63878,38.42752],[-122.63898,38.42659],[-122.63887,38.42609],[-122.63868,38.42585],[-122.63804,38.42539],[-122.63791,38.4253],[-122.63728,38.42506],[-122.63706,38.42503],[-122.63653,38.42505],[-122.63604,38.42514],[-122.635,38.42518],[-122.63557,38.42575],[-122.63592,38.42568],[-122.63634,38.4256],[-122.63688,38.4256],[-122.63712,38.42561],[-122.63754,38.42572],[-122.63782,38.42581],[-122.63796,38.42593],[-122.63805,38.42609],[-122.63821,38.42617],[-122.63838,38.4263],[-122.63849,38.42636],[-122.63857,38.4265],[-122.63861,38.42673],[-122.63864,38.42694],[-122.63861,38.42727],[-122.6386,38.42752],[-122.63858,38.42764],[-122.63854,38.42769],[-122.63853,38.42782],[-122.6385,38.42793],[-122.63852,38.42801],[-122.6386,38.4281],[-122.63865,38.42812],[-122.63868,38.42815],[-122.63866,38.42817],[-122.63866,38.42821],[-122.63871,38.42824],[-122.63876,38.42826],[-122.63889,38.42827],[-122.63893,38.4283],[-122.63897,38.42834],[-122.6391,38.42836],[-122.63916,38.42835],[-122.63921,38.42834],[-122.63928,38.42841],[-122.64045,38.42928],[-122.64242,38.43249],[-122.64335,38.43335],[-122.64388,38.43378],[-122.64363,38.43488],[-122.64397,38.43525],[-122.64389,38.43598],[-122.64487,38.43731],[-122.6462,38.43908],[-122.64638,38.43931],[-122.64766,38.43909],[-122.64765,38.43936],[-122.64803,38.43969],[-122.64821,38.43989]]]},"properties":{"GEOID":"060971516023017","POP100":0,"HU100":0,"TRACT":"151602"}},{"type":"Feature","geometry":{"type":"Polygon","coordinates":[[[-122.65132,38.44298],[-122.65131,38.44294],[-122.65128,38.44285],[-122.65081,38.44304],[-122.65088,38.44374],[-122.65127,38.44325],[-122.65132,38.44298]]]},"properties":{"GEOID":"060971516023020","POP100":0,"HU100":0,"TRACT":"151602"}},{"type":"Feature","geometry":{"type":"Polygon","coordinates":[[[-122.58396,38.45346],[-122.58414,38.45229],[-122.58385,38.45219],[-122.57977,38.45056],[-122.57954,38.45047],[-122.57962,38.45033],[-122.5795,38.45037],[-122.57466,38.44835],[-122.57466,38.44791],[-122.57464,38.44787],[-122.5738,38.44754],[-122.5738,38.44796],[-122.57376,38.44795],[-122.57395,38.44836],[-122.574,38.44843],[-122.57405,38.44849],[-122.5741,38.44855],[-122.57412,38.44859],[-122.57414,38.44867],[-122.57414,38.44872],[-122.57414,38.44874],[-122.57413,38.44893],[-122.5741,38.44914],[-122.57412,38.4497],[-122.57408,38.45008],[-122.57408,38.45029],[-122.57409,38.45039],[-122.5741,38.45049],[-122.57412,38.45086],[-122.57414,38.45095],[-122.57417,38.45107],[-122.57419,38.45119],[-122.57432,38.45174],[-122.57435,38.4521],[-122.57446,38.45258],[-122.57447,38.45273],[-122.57448,38.45277],[-122.57449,38.45282],[-122.5745,38.45288],[-122.5745,38.45296],[-122.57447,38.45305],[-122.57444,38.45309],[-122.57439,38.45314],[-122.57435,38.45317],[-122.57399,38.45344],[-122.57389,38.45353],[-122.57474,38.45361],[-122.57737,38.45361],[-122.57931,38.45352],[-122.58029,38.45347],[-122.58037,38.45347],[-122.58053,38.45346],[-122.58221,38.45346],[-122.58354,38.45347],[-122.58396,38.45346]]]},"properties":{"GEOID":"060971516012004","POP100":8,"HU100":1,"TRACT":"151601"}},{"type":"Feature","geometry":{"type":"Polygon","coordinates":[[[-122.52947,38.44228],[-122.52955,38.44231],[-122.52933,38.44218],[-122.52894,38.44203],[-122.52874,38.44198],[-122.52858,38.44192],[-122.52837,38.44185],[-122.52817,38.44176],[-122.52811,38.44172],[-122.52792,38.44164],[-122.5277,38.44156],[-122.52726,38.44144],[-122.52703,38.44135],[-122.52681,38.44125],[-122.52656,38.4411],[-122.52622,38.44092],[-122.52581,38.44075],[-122.52539,38.44062],[-122.52513,38.44056],[-122.52487,38.44052],[-122.52479,38.44048],[-122.52422,38.44027],[-122.52405,38.44022],[-122.52367,38.44003],[-122.52349,38.43992],[-122.52343,38.43985],[-122.52331,38.43954],[-122.52323,38.43922],[-122.52307,38.43881],[-122.523,38.43866],[-122.52292,38.43856],[-122.52282,38.43846],[-122.52268,38.43839],[-122.52255,38.43834],[-122.52226,38.43827],[-122.52213,38.43821],[-122.52175,38.43799],[-122.52165,38.43796],[-122.52136,38.43793],[-122.52121,38.4379],[-122.52063,38.43788],[-122.51945,38.43774],[-122.51822,38.43769],[-122.51784,38.43769],[-122.51761,38.43768],[-122.51742,38.43766],[-122.5173,38.43763],[-122.51704,38.43754],[-122.51698,38.43749],[-122.51686,38.43741],[-122.51671,38.4373],[-122.51659,38.4372],[-122.51652,38.43718],[-122.51627,38.43703],[-122.51618,38.43701],[-122.51611,38.43701],[-122.51598,38.43704],[-122.51585,38.43711],[-122.51573,38.43717],[-122.51554,38.43724],[-122.5158,38.43726],[-122.51583,38.43726],[-122.51588,38.43728],[-122.51591,38.43734],[-122.51591,38.43738],[-122.51589,38.43744],[-122.51582,38.43753],[-122.51578,38.43762],[-122.51576,38.43772],[-122.51584,38.43771],[-122.51629,38.43772],[-122.51651,38.43773],[-122.51701,38.43777],[-122.51712,38.43779],[-122.51758,38.43796],[-122.51763,38.43798],[-122.51771,38.43799],[-122.51829,38.438],[-122.51838,38.43802],[-122.51843,38.43804],[-122.51849,38.43806],[-122.51875,38.43823],[-122.51878,38.43825],[-122.5189,38.43835],[-122.51903,38.43844],[-122.5191,38.43851],[-122.51917,38.43861],[-122.51918,38.43865],[-122.51918,38.43868],[-122.51917,38.43871],[-122.51914,38.43875],[-122.5191,38.43878],[-122.51905,38.43881],[-122.519,38.43885],[-122.51898,38.43888],[-122.51896,38.43895],[-122.51895,38.43906],[-122.51895,38.43915],[-122.51898,38.43929],[-122.51902,38.43939],[-122.51907,38.4395],[-122.5191,38.43956],[-122.51918,38.43961],[-122.51923,38.43965],[-122.51926,38.4397],[-122.51936,38.43984],[-122.51944,38.43998],[-122.51945,38.44002],[-122.51947,38.44008],[-122.51952,38.44017],[-122.51955,38.44019],[-122.51961,38.44022],[-122.51969,38.44024],[-122.51978,38.44026],[-122.52,38.4403],[-122.52008,38.44032],[-122.52013,38.44034],[-122.5202,38.44038],[-122.52022,38.44042],[-122.52027,38.44047],[-122.52033,38.44052],[-122.52042,38.44057],[-122.52048,38.44059],[-122.52055,38.4406],[-122.5206,38.4406],[-122.52069,38.44059],[-122.52091,38.44051],[-122.52116,38.44043],[-122.52126,38.44041],[-122.52147,38.44041],[-122.52156,38.44041],[-122.52168,38.44044],[-122.52175,38.44046],[-122.52179,38.44047],[-122.52185,38.4405],[-122.52191,38.44054],[-122.52196,38.44058],[-122.522,38.44063],[-122.52205,38.44072],[-122.52209,38.44077],[-122.5222,38.44086],[-122.52228,38.44092],[-122.52239,38.44097],[-122.5227,38.44105],[-122.52276,38.44109],[-122.5228,38.44113],[-122.52282,38.44118],[-122.52283,38.44122],[-122.52282,38.44135],[-122.5228,38.44148],[-122.52277,38.44154],[-122.52272,38.44161],[-122.52267,38.44165],[-122.5225,38.44176],[-122.52242,38.44182],[-122.52237,38.44187],[-122.52232,38.44195],[-122.52229,38.44201],[-122.52228,38.44207],[-122.52227,38.44213],[-122.52228,38.44228],[-122.52231,38.44239],[-122.52236,38.44256],[-122.52239,38.44259],[-122.52245,38.44262],[-122.52247,38.44262],[-122.52252,38.44263],[-122.52259,38.44261],[-122.52264,38.44258],[-122.52269,38.44255],[-122.52278,38.44247],[-122.52291,38.44235],[-122.52301,38.44228],[-122.52317,38.44218],[-122.52332,38.44207],[-122.52346,38.44196],[-122.52359,38.44184],[-122.52376,38.44173],[-122.52386,38.44168],[-122.52425,38.44153],[-122.52434,38.44149],[-122.5244,38.44145],[-122.52459,38.44127],[-122.52465,38.44123],[-122.5247,38.44121],[-122.52476,38.4412],[-122.52484,38.44119],[-122.52493,38.44121],[-122.52498,38.44123],[-122.52507,38.44128],[-122.52517,38.44132],[-122.52528,38.44135],[-122.52537,38.44136],[-122.52552,38.44139],[-122.52567,38.44143],[-122.52579,38.44146],[-122.52595,38.44148],[-122.52598,38.44149],[-122.52617,38.4415],[-122.52638,38.44154],[-122.52651,38.44157],[-122.5267,38.44164],[-122.52688,38.44173],[-122.52727,38.44183],[-122.52776,38.44193],[-122.52792,38.44198],[-122.52807,38.44205],[-122.52825,38.4421],[-122.52836,38.44213],[-122.52848,38.44215],[-122.52889,38.44224],[-122.52897,38.44224],[-122.5292,38.44222],[-122.52927,38.44222],[-122.52934,38.44224],[-122.52938,38.44225],[-122.52941,38.44226],[-122.52944,38.44227],[-122.52947,38.44228]]]},"properties":{"GEOID":"060971516012008","POP100":0,"HU100":0,"TRACT":"151601"}},{"type":"Feature","geometry":{"type":"Polygon","coordinates":[[[-122.65128,38.44285],[-122.6512,38.44263],[-122.651,38.44244],[-122.65092,38.44237],[-122.65063,38.44224],[-122.65056,38.44222],[-122.65021,38.44213],[-122.64974,38.44203],[-122.64961,38.44203],[-122.64958,38.44203],[-122.64955,38.442],[-122.64935,38.44195],[-122.64912,38.44184],[-122.64907,38.44181],[-122.64871,38.44156],[-122.64864,38.44152],[-122.64861,38.44148],[-122.6486,38.44146],[-122.64855,38.44141],[-122.64854,38.4414],[-122.64849,38.44133],[-122.64842,38.44125],[-122.64839,38.44118],[-122.64836,38.44113],[-122.64833,38.44105],[-122.64829,38.44097],[-122.64826,38.44075],[-122.64824,38.44067],[-122.64826,38.44025],[-122.64827,38.44022],[-122.64822,38.43993],[-122.64821,38.43989],[-122.64803,38.43969],[-122.64765,38.43936],[-122.64766,38.43909],[-122.64638,38.43931],[-122.6462,38.43908],[-122.64487,38.43731],[-122.64389,38.43598],[-122.64397,38.43525],[-122.64363,38.43488],[-122.64388,38.43378],[-122.64335,38.43335],[-122.64242,38.43249],[-122.64045,38.42928],[-122.63928,38.42841],[-122.63921,38.42834],[-122.63916,38.42835],[-122.6391,38.42836],[-122.63897,38.42834],[-122.63893,38.4283],[-122.63889,38.42827],[-122.63876,38.42826],[-122.63871,38.42824],[-122.63866,38.42821],[-122.63866,38.42817],[-122.63868,38.42815],[-122.63865,38.42812],[-122.6386,38.4281],[-122.63852,38.42801],[-122.6385,38.42793],[-122.63853,38.42782],[-122.63854,38.42769],[-122.63858,38.42764],[-122.6386,38.42752],[-122.63861,38.42727],[-122.63864,38.42694],[-122.63861,38.42673],[-122.63857,38.4265],[-122.63849,38.42636],[-122.63838,38.4263],[-122.63821,38.42617],[-122.63805,38.42609],[-122.63796,38.42593],[-122.63782,38.42581],[-122.63754,38.42572],[-122.63712,38.42561],[-122.63688,38.4256],[-122.63634,38.4256],[-122.63592,38.42568],[-122.63557,38.42575],[-122.635,38.42518],[-122.63461,38.42525],[-122.63419,38.42548],[-122.6338,38.42605],[-122.6337,38.42619],[-122.63366,38.42625],[-122.63339,38.42655],[-122.63321,38.42644],[-122.63313,38.42642],[-122.63308,38.42642],[-122.63302,38.42643],[-122.63279,38.42649],[-122.63273,38.4265],[-122.63259,38.42653],[-122.6325,38.42654],[-122.63224,38.42653],[-122.63214,38.42654],[-122.63208,38.42655],[-122.63196,38.42661],[-122.6319,38.42662],[-122.63182,38.42663],[-122.63176,38.42662],[-122.63171,38.4266],[-122.63152,38.4265],[-122.63142,38.42645],[-122.63131,38.42642],[-122.63129,38.42641],[-122.63126,38.42638],[-122.63123,38.42634],[-122.63121,38.42627],[-122.63121,38.42617],[-122.63124,38.42611],[-122.63125,38.42603],[-122.63125,38.42597],[-122.63118,38.42572],[-122.63118,38.42569],[-122.63119,38.42562],[-122.63123,38.42556],[-122.63129,38.42552],[-122.63136,38.42548],[-122.63173,38.42539],[-122.63183,38.42536],[-122.63195,38.4253],[-122.63205,38.42524],[-122.63216,38.42516],[-122.63279,38.42482],[-122.6329,38.42476],[-122.63304,38.42467],[-122.63331,38.42453],[-122.63373,38.42433],[-122.63396,38.42424],[-122.63412,38.4242],[-122.63334,38.42327],[-122.63098,38.42066],[-122.63061,38.42021],[-122.62996,38.41943],[-122.62914,38.41851],[-122.62743,38.4166],[-122.62661,38.41556],[-122.6261,38.41491],[-122.62549,38.41428],[-122.62545,38.41422],[-122.62526,38.41407],[-122.62468,38.41341],[-122.62414,38.41317],[-122.62261,38.41242],[-122.62029,38.41146],[-122.61868,38.41084],[-122.61607,38.40963],[-122.61102,38.40729],[-122.61052,38.40708],[-122.60862,38.40955],[-122.60861,38.4097],[-122.60472,38.41472],[-122.60477,38.4148],[-122.60063,38.42034],[-122.59989,38.42134],[-122.60017,38.42143],[-122.60026,38.422],[-122.60053,38.42353],[-122.60022,38.42623],[-122.60153,38.42976],[-122.60196,38.43054],[-122.60578,38.43206],[-122.60863,38.43384],[-122.6086,38.43398],[-122.6087,38.43413],[-122.60892,38.43424],[-122.60922,38.43431],[-122.60933,38.43431],[-122.61255,38.4371],[-122.61484,38.44224],[-122.6135,38.44345],[-122.61336,38.44381],[-122.61472,38.44473],[-122.61486,38.44482],[-122.61552,38.44505],[-122.61577,38.4451],[-122.61607,38.44516],[-122.6165,38.44524],[-122.61703,38.44534],[-122.61804,38.44537],[-122.61894,38.44505],[-122.61951,38.44505],[-122.62001,38.44515],[-122.6216,38.44601],[-122.62198,38.44607],[-122.62206,38.44617],[-122.6222,38.44629],[-122.62239,38.44639],[-122.62259,38.44643],[-122.62283,38.44645],[-122.62307,38.44646],[-122.62331,38.44649],[-122.62337,38.44651],[-122.62344,38.44653],[-122.62352,38.44662],[-122.62354,38.44665],[-122.62356,38.44666],[-122.62372,38.44688],[-122.62386,38.44703],[-122.62395,38.44711],[-122.62405,38.44724],[-122.62429,38.44742],[-122.62442,38.44751],[-122.6247,38.4476],[-122.62481,38.44765],[-122.62485,38.4477],[-122.62494,38.44771],[-122.62506,38.44773],[-122.62511,38.44773],[-122.62527,38.4478],[-122.62548,38.44797],[-122.6257,38.44804],[-122.62606,38.44813],[-122.62647,38.44819],[-122.62659,38.44837],[-122.62663,38.44838],[-122.62678,38.4484],[-122.62687,38.44847],[-122.62726,38.44865],[-122.62729,38.4487],[-122.62835,38.44759],[-122.62875,38.44757],[-122.63327,38.45038],[-122.63451,38.4513],[-122.63513,38.45084],[-122.63606,38.45191],[-122.63658,38.45164],[-122.63776,38.453],[-122.63816,38.45397],[-122.63903,38.45417],[-122.63881,38.45459],[-122.64071,38.45543],[-122.64083,38.45548],[-122.64093,38.4555],[-122.641,38.4555],[-122.64108,38.45552],[-122.64111,38.4555],[-122.64114,38.4555],[-122.6412,38.45552],[-122.64125,38.45552],[-122.6413,38.4555],[-122.64136,38.4555],[-122.64136,38.45553],[-122.64132,38.45556],[-122.64128,38.45559],[-122.64128,38.45561],[-122.64118,38.45563],[-122.64163,38.45584],[-122.64178,38.45656],[-122.64228,38.45637],[-122.64216,38.45591],[-122.6423,38.45547],[-122.64352,38.45134],[-122.64453,38.45143],[-122.6481,38.44908],[-122.6481,38.4482],[-122.64776,38.44588],[-122.64809,38.44585],[-122.64806,38.44576],[-122.64805,38.44553],[-122.64811,38.44537],[-122.64819,38.44522],[-122.64823,38.44512],[-122.64841,38.44446],[-122.64845,38.44436],[-122.64852,38.44416],[-122.64866,38.4443],[-122.64879,38.44455],[-122.64886,38.44466],[-122.64883,38.44473],[-122.64882,38.44481],[-122.64896,38.44476],[-122.64939,38.44471],[-122.64976,38.44466],[-122.64992,38.44464],[-122.6502,38.44453],[-122.65031,38.44443],[-122.65043,38.44433],[-122.65063,38.44407],[-122.65088,38.44374],[-122.65081,38.44304],[-122.65128,38.44285]]]},"properties":{"GEOID":"060971516023015","POP100":3,"HU100":1,"TRACT":"151602"}},{"type":"Feature","geometry":{"type":"Polygon","coordinates":[[[-122.58746,38.43576],[-122.58746,38.43571],[-122.58743,38.43568],[-122.5874,38.43564],[-122.58734,38.4356],[-122.58728,38.43559],[-122.58701,38.4355],[-122.58694,38.43547],[-122.58682,38.43542],[-122.58676,38.43539],[-122.58674,38.43538],[-122.5867,38.43537],[-122.58667,38.43535],[-122.58661,38.43543],[-122.58653,38.43552],[-122.58644,38.4356],[-122.58634,38.43567],[-122.58627,38.43571],[-122.58624,38.43573],[-122.5862,38.43576],[-122.58602,38.43585],[-122.58589,38.43589],[-122.58581,38.43592],[-122.58559,38.43597],[-122.58538,38.43603],[-122.58517,38.4361],[-122.58511,38.43613],[-122.585,38.43619],[-122.5849,38.43626],[-122.5848,38.43634],[-122.58478,38.43635],[-122.58474,38.43639],[-122.5846,38.43656],[-122.58447,38.43676],[-122.58443,38.43682],[-122.58439,38.43688],[-122.58413,38.43724],[-122.58412,38.43725],[-122.58406,38.43737],[-122.58422,38.43743],[-122.58469,38.43763],[-122.58486,38.4377],[-122.58511,38.43731],[-122.58528,38.43706],[-122.58538,38.43692],[-122.58542,38.43687],[-122.58547,38.43682],[-122.58553,38.43678],[-122.58558,38.43675],[-122.58567,38.43672],[-122.58619,38.43655],[-122.58626,38.43653],[-122.58654,38.43643],[-122.58663,38.4364],[-122.5867,38.43639],[-122.58672,38.43639],[-122.5868,38.43639],[-122.58691,38.43641],[-122.58693,38.43641],[-122.58698,38.43642],[-122.58702,38.43634],[-122.58713,38.43619],[-122.58725,38.43603],[-122.58736,38.4359],[-122.58745,38.43579],[-122.58746,38.43576]]]},"properties":{"GEOID":"060971516013001","POP100":47,"HU100":28,"TRACT":"151601"}},{"type":"Feature","geometry":{"type":"Polygon","coordinates":[[[-122.58232,38.43335],[-122.58229,38.43334],[-122.58225,38.43333],[-122.58218,38.43332],[-122.58212,38.43331],[-122.58202,38.43329],[-122.58191,38.43327],[-122.58184,38.43325],[-122.58177,38.43324],[-122.58164,38.43321],[-122.58157,38.4332],[-122.58151,38.43319],[-122.58145,38.43317],[-122.58133,38.4334],[-122.58125,38.43353],[-122.58117,38.43369],[-122.58095,38.43401],[-122.58085,38.43423],[-122.58078,38.43435],[-122.58073,38.43444],[-122.58069,38.43448],[-122.58066,38.43453],[-122.58063,38.43457],[-122.5806,38.43461],[-122.58057,38.43466],[-122.58054,38.4347],[-122.58048,38.43478],[-122.58043,38.43485],[-122.58046,38.43486],[-122.58052,38.43489],[-122.58058,38.43491],[-122.58064,38.43493],[-122.58071,38.43495],[-122.58077,38.43497],[-122.58083,38.435],[-122.58089,38.43502],[-122.58095,38.43504],[-122.581,38.43506],[-122.58106,38.43508],[-122.58111,38.4351],[-122.58113,38.4351],[-122.58122,38.43514],[-122.58133,38.43519],[-122.58136,38.43518],[-122.58147,38.43498],[-122.58154,38.43484],[-122.58163,38.43468],[-122.58167,38.43462],[-122.5817,38.43456],[-122.58174,38.43451],[-122.58177,38.43446],[-122.58181,38.43441],[-122.58184,38.43436],[-122.58187,38.43431],[-122.5819,38.43426],[-122.58193,38.43421],[-122.58195,38.43416],[-122.58198,38.43412],[-122.58203,38.43402],[-122.58205,38.43397],[-122.58208,38.43392],[-122.5821,38.43388],[-122.58213,38.43383],[-122.58215,38.43379],[-122.58218,38.43374],[-122.58221,38.43365],[-122.58223,38.4336],[-122.58226,38.4335],[-122.58228,38.43344],[-122.58232,38.43335]]]},"properties":{"GEOID":"060971516012023","POP100":37,"HU100":22,"TRACT":"151601"}},{"type":"Feature","geometry":{"type":"Polygon","coordinates":[[[-122.57468,38.39177],[-122.57467,38.39171],[-122.57436,38.39157],[-122.57421,38.39146],[-122.57391,38.3912],[-122.5737,38.39106],[-122.57367,38.39102],[-122.57351,38.39092],[-122.57346,38.3909],[-122.57335,38.39083],[-122.57314,38.39075],[-122.57261,38.39054],[-122.57208,38.3904],[-122.57182,38.39029],[-122.57154,38.39005],[-122.57132,38.38973],[-122.57117,38.38956],[-122.57076,38.38921],[-122.57069,38.38914],[-122.5703,38.38877],[-122.57022,38.38873],[-122.56967,38.38853],[-122.5691,38.38822],[-122.56904,38.3882],[-122.569,38.38817],[-122.56886,38.38809],[-122.56877,38.38803],[-122.56856,38.38784],[-122.56832,38.38778],[-122.56777,38.38757],[-122.56743,38.38749],[-122.5672,38.38741],[-122.56678,38.38724],[-122.56658,38.38714],[-122.56642,38.38706],[-122.56569,38.38696],[-122.56556,38.38696],[-122.56552,38.38697],[-122.56548,38.38698],[-122.56546,38.38697],[-122.56538,38.38696],[-122.56536,38.38696],[-122.56529,38.38694],[-122.56531,38.38702],[-122.56532,38.38706],[-122.56532,38.38711],[-122.56531,38.38722],[-122.56531,38.38733],[-122.5653,38.38738],[-122.56529,38.38744],[-122.56528,38.3875],[-122.56526,38.38756],[-122.56521,38.3877],[-122.56518,38.38777],[-122.56514,38.38783],[-122.5651,38.3879],[-122.56499,38.3881],[-122.56495,38.38817],[-122.56491,38.38824],[-122.56487,38.38831],[-122.56479,38.38845],[-122.56479,38.38846],[-122.56475,38.38852],[-122.5646,38.3888],[-122.56452,38.38894],[-122.56441,38.38916],[-122.56437,38.38923],[-122.5643,38.38939],[-122.56426,38.38946],[-122.56419,38.38961],[-122.56416,38.38969],[-122.56413,38.38976],[-122.56407,38.3899],[-122.56404,38.38996],[-122.56401,38.39003],[-122.56397,38.39015],[-122.56392,38.39026],[-122.56388,38.39032],[-122.56385,38.39038],[-122.56381,38.39044],[-122.56371,38.39062],[-122.5637,38.39067],[-122.56368,38.39076],[-122.56366,38.39087],[-122.56364,38.39096],[-122.56363,38.39101],[-122.56362,38.39106],[-122.56362,38.39112],[-122.5636,38.39126],[-122.56358,38.39133],[-122.56357,38.3914],[-122.56353,38.39153],[-122.56351,38.39159],[-122.56347,38.39173],[-122.56343,38.39187],[-122.56341,38.39194],[-122.5634,38.39201],[-122.56337,38.39208],[-122.56333,38.39222],[-122.56331,38.39229],[-122.56328,38.39236],[-122.56326,38.39244],[-122.56322,38.39259],[-122.5632,38.39266],[-122.56319,38.39273],[-122.56318,38.39288],[-122.5632,38.39303],[-122.56326,38.39324],[-122.56328,38.39332],[-122.5633,38.39339],[-122.56336,38.39361],[-122.56338,38.39369],[-122.56342,38.39382],[-122.56343,38.39388],[-122.56345,38.39394],[-122.56347,38.39398],[-122.56346,38.39401],[-122.56357,38.39403],[-122.56366,38.39407],[-122.56369,38.39408],[-122.56376,38.39409],[-122.56411,38.39404],[-122.56447,38.39398],[-122.56483,38.39392],[-122.5649,38.39392],[-122.56503,38.39392],[-122.56516,38.39394],[-122.56522,38.39394],[-122.56568,38.39407],[-122.56618,38.39419],[-122.56665,38.39424],[-122.567,38.39431],[-122.56721,38.39433],[-122.56747,38.39434],[-122.56794,38.39435],[-122.56819,38.39436],[-122.56857,38.39439],[-122.56907,38.39445],[-122.56981,38.39456],[-122.56988,38.39456],[-122.56998,38.39455],[-122.57005,38.39454],[-122.57009,38.39452],[-122.57026,38.39447],[-122.57032,38.39446],[-122.57043,38.39445],[-122.57094,38.39444],[-122.57102,38.39443],[-122.57115,38.3944],[-122.57139,38.39431],[-122.57153,38.39425],[-122.57181,38.3942],[-122.57194,38.39417],[-122.57209,38.39411],[-122.57242,38.39397],[-122.57255,38.39394],[-122.57266,38.39392],[-122.57277,38.39391],[-122.57286,38.39392],[-122.57342,38.39402],[-122.57364,38.39405],[-122.57382,38.39408],[-122.57402,38.39411],[-122.57419,38.39413],[-122.5742,38.39408],[-122.57421,38.39405],[-122.5742,38.39399],[-122.57413,38.39391],[-122.57405,38.39382],[-122.57401,38.39378],[-122.57398,38.39367],[-122.57399,38.39353],[-122.57401,38.39324],[-122.57395,38.39308],[-122.57386,38.39289],[-122.57381,38.39263],[-122.57381,38.39253],[-122.57387,38.39237],[-122.57404,38.39223],[-122.57413,38.39216],[-122.57424,38.39209],[-122.57432,38.39201],[-122.5744,38.39196],[-122.57448,38.39192],[-122.57453,38.39189],[-122.57458,38.39185],[-122.57468,38.39177]]]},"properties":{"GEOID":"060971516021019","POP100":10,"HU100":5,"TRACT":"151602"}},{"type":"Feature","geometry":{"type":"Polygon","coordinates":[[[-122.59959,38.40615],[-122.59956,38.40609],[-122.59946,38.406],[-122.59939,38.40595],[-122.59937,38.40594],[-122.59918,38.40645],[-122.599,38.40692],[-122.59915,38.40678],[-122.59959,38.40615]]]},"properties":{"GEOID":"060971516023035","POP100":0,"HU100":0,"TRACT":"151602"}},{"type":"Feature","geometry":{"type":"Polygon","coordinates":[[[-122.59143,38.39835],[-122.59142,38.39771],[-122.59142,38.39737],[-122.59103,38.39719],[-122.5909,38.39715],[-122.59062,38.39707],[-122.58986,38.39682],[-122.58978,38.39677],[-122.58937,38.39632],[-122.58925,38.3962],[-122.58912,38.3961],[-122.58901,38.39602],[-122.58857,38.39582],[-122.58854,38.39579],[-122.58819,38.39566],[-122.58778,38.39557],[-122.58679,38.39525],[-122.58657,38.3952],[-122.58655,38.39518],[-122.5865,38.39516],[-122.58623,38.3951],[-122.58609,38.39508],[-122.58591,38.39501],[-122.58568,38.39491],[-122.58548,38.39477],[-122.58516,38.39443],[-122.58501,38.39434],[-122.58481,38.39424],[-122.58452,38.39416],[-122.58434,38.39412],[-122.58419,38.39406],[-122.58407,38.39403],[-122.58365,38.39393],[-122.58265,38.39378],[-122.58239,38.39371],[-122.5817,38.39359],[-122.58144,38.39357],[-122.58119,38.39357],[-122.58097,38.39359],[-122.58078,38.39361],[-122.58308,38.39463],[-122.59143,38.39835]]]},"properties":{"GEOID":"060971516021011","POP100":0,"HU100":0,"TRACT":"151602"}},{"type":"Feature","geometry":{"type":"Polygon","coordinates":[[[-122.58134,38.43525],[-122.58133,38.43519],[-122.58122,38.43514],[-122.58113,38.4351],[-122.58111,38.4351],[-122.58106,38.43508],[-122.581,38.43506],[-122.58095,38.43504],[-122.58089,38.43502],[-122.58083,38.435],[-122.58077,38.43497],[-122.58071,38.43495],[-122.58064,38.43493],[-122.58058,38.43491],[-122.58052,38.43489],[-122.58046,38.43486],[-122.58043,38.43485],[-122.5804,38.43484],[-122.58035,38.43481],[-122.58029,38.43479],[-122.58023,38.43477],[-122.58018,38.43475],[-122.58013,38.43473],[-122.58008,38.43471],[-122.58002,38.43469],[-122.57997,38.43467],[-122.57992,38.43465],[-122.57987,38.43463],[-122.57977,38.43459],[-122.57968,38.43456],[-122.57962,38.43454],[-122.57954,38.4345],[-122.57931,38.43488],[-122.57923,38.435],[-122.57919,38.43508],[-122.5792,38.43513],[-122.57922,38.43516],[-122.57921,38.43517],[-122.57929,38.43524],[-122.57945,38.43533],[-122.57965,38.43542],[-122.57999,38.43557],[-122.58033,38.43572],[-122.58066,38.43585],[-122.58077,38.43587],[-122.58085,38.43587],[-122.58092,38.43583],[-122.58101,38.43577],[-122.5811,38.43567],[-122.5812,38.43555],[-122.5813,38.43538],[-122.58134,38.43525]]]},"properties":{"GEOID":"060971516012020","POP100":25,"HU100":17,"TRACT":"151601"}},{"type":"Feature","geometry":{"type":"Polygon","coordinates":[[[-122.58145,38.43317],[-122.58139,38.43315],[-122.58133,38.43313],[-122.58127,38.43311],[-122.58121,38.43308],[-122.58115,38.43305],[-122.5811,38.43302],[-122.58104,38.43299],[-122.58099,38.43296],[-122.58093,38.43293],[-122.58088,38.4329],[-122.58083,38.43288],[-122.58078,38.43285],[-122.58069,38.4328],[-122.5806,38.43277],[-122.58057,38.43275],[-122.58048,38.43291],[-122.58037,38.43313],[-122.58029,38.43329],[-122.5802,38.43346],[-122.58014,38.43356],[-122.58008,38.43367],[-122.58,38.43377],[-122.57997,38.43382],[-122.57989,38.43392],[-122.57985,38.43396],[-122.57978,38.43405],[-122.57975,38.43409],[-122.57972,38.43413],[-122.57967,38.43421],[-122.57962,38.43433],[-122.57959,38.43439],[-122.57957,38.43444],[-122.57954,38.4345],[-122.57962,38.43454],[-122.57968,38.43456],[-122.57977,38.43459],[-122.57987,38.43463],[-122.57992,38.43465],[-122.57997,38.43467],[-122.58002,38.43469],[-122.58008,38.43471],[-122.58013,38.43473],[-122.58018,38.43475],[-122.58023,38.43477],[-122.58029,38.43479],[-122.58035,38.43481],[-122.5804,38.43484],[-122.58043,38.43485],[-122.58048,38.43478],[-122.58054,38.4347],[-122.58057,38.43466],[-122.5806,38.43461],[-122.58063,38.43457],[-122.58066,38.43453],[-122.58069,38.43448],[-122.58073,38.43444],[-122.58078,38.43435],[-122.58085,38.43423],[-122.58095,38.43401],[-122.58117,38.43369],[-122.58125,38.43353],[-122.58133,38.4334],[-122.58145,38.43317]]]},"properties":{"GEOID":"060971516012022","POP100":51,"HU100":26,"TRACT":"151601"}},{"type":"Feature","geometry":{"type":"Polygon","coordinates":[[[-122.58263,38.43288],[-122.58263,38.4328],[-122.5826,38.43276],[-122.58255,38.43272],[-122.58249,38.43269],[-122.58243,38.43266],[-122.5823,38.4326],[-122.58223,38.43257],[-122.58216,38.43254],[-122.5821,38.43251],[-122.58203,38.43248],[-122.58195,38.43244],[-122.58188,38.43241],[-122.5818,38.43238],[-122.58173,38.43235],[-122.58166,38.43232],[-122.58159,38.43229],[-122.58152,38.43226],[-122.58144,38.43223],[-122.58138,38.4322],[-122.58131,38.43217],[-122.58125,38.43215],[-122.58119,38.43212],[-122.58109,38.43211],[-122.58106,38.43212],[-122.58099,38.43215],[-122.58095,38.43219],[-122.58092,38.43224],[-122.58088,38.43229],[-122.58084,38.43235],[-122.5808,38.4324],[-122.58076,38.43246],[-122.58073,38.43251],[-122.58069,38.43257],[-122.58065,38.43262],[-122.58062,38.43267],[-122.58057,38.43275],[-122.5806,38.43277],[-122.58069,38.4328],[-122.58078,38.43285],[-122.58083,38.43288],[-122.58088,38.4329],[-122.58093,38.43293],[-122.58099,38.43296],[-122.58104,38.43299],[-122.5811,38.43302],[-122.58115,38.43305],[-122.58121,38.43308],[-122.58127,38.43311],[-122.58133,38.43313],[-122.58139,38.43315],[-122.58145,38.43317],[-122.58151,38.43319],[-122.58157,38.4332],[-122.58164,38.43321],[-122.58177,38.43324],[-122.58184,38.43325],[-122.58191,38.43327],[-122.58202,38.43329],[-122.58212,38.43331],[-122.58218,38.43332],[-122.58225,38.43333],[-122.58229,38.43334],[-122.58232,38.43335],[-122.58234,38.43328],[-122.58237,38.43322],[-122.58241,38.43317],[-122.58245,38.43312],[-122.58253,38.43302],[-122.58257,38.43297],[-122.58263,38.43288]]]},"properties":{"GEOID":"060971516012021","POP100":31,"HU100":15,"TRACT":"151601"}},{"type":"Feature","geometry":{"type":"Polygon","coordinates":[[[-122.58137,38.39505],[-122.58308,38.39463],[-122.58078,38.39361],[-122.58061,38.39363],[-122.57983,38.39366],[-122.57966,38.39362],[-122.57934,38.39352],[-122.57912,38.39343],[-122.57901,38.39341],[-122.57855,38.39334],[-122.57828,38.39343],[-122.57814,38.39344],[-122.57797,38.39342],[-122.57774,38.39333],[-122.57742,38.39321],[-122.57693,38.39309],[-122.57696,38.39336],[-122.57699,38.39593],[-122.56368,38.3957],[-122.56222,38.3957],[-122.56085,38.39552],[-122.55869,38.39548],[-122.55848,38.39547],[-122.55838,38.39564],[-122.55805,38.39562],[-122.55807,38.39596],[-122.55608,38.39594],[-122.5555,38.39595],[-122.55718,38.39879],[-122.55748,38.39929],[-122.55522,38.39921],[-122.55289,38.39912],[-122.55282,38.3994],[-122.55282,38.3995],[-122.55284,38.39972],[-122.55288,38.39986],[-122.55293,38.39996],[-122.55296,38.4001],[-122.55302,38.40025],[-122.55304,38.40034],[-122.55305,38.4004],[-122.55324,38.40075],[-122.55326,38.40074],[-122.55335,38.40073],[-122.55382,38.40077],[-122.55418,38.40082],[-122.55424,38.40084],[-122.55429,38.40087],[-122.5543,38.4009],[-122.55439,38.40119],[-122.5544,38.40129],[-122.5544,38.4014],[-122.55438,38.40158],[-122.55438,38.40163],[-122.5544,38.40169],[-122.55444,38.40178],[-122.55448,38.40183],[-122.5545,38.40185],[-122.55457,38.40189],[-122.55463,38.4019],[-122.55468,38.40191],[-122.55501,38.40189],[-122.55511,38.40187],[-122.55517,38.40184],[-122.55537,38.40175],[-122.55544,38.40172],[-122.55553,38.40169],[-122.55558,38.40168],[-122.55704,38.40143],[-122.5586,38.40115],[-122.55986,38.40094],[-122.5604,38.40086],[-122.56088,38.40077],[-122.56221,38.40055],[-122.56235,38.40054],[-122.56298,38.40058],[-122.56306,38.40059],[-122.5631,38.40061],[-122.56316,38.40065],[-122.56339,38.40092],[-122.56371,38.40125],[-122.56391,38.40144],[-122.56402,38.40153],[-122.56414,38.40158],[-122.56433,38.40162],[-122.56456,38.40167],[-122.56464,38.40169],[-122.56474,38.40172],[-122.56493,38.40174],[-122.56506,38.40175],[-122.56514,38.40174],[-122.56525,38.40173],[-122.56535,38.40171],[-122.56539,38.4017],[-122.56553,38.40165],[-122.56585,38.40151],[-122.56636,38.40132],[-122.56677,38.40117],[-122.56711,38.40106],[-122.56746,38.40093],[-122.56758,38.40088],[-122.56789,38.40074],[-122.56793,38.40072],[-122.56837,38.40053],[-122.56875,38.40037],[-122.56883,38.40033],[-122.56895,38.40029],[-122.56915,38.4002],[-122.56938,38.40011],[-122.56949,38.40006],[-122.56999,38.39984],[-122.5705,38.39964],[-122.57084,38.3995],[-122.57125,38.39935],[-122.57196,38.39905],[-122.57229,38.39891],[-122.57254,38.39877],[-122.57263,38.3986],[-122.57272,38.39843],[-122.57279,38.39827],[-122.57281,38.39818],[-122.57283,38.39815],[-122.57285,38.39812],[-122.57289,38.39808],[-122.57294,38.39803],[-122.57316,38.39791],[-122.57346,38.39766],[-122.57361,38.39758],[-122.57373,38.39752],[-122.57379,38.3975],[-122.57415,38.39747],[-122.57427,38.39745],[-122.57482,38.39731],[-122.57498,38.39729],[-122.57504,38.39727],[-122.57509,38.39726],[-122.57514,38.39722],[-122.57517,38.39719],[-122.57519,38.39715],[-122.5752,38.397],[-122.5752,38.39689],[-122.57521,38.39684],[-122.57524,38.39679],[-122.57529,38.39674],[-122.57535,38.39669],[-122.57546,38.39661],[-122.57562,38.39648],[-122.57594,38.39626],[-122.57602,38.39622],[-122.57618,38.39615],[-122.57635,38.3961],[-122.57644,38.39607],[-122.57655,38.39606],[-122.57661,38.39607],[-122.57666,38.39608],[-122.57691,38.39617],[-122.57704,38.3962],[-122.57751,38.39627],[-122.57763,38.39631],[-122.57775,38.39634],[-122.57799,38.39643],[-122.57808,38.39647],[-122.57818,38.39653],[-122.57829,38.3966],[-122.57839,38.39663],[-122.57854,38.39668],[-122.57871,38.39674],[-122.57908,38.39691],[-122.57926,38.39697],[-122.57937,38.39701],[-122.57954,38.39705],[-122.57976,38.39677],[-122.5798,38.39672],[-122.57988,38.39663],[-122.57997,38.39655],[-122.58012,38.39643],[-122.58029,38.39631],[-122.58047,38.3962],[-122.58053,38.39617],[-122.58057,38.39614],[-122.58059,38.39611],[-122.5806,38.39609],[-122.58062,38.39607],[-122.58063,38.39602],[-122.58066,38.3959],[-122.58067,38.39576],[-122.58069,38.39562],[-122.5807,38.39558],[-122.58075,38.39554],[-122.58078,38.39552],[-122.58114,38.39536],[-122.58117,38.39533],[-122.58119,38.3953],[-122.58126,38.39512],[-122.58129,38.39509],[-122.58132,38.39507],[-122.58137,38.39505]]]},"properties":{"GEOID":"060971516021012","POP100":57,"HU100":33,"TRACT":"151602"}},{"type":"Feature","geometry":{"type":"Polygon","coordinates":[[[-122.5756,38.4436],[-122.57562,38.44356],[-122.57352,38.44307],[-122.57189,38.44274],[-122.57004,38.4464],[-122.57376,38.44795],[-122.57372,38.44787],[-122.57371,38.44782],[-122.57372,38.44771],[-122.57385,38.44727],[-122.57391,38.44697],[-122.57396,38.44684],[-122.57398,38.4468],[-122.57408,38.44663],[-122.57415,38.44653],[-122.57441,38.44614],[-122.5746,38.44582],[-122.57474,38.44552],[-122.57486,38.44522],[-122.57489,38.44513],[-122.57491,38.44507],[-122.57494,38.44496],[-122.57495,38.44494],[-122.57502,38.44476],[-122.57504,38.44465],[-122.57506,38.44456],[-122.57508,38.44444],[-122.57514,38.44439],[-122.57521,38.44435],[-122.57532,38.4443],[-122.57541,38.44415],[-122.57545,38.44406],[-122.57547,38.444],[-122.57553,38.44379],[-122.5756,38.4436]]]},"properties":{"GEOID":"060971516012015","POP100":0,"HU100":0,"TRACT":"151601"}},{"type":"Feature","geometry":{"type":"Polygon","coordinates":[[[-122.60026,38.422],[-122.60017,38.42143],[-122.59989,38.42134],[-122.59956,38.42123],[-122.59935,38.4216],[-122.59859,38.42176],[-122.59835,38.42211],[-122.5979,38.42224],[-122.5979,38.42236],[-122.59788,38.42247],[-122.59781,38.42261],[-122.59778,38.42269],[-122.59776,38.42278],[-122.59774,38.42293],[-122.59775,38.42302],[-122.59777,38.42302],[-122.59843,38.42306],[-122.59869,38.42308],[-122.59877,38.42307],[-122.59884,38.42306],[-122.59895,38.42302],[-122.59904,38.42296],[-122.59909,38.42291],[-122.59923,38.42276],[-122.59935,38.4226],[-122.59965,38.42243],[-122.59973,38.42232],[-122.59983,38.42227],[-122.60003,38.4222],[-122.60016,38.4221],[-122.60026,38.422]]]},"properties":{"GEOID":"060971516023031","POP100":7,"HU100":3,"TRACT":"151602"}},{"type":"Feature","geometry":{"type":"Polygon","coordinates":[[[-122.58714,38.43914],[-122.587,38.4391],[-122.5868,38.43903],[-122.58635,38.43885],[-122.58616,38.43877],[-122.58569,38.43858],[-122.58466,38.43815],[-122.58196,38.43702],[-122.58157,38.43685],[-122.58103,38.43663],[-122.58053,38.43643],[-122.58046,38.4364],[-122.58024,38.43631],[-122.58017,38.43628],[-122.57993,38.43692],[-122.57981,38.43723],[-122.5796,38.43782],[-122.57926,38.43875],[-122.57923,38.43883],[-122.57917,38.43902],[-122.57906,38.43931],[-122.579,38.43947],[-122.57915,38.43951],[-122.57958,38.43963],[-122.57972,38.43967],[-122.58128,38.4401],[-122.58124,38.44022],[-122.58041,38.44235],[-122.57985,38.44381],[-122.57849,38.44352],[-122.57679,38.44315],[-122.57584,38.44295],[-122.57574,38.44324],[-122.5757,38.44337],[-122.57562,38.44356],[-122.5756,38.4436],[-122.57553,38.44379],[-122.57547,38.444],[-122.57545,38.44406],[-122.57541,38.44415],[-122.57532,38.4443],[-122.57521,38.44435],[-122.57514,38.44439],[-122.57508,38.44444],[-122.57506,38.44456],[-122.57504,38.44465],[-122.57502,38.44476],[-122.57495,38.44494],[-122.57494,38.44496],[-122.57491,38.44507],[-122.57489,38.44513],[-122.57486,38.44522],[-122.57474,38.44552],[-122.5746,38.44582],[-122.57441,38.44614],[-122.57415,38.44653],[-122.57408,38.44663],[-122.57398,38.4468],[-122.57396,38.44684],[-122.57391,38.44697],[-122.57385,38.44727],[-122.57372,38.44771],[-122.57371,38.44782],[-122.57372,38.44787],[-122.57376,38.44795],[-122.5738,38.44796],[-122.5738,38.44754],[-122.57464,38.44787],[-122.57466,38.44791],[-122.57466,38.44835],[-122.5795,38.45037],[-122.57962,38.45033],[-122.58167,38.44717],[-122.58335,38.44467],[-122.58388,38.4438],[-122.58423,38.44322],[-122.58473,38.44245],[-122.58502,38.44201],[-122.58613,38.44042],[-122.58677,38.43944],[-122.58699,38.43918],[-122.58714,38.43914]]]},"properties":{"GEOID":"060971516012013","POP100":30,"HU100":2,"TRACT":"151601"}},{"type":"Feature","geometry":{"type":"Polygon","coordinates":[[[-122.57699,38.39593],[-122.57696,38.39336],[-122.57693,38.39309],[-122.57665,38.393],[-122.57656,38.39298],[-122.57608,38.39277],[-122.5759,38.39267],[-122.57485,38.39181],[-122.57467,38.39171],[-122.57468,38.39177],[-122.57458,38.39185],[-122.57453,38.39189],[-122.57448,38.39192],[-122.5744,38.39196],[-122.57432,38.39201],[-122.57424,38.39209],[-122.57413,38.39216],[-122.57404,38.39223],[-122.57387,38.39237],[-122.57381,38.39253],[-122.57381,38.39263],[-122.57386,38.39289],[-122.57395,38.39308],[-122.57401,38.39324],[-122.57399,38.39353],[-122.57398,38.39367],[-122.57401,38.39378],[-122.57405,38.39382],[-122.57413,38.39391],[-122.5742,38.39399],[-122.57421,38.39405],[-122.5742,38.39408],[-122.57419,38.39413],[-122.57402,38.39411],[-122.57382,38.39408],[-122.57364,38.39405],[-122.57342,38.39402],[-122.57286,38.39392],[-122.57277,38.39391],[-122.57266,38.39392],[-122.57255,38.39394],[-122.57242,38.39397],[-122.57209,38.39411],[-122.57194,38.39417],[-122.57181,38.3942],[-122.57153,38.39425],[-122.57139,38.39431],[-122.57115,38.3944],[-122.57102,38.39443],[-122.57094,38.39444],[-122.57043,38.39445],[-122.57032,38.39446],[-122.57026,38.39447],[-122.57009,38.39452],[-122.57005,38.39454],[-122.56998,38.39455],[-122.56988,38.39456],[-122.56981,38.39456],[-122.56907,38.39445],[-122.56857,38.39439],[-122.56819,38.39436],[-122.56794,38.39435],[-122.56747,38.39434],[-122.56721,38.39433],[-122.567,38.39431],[-122.56665,38.39424],[-122.56618,38.39419],[-122.56568,38.39407],[-122.56522,38.39394],[-122.56516,38.39394],[-122.56503,38.39392],[-122.5649,38.39392],[-122.56483,38.39392],[-122.56447,38.39398],[-122.56411,38.39404],[-122.56376,38.39409],[-122.56369,38.39408],[-122.56366,38.39407],[-122.56357,38.39403],[-122.56353,38.39415],[-122.56353,38.39421],[-122.56352,38.39427],[-122.56352,38.39435],[-122.56352,38.39444],[-122.56353,38.39452],[-122.56355,38.39461],[-122.5636,38.39475],[-122.56362,38.3948],[-122.56364,38.39485],[-122.56365,38.3949],[-122.56366,38.39495],[-122.56366,38.39503],[-122.56363,38.3951],[-122.56364,38.39512],[-122.56365,38.39514],[-122.56365,38.39516],[-122.56366,38.39529],[-122.56368,38.3957],[-122.57699,38.39593]]]},"properties":{"GEOID":"060971516021020","POP100":15,"HU100":3,"TRACT":"151602"}},{"type":"Feature","geometry":{"type":"Polygon","coordinates":[[[-122.59283,38.43603],[-122.59282,38.43593],[-122.59279,38.43583],[-122.59277,38.43581],[-122.59273,38.43575],[-122.59271,38.43574],[-122.59265,38.43571],[-122.59257,38.43568],[-122.59251,38.43567],[-122.59206,38.43568],[-122.59199,38.43567],[-122.59166,38.43562],[-122.59133,38.43557],[-122.5913,38.43556],[-122.59123,38.43554],[-122.59113,38.4355],[-122.59104,38.43549],[-122.591,38.4355],[-122.59095,38.43552],[-122.59092,38.43554],[-122.59064,38.43589],[-122.59052,38.43604],[-122.59041,38.43618],[-122.59038,38.43624],[-122.59035,38.43634],[-122.59035,38.43648],[-122.59037,38.43657],[-122.59038,38.43669],[-122.59039,38.43676],[-122.59045,38.43676],[-122.59058,38.43677],[-122.59062,38.43678],[-122.59073,38.4368],[-122.59082,38.43683],[-122.59096,38.43689],[-122.59098,38.43691],[-122.59105,38.43695],[-122.59111,38.43697],[-122.59117,38.43698],[-122.59125,38.43694],[-122.59128,38.43692],[-122.59132,38.43689],[-122.59137,38.43682],[-122.59144,38.43675],[-122.59149,38.43669],[-122.59165,38.43655],[-122.59177,38.43645],[-122.59186,38.43641],[-122.59196,38.43637],[-122.59204,38.43633],[-122.59214,38.4363],[-122.59223,38.43627],[-122.59234,38.43623],[-122.59257,38.43617],[-122.59273,38.43613],[-122.59275,38.43612],[-122.5928,38.43609],[-122.59282,38.43607],[-122.59283,38.43603]]]},"properties":{"GEOID":"060971516013006","POP100":32,"HU100":21,"TRACT":"151601"}},{"type":"Feature","geometry":{"type":"Polygon","coordinates":[[[-122.58749,38.434],[-122.58736,38.43385],[-122.58718,38.43364],[-122.58717,38.43362],[-122.58686,38.4332],[-122.58651,38.43271],[-122.58635,38.43249],[-122.58617,38.4323],[-122.586,38.43219],[-122.58584,38.43239],[-122.58582,38.43241],[-122.58575,38.43252],[-122.58572,38.43258],[-122.58571,38.43263],[-122.58569,38.4327],[-122.58569,38.43282],[-122.5857,38.4329],[-122.58574,38.433],[-122.58578,38.43308],[-122.58585,38.43317],[-122.58593,38.43329],[-122.58608,38.4335],[-122.58639,38.43393],[-122.58645,38.43401],[-122.58655,38.43414],[-122.58658,38.43417],[-122.5867,38.43436],[-122.58686,38.43429],[-122.58734,38.43407],[-122.58749,38.434]]]},"properties":{"GEOID":"060971516013013","POP100":32,"HU100":18,"TRACT":"151601"}},{"type":"Feature","geometry":{"type":"Polygon","coordinates":[[[-122.599,38.40692],[-122.59889,38.40703],[-122.5986,38.40732],[-122.59837,38.40759],[-122.59792,38.40797],[-122.59728,38.40826],[-122.59697,38.40836],[-122.59674,38.40847],[-122.59667,38.40852],[-122.59664,38.40857],[-122.59663,38.40865],[-122.59667,38.40878],[-122.59667,38.40883],[-122.59663,38.40889],[-122.59654,38.40898],[-122.59649,38.40904],[-122.59649,38.40912],[-122.59651,38.40921],[-122.59654,38.4093],[-122.59664,38.40943],[-122.59676,38.40961],[-122.59686,38.40968],[-122.597,38.40976],[-122.59707,38.40984],[-122.59715,38.40994],[-122.59725,38.41006],[-122.5974,38.41018],[-122.59751,38.41026],[-122.59783,38.40947],[-122.59754,38.40932],[-122.5974,38.40923],[-122.59728,38.40914],[-122.59715,38.40903],[-122.59686,38.40866],[-122.59688,38.40861],[-122.59698,38.40853],[-122.59757,38.40826],[-122.59799,38.40802],[-122.59837,38.40781],[-122.59854,38.40769],[-122.5986,38.40764],[-122.59862,38.40763],[-122.59874,38.40752],[-122.59876,38.4075],[-122.59881,38.40744],[-122.599,38.40692]]]},"properties":{"GEOID":"060971516021004","POP100":0,"HU100":0,"TRACT":"151602"}},{"type":"Feature","geometry":{"type":"Polygon","coordinates":[[[-122.57845,38.40638],[-122.57846,38.40633],[-122.57845,38.40629],[-122.5784,38.40623],[-122.57837,38.40618],[-122.57836,38.40612],[-122.57835,38.40607],[-122.57835,38.40602],[-122.57836,38.40594],[-122.57836,38.40585],[-122.57833,38.40576],[-122.57821,38.40556],[-122.57812,38.40543],[-122.578,38.40529],[-122.57796,38.40523],[-122.57794,38.40516],[-122.57793,38.40509],[-122.57792,38.40505],[-122.57792,38.405],[-122.57787,38.40481],[-122.57782,38.40466],[-122.57777,38.40449],[-122.57772,38.40423],[-122.57769,38.40397],[-122.57769,38.40379],[-122.57769,38.4037],[-122.57767,38.40338],[-122.57767,38.40327],[-122.57773,38.40325],[-122.57777,38.40323],[-122.57781,38.40318],[-122.57782,38.40315],[-122.57785,38.40305],[-122.57797,38.40278],[-122.578,38.40265],[-122.57804,38.40258],[-122.57809,38.40252],[-122.57813,38.40249],[-122.57826,38.40234],[-122.57828,38.4023],[-122.57829,38.40223],[-122.57827,38.40217],[-122.57824,38.40211],[-122.57819,38.40206],[-122.57813,38.40202],[-122.57809,38.40199],[-122.57799,38.40195],[-122.57781,38.40187],[-122.57768,38.40184],[-122.57751,38.4018],[-122.5774,38.40176],[-122.57737,38.40174],[-122.57731,38.4017],[-122.57725,38.40166],[-122.57702,38.40142],[-122.57696,38.40137],[-122.57688,38.40133],[-122.57665,38.40125],[-122.57642,38.40119],[-122.57616,38.40112],[-122.57543,38.40099],[-122.57493,38.40088],[-122.57475,38.40082],[-122.57423,38.40065],[-122.57393,38.40057],[-122.57347,38.40044],[-122.57257,38.40021],[-122.57173,38.39986],[-122.57158,38.39979],[-122.57084,38.3995],[-122.5705,38.39964],[-122.56999,38.39984],[-122.56949,38.40006],[-122.56938,38.40011],[-122.56915,38.4002],[-122.56946,38.40053],[-122.56979,38.40089],[-122.57038,38.40153],[-122.57063,38.40179],[-122.57069,38.40186],[-122.57122,38.40244],[-122.57154,38.40277],[-122.57174,38.403],[-122.57181,38.40311],[-122.57187,38.40321],[-122.57189,38.40326],[-122.57192,38.40332],[-122.57193,38.40334],[-122.57194,38.40337],[-122.5723,38.40423],[-122.57236,38.40439],[-122.57239,38.40446],[-122.57248,38.40466],[-122.57261,38.40507],[-122.57264,38.40521],[-122.57264,38.40523],[-122.57266,38.40539],[-122.57266,38.40584],[-122.57265,38.40612],[-122.57265,38.40644],[-122.57266,38.40651],[-122.57269,38.40666],[-122.57272,38.40677],[-122.57294,38.40737],[-122.57308,38.40778],[-122.57314,38.40804],[-122.57315,38.40812],[-122.57318,38.40839],[-122.5732,38.40876],[-122.57321,38.40888],[-122.5732,38.40904],[-122.57323,38.40919],[-122.57334,38.40964],[-122.57337,38.4096],[-122.57339,38.40953],[-122.57339,38.40951],[-122.57335,38.40908],[-122.57337,38.40892],[-122.57339,38.40882],[-122.57345,38.40868],[-122.57351,38.40855],[-122.57354,38.40849],[-122.57361,38.40842],[-122.57367,38.40837],[-122.57373,38.40834],[-122.57383,38.4083],[-122.57388,38.40829],[-122.57425,38.40824],[-122.57433,38.40824],[-122.57446,38.40828],[-122.57452,38.40828],[-122.57454,38.40828],[-122.57459,38.40826],[-122.57462,38.40824],[-122.5747,38.40815],[-122.57475,38.40811],[-122.57484,38.40806],[-122.57491,38.40803],[-122.57498,38.40802],[-122.57505,38.40802],[-122.5751,38.40803],[-122.57517,38.40806],[-122.57521,38.40809],[-122.57531,38.40822],[-122.57535,38.40825],[-122.57539,38.40827],[-122.57546,38.40828],[-122.57551,38.40828],[-122.57556,38.40827],[-122.57563,38.40824],[-122.57566,38.40821],[-122.57576,38.40806],[-122.57582,38.40795],[-122.57588,38.40782],[-122.57592,38.40777],[-122.57593,38.40775],[-122.57597,38.40772],[-122.57603,38.40767],[-122.57609,38.40764],[-122.57617,38.40761],[-122.5762,38.4076],[-122.57653,38.40756],[-122.57682,38.40754],[-122.5769,38.40754],[-122.57702,38.40756],[-122.57736,38.40769],[-122.57743,38.40771],[-122.57748,38.4077],[-122.57755,38.40768],[-122.57759,38.40766],[-122.57765,38.40761],[-122.57774,38.40756],[-122.57797,38.40749],[-122.57813,38.40745],[-122.57821,38.40744],[-122.57827,38.40741],[-122.57832,38.40738],[-122.57835,38.40735],[-122.57844,38.40715],[-122.57843,38.40709],[-122.57841,38.40704],[-122.57829,38.40696],[-122.57818,38.4069],[-122.57813,38.40685],[-122.57809,38.4068],[-122.57808,38.40677],[-122.57808,38.40671],[-122.5781,38.40667],[-122.57813,38.40663],[-122.57816,38.4066],[-122.5782,38.40658],[-122.57829,38.40653],[-122.57838,38.40647],[-122.5784,38.40646],[-122.57844,38.40642],[-122.57845,38.40638]]]},"properties":{"GEOID":"060971516021003","POP100":25,"HU100":16,"TRACT":"151602"}},{"type":"Feature","geometry":{"type":"Polygon","coordinates":[[[-122.60949,38.4385],[-122.60949,38.43844],[-122.60948,38.43834],[-122.60945,38.43825],[-122.60941,38.43813],[-122.60935,38.43803],[-122.60932,38.43799],[-122.60895,38.43757],[-122.60865,38.43721],[-122.60849,38.43706],[-122.60835,38.43693],[-122.60801,38.43669],[-122.60796,38.43664],[-122.60781,38.43645],[-122.60772,38.43632],[-122.6076,38.43615],[-122.60749,38.43603],[-122.60735,38.4359],[-122.6073,38.43585],[-122.60718,38.43575],[-122.60708,38.4357],[-122.60686,38.43554],[-122.60677,38.43547],[-122.60676,38.43546],[-122.60674,38.43544],[-122.60658,38.43524],[-122.6065,38.4351],[-122.60644,38.43496],[-122.60642,38.4349],[-122.60619,38.43437],[-122.60611,38.43414],[-122.60607,38.43397],[-122.60605,38.43376],[-122.60601,38.43352],[-122.60594,38.43337],[-122.60588,38.43329],[-122.60577,38.43318],[-122.60568,38.43311],[-122.60545,38.43298],[-122.60539,38.43295],[-122.60517,38.43282],[-122.60509,38.43276],[-122.60474,38.43242],[-122.6047,38.43239],[-122.60462,38.43233],[-122.60449,38.43226],[-122.60421,38.43214],[-122.604,38.43206],[-122.60382,38.43201],[-122.60351,38.43195],[-122.60336,38.43191],[-122.60322,38.43186],[-122.60301,38.43176],[-122.60294,38.43173],[-122.6028,38.43168],[-122.60268,38.43163],[-122.60251,38.43155],[-122.60236,38.43144],[-122.60222,38.43133],[-122.6021,38.4312],[-122.602,38.43105],[-122.60198,38.43101],[-122.60189,38.43094],[-122.60171,38.43075],[-122.60156,38.43057],[-122.60134,38.43033],[-122.60127,38.43024],[-122.60116,38.43007],[-122.60108,38.4298],[-122.60104,38.4297],[-122.60086,38.42935],[-122.60082,38.42924],[-122.6008,38.42911],[-122.60081,38.42902],[-122.60082,38.42897],[-122.60082,38.42883],[-122.60078,38.42872],[-122.60075,38.42866],[-122.60069,38.42861],[-122.60067,38.42859],[-122.60039,38.42837],[-122.60022,38.42825],[-122.59997,38.42805],[-122.59988,38.42796],[-122.59984,38.42786],[-122.59981,38.42773],[-122.59981,38.42765],[-122.59981,38.42759],[-122.59979,38.42711],[-122.5998,38.42702],[-122.59978,38.42695],[-122.59978,38.4268],[-122.59975,38.42664],[-122.59969,38.42645],[-122.59965,38.42637],[-122.59961,38.42631],[-122.59955,38.42624],[-122.59942,38.42597],[-122.59939,38.42592],[-122.59922,38.42566],[-122.59915,38.42556],[-122.59899,38.42538],[-122.59883,38.42517],[-122.59863,38.42486],[-122.59844,38.4246],[-122.59825,38.42436],[-122.59802,38.4241],[-122.59793,38.42403],[-122.59784,38.42395],[-122.59771,38.42386],[-122.59768,38.42384],[-122.59759,38.42379],[-122.59748,38.42374],[-122.59738,38.4237],[-122.59726,38.42358],[-122.59719,38.42377],[-122.59707,38.42394],[-122.59691,38.4243],[-122.59689,38.42442],[-122.59702,38.42466],[-122.59639,38.42538],[-122.59471,38.4279],[-122.59396,38.42887],[-122.59402,38.429],[-122.59403,38.42904],[-122.59407,38.42917],[-122.59409,38.42926],[-122.59409,38.42931],[-122.59409,38.42934],[-122.59408,38.42942],[-122.59405,38.42953],[-122.59403,38.42958],[-122.59401,38.4296],[-122.59398,38.42965],[-122.59396,38.42967],[-122.59389,38.42976],[-122.59387,38.42977],[-122.5938,38.42983],[-122.59367,38.42993],[-122.59359,38.42999],[-122.59352,38.43005],[-122.59342,38.43012],[-122.59332,38.43018],[-122.59327,38.43022],[-122.59315,38.43027],[-122.59302,38.43029],[-122.59294,38.4303],[-122.59264,38.43073],[-122.59221,38.43133],[-122.59226,38.43138],[-122.59232,38.43141],[-122.59248,38.43147],[-122.59249,38.43148],[-122.59254,38.43149],[-122.59281,38.43159],[-122.59299,38.43164],[-122.59302,38.43165],[-122.59318,38.43171],[-122.59334,38.43176],[-122.59349,38.43182],[-122.59351,38.43183],[-122.59368,38.43191],[-122.59372,38.43192],[-122.5938,38.43196],[-122.59383,38.43197],[-122.59387,38.43198],[-122.59411,38.43207],[-122.59415,38.43209],[-122.59442,38.43215],[-122.59475,38.4322],[-122.59484,38.43222],[-122.59485,38.43223],[-122.59491,38.43227],[-122.59496,38.43232],[-122.59502,38.43241],[-122.59494,38.43246],[-122.5947,38.43259],[-122.59462,38.43264],[-122.59456,38.43267],[-122.5944,38.43275],[-122.59435,38.43278],[-122.59442,38.43287],[-122.59449,38.43297],[-122.5945,38.43299],[-122.59459,38.43318],[-122.59476,38.4336],[-122.59478,38.43364],[-122.59486,38.43381],[-122.59503,38.43376],[-122.59513,38.43373],[-122.59516,38.43372],[-122.59525,38.43369],[-122.59534,38.43367],[-122.59554,38.43364],[-122.59567,38.43364],[-122.59579,38.43365],[-122.59588,38.43367],[-122.59596,38.4337],[-122.59603,38.43373],[-122.59622,38.43382],[-122.59636,38.4339],[-122.59648,38.43395],[-122.59665,38.43404],[-122.59678,38.4341],[-122.59683,38.43413],[-122.59688,38.43416],[-122.59693,38.43421],[-122.59696,38.43425],[-122.59698,38.4343],[-122.597,38.43437],[-122.597,38.43445],[-122.59697,38.43458],[-122.59696,38.43463],[-122.59685,38.43485],[-122.59698,38.43489],[-122.59723,38.43496],[-122.59737,38.43501],[-122.5975,38.43505],[-122.5977,38.43511],[-122.5978,38.43514],[-122.59819,38.43527],[-122.59829,38.43531],[-122.59847,38.43539],[-122.59852,38.43533],[-122.59856,38.43528],[-122.5987,38.43512],[-122.59882,38.43497],[-122.59884,38.43494],[-122.59889,38.43488],[-122.59892,38.43482],[-122.59904,38.43486],[-122.59908,38.43487],[-122.59954,38.43504],[-122.59957,38.43505],[-122.59969,38.43511],[-122.59973,38.43513],[-122.59977,38.43516],[-122.59985,38.43524],[-122.59993,38.43535],[-122.59995,38.43538],[-122.60005,38.43557],[-122.60025,38.4359],[-122.60034,38.43607],[-122.60036,38.43613],[-122.60038,38.43618],[-122.60038,38.4363],[-122.60037,38.43636],[-122.60036,38.4364],[-122.60032,38.43649],[-122.6003,38.43659],[-122.6003,38.43667],[-122.60032,38.43676],[-122.60033,38.43682],[-122.60034,38.43688],[-122.60033,38.43697],[-122.60031,38.437],[-122.6003,38.43702],[-122.60027,38.43706],[-122.6002,38.43711],[-122.60011,38.43714],[-122.59998,38.43717],[-122.59989,38.43717],[-122.59977,38.43719],[-122.59965,38.4372],[-122.59941,38.43723],[-122.59945,38.43745],[-122.59951,38.43762],[-122.59954,38.43769],[-122.59955,38.43772],[-122.59958,38.43778],[-122.59962,38.43783],[-122.59964,38.43787],[-122.59968,38.43792],[-122.59976,38.43802],[-122.59987,38.43814],[-122.60002,38.43826],[-122.60012,38.43833],[-122.60024,38.43839],[-122.60066,38.43857],[-122.60112,38.43874],[-122.60135,38.43883],[-122.60206,38.43909],[-122.60218,38.43914],[-122.60229,38.43919],[-122.60234,38.43921],[-122.60248,38.4393],[-122.60256,38.43937],[-122.60272,38.43951],[-122.60289,38.43938],[-122.60307,38.43926],[-122.60325,38.43926],[-122.60346,38.43933],[-122.60393,38.4395],[-122.6044,38.43967],[-122.6048,38.43982],[-122.60599,38.44027],[-122.60607,38.44041],[-122.60607,38.44062],[-122.60619,38.44061],[-122.60629,38.44059],[-122.60638,38.44056],[-122.60651,38.44051],[-122.60658,38.44047],[-122.60665,38.44042],[-122.60668,38.44039],[-122.60682,38.44025],[-122.60689,38.4402],[-122.60697,38.44015],[-122.6071,38.44009],[-122.60727,38.44003],[-122.60742,38.43999],[-122.60753,38.43997],[-122.60755,38.43996],[-122.60795,38.43988],[-122.60809,38.43984],[-122.60825,38.43978],[-122.60837,38.43973],[-122.60852,38.43963],[-122.60863,38.43956],[-122.60901,38.43922],[-122.60921,38.43904],[-122.60928,38.43896],[-122.60935,38.43888],[-122.6094,38.43879],[-122.60945,38.4387],[-122.60948,38.43858],[-122.60949,38.4385]]]},"properties":{"GEOID":"060971516023021","POP100":382,"HU100":261,"TRACT":"151602"}},{"type":"Feature","geometry":{"type":"Polygon","coordinates":[[[-122.59409,38.42934],[-122.59409,38.42931],[-122.59409,38.42926],[-122.59407,38.42917],[-122.59403,38.42904],[-122.59402,38.429],[-122.59396,38.42887],[-122.59294,38.4303],[-122.59302,38.43029],[-122.59315,38.43027],[-122.59327,38.43022],[-122.59332,38.43018],[-122.59342,38.43012],[-122.59352,38.43005],[-122.59359,38.42999],[-122.59367,38.42993],[-122.5938,38.42983],[-122.59387,38.42977],[-122.59389,38.42976],[-122.59396,38.42967],[-122.59398,38.42965],[-122.59401,38.4296],[-122.59403,38.42958],[-122.59405,38.42953],[-122.59408,38.42942],[-122.59409,38.42934]]]},"properties":{"GEOID":"060971516023023","POP100":11,"HU100":1,"TRACT":"151602"}}]}